223,有学者认为自商周到秦朝先后出现了三种中央与地方关系的模式下列图示表述正确的是
1062,生活在秦朝的一位盐商要到外地购进一批食盐这位商人携带的货币应该是
3200,苏美尔人用削尖的芦苇把字刻在湿润的泥板上干燥后笔画形似楔子这种文字起源于
3325,秦统一后某商人要到沿海收购产品他应该携带的货币是
3337,四川汶川地震造成直接经济损失8541亿元为应对艰巨的灾后重建任务我国申请获得国际贷款7.1亿美元下列机构最有可能给中国提供贷款的是
4022,连线题：新航路开辟是在诸多原因的作用下出现的请将新航路开辟的原因与其对应的角度进行连线
4057,连线题：将新时期党的重大会议与决议连线
4070,连线题：将辛亥革命爆发的历史条件与其相应角度进行连线1、民族危机5、资产阶级革命团体出现并建立政党、发动武装起义2、统治危机6、民主革命思想广泛传播3、阶级基础7、清政府实行“新政”和预备立宪破产4、思想基础8、《辛丑条约》签订后列强对中国加紧控制和掠夺
4345,连线题：将新时期党的重大会议与决议连线
4463,连线题：将新时期党的重大会议与决议连线
4816,连线题：将马克思主义诞生的背景与其相应角度连线社会问题工人生活贫困阶级觉醒登上历史舞台阶级基础马克思、恩格斯研究资本主义制度、参加工人运动思想基础工业革命后资本主义迅速发展社会弊端日益暴露实践基础空想社会主义思潮等成果
5011,20世纪下半叶出现了以美苏对峙为标志的长达40多年的“冷战”局面双方在经济、军事、政治方面展开对抗形成两极对峙国际格局某历史小组开展了主题为“两级对峙格局对世界的影响”学习搜集了以上图片资料请你将这些图片与观点建立正确的联系
5019,连线题：新航路开辟是在诸多原因的作用下出现的请将新航路开辟的原因与其对应的角度进行连线
5210,连线题：将新时期党的重大会议与决议连线十一届三中全会经济改革的目标是建立社会主义市场经济体制党的十四大拨乱反正、改革开放党的十五大肯定非公有制经济是社会主义经济的重要组成部分
5287,对于宋明理学你最感兴趣或最感困惑的是什么
5431,连线题：科学社会主义是马克思批判地继承历史文化成果后创立的请将马克思主义的理论来源与其相应成果进行连线英国古典政治经济学马克思主义哲学英法空想社会主义马克思主义政治经济学德意志古典哲学科学社会主义
5510,1516世纪西欧人为什么要开辟新航路？最早开辟新航路的国家有哪些？新航路开辟有什么影响
5543,连线题：科学社会主义是马克思批判地继承历史文化成果后创立的请将马克思主义的理论来源与其相应成果进行连线英国古典政治经济学马克思主义哲学英法空想社会主义马克思主义政治经济学德意志古典哲学科学社会主义
5561,连线题：将马克思主义诞生的背景与其相应角度连线社会问题工人生活贫困阶级觉醒登上历史舞台阶级基础马克思、恩格斯研究资本主义制度、参加工人运动思想基础工业革命后资本主义迅速发展社会弊端日益暴露实践基础空想社会主义思潮等成果
5587,连线题：将马克思主义诞生的背景与其相应角度连线社会问题工人生活贫困阶级觉醒登上历史舞台阶级基础马克思、恩格斯研究资本主义制度、参加工人运动思想基础工业革命后资本主义迅速发展社会弊端日益暴露实践基础空想社会主义思潮等成果
5664,连线题：将马克思主义诞生的背景与其相应角度连线社会问题工人生活贫困阶级觉醒登上历史舞台阶级基础马克思、恩格斯研究资本主义制度、参加工人运动思想基础工业革命后资本主义迅速发展社会弊端日益暴露实践基础空想社会主义思潮等成果
5706,材料一：瓦中多有货药、卖卦、饮食、剃剪纸、画令曲之类终日居此不觉抵暮（1）材料中的瓦市是什么场所？当时瓦市出现的原因是什么？材料二：爆竹声中一岁除春风送暖如屠苏千门万户曈曈日总把新桃换旧符（2）这首诗描写了哪个节日欢乐气氛当时被称为什么？这个节日开始于哪个朝代？（3）今天人们在欢度这一节日时仍然保留着哪些风俗习惯
5951,材料一：佃户因为没有认真耕种领主的田地被罚款6便士；佃户的家畜误入领主的园子被罚款6便士；只要领主的磨坊能够磨面粉就不得到庄园以外磨面粉违者罚款20先令13世纪的庄园法庭记录材料二：无权享用公共牧场但仍在牧场内放牧的人侵犯了全体村民的权益判令他们从牧场牵走他们的牲畜从此不得占用牧场违者还要罚款；不按规定价格卖酒也要被罚款庄园法庭档案请回答（1）材料一中的佃户为什么受罚？（2）材料二在“放牧的人”“不按规定价格卖酒的人为什么受罚”？（3）综上所述谈谈你对庄园法庭作用的认识
5953,连线题：将马克思主义诞生的背景与其相应角度连线社会问题工人生活贫困阶级觉醒登上历史舞台阶级基础马克思、恩格斯研究资本主义制度、参加工人运动思想基础工业革命后资本主义迅速发展社会弊端日益暴露实践基础空想社会主义思潮等成果
