学生上课注意力不集中怎么办？,增加师生和生生互动，比如可以在课堂上设计一些小游戏，吸引孩子的注意力，或者通过提问问题把他的注意力转回课堂。
我该开展哪些班级特色活动，让孩子感受到班级的温暖？,可以举办一些类似读书、朗诵活动。
暑假回来上课孩子精力不集中怎么办？,用一两节课和孩子们一起回顾有趣的假期生活，尤其是分享他们收获颇多、印象深刻、感悟独特的生活，适当的话让他们用笔写下来。另外在设计这种课堂时候，就做好铺垫，埋下伏笔，开启新学期新课程！
怎样提高学生上课注意力,老师可以让学生参与互动。
开展班级活动需要注意那些调动学生积极性的点,需要同时兼具育人和孩子的喜好。
班主任班级管理应如何发挥班干部的作用？,首先要选择有一定管理能力的孩子，信任他，帮助孩子在班里树立威信。
学生不想上学，出现了厌学的状态怎么办？,转移视线，因势利导，培养兴趣爱好为重点。
如何不让孩子们在百度作业帮上查答案？,和孩子约定查的题的比例、题的难度，适当的话，可以奖励。
学生沉迷游戏怎么办？,老师可以用其他健康的兴趣来引导，比如读书，运动。
如何安抚考生成绩不理想？,孩子考试差的原因不一样，不能一概而论，如果是一直都考不好，可能是自我效能感差，这时候应该是鼓励为主，并且联合家长共同鼓励和指导很有必要，和家长制定一个合理的比较容易实现的目标，让家长和孩子约定，慢慢进步，每次进步一定夸孩子努力进步，重拾孩子这方面的自信。如果是偶尔考的不好，就可能要看是不是人际交往，情绪哪方面出了问题，知道具体问题才能具体指导。
怎么让孩子喜欢哲学？,可以播放一些关于本学科课程的教学视频。
学生上课爱睡觉怎么办？,学术爱睡觉需要仔细寻找原因，家校配合解决。另外可以设置特殊座位或者站着听课和坐着听课交替进行。
课堂上怎样做才能提高课堂学习效果？,提高学习效率，课前预习还是很重要，提供一些导学案。
怎么让孩子主动学习？,应该给孩子准备他本身感兴趣的书籍，养成良好的习惯，从兴趣出发！
怎样才能教好一年级的拼音，尤其是带调拼读音节。班里的学生看着声调读出来的确实另一个调。,老师领读，读的好的学生领读。领读做到位，孩子会模仿读音。
对于每个孩子的闪光点，怎样因势导利？,一、让闪光点更亮眼。如他的字写得漂亮，就鼓励他更加努力地练习，班上或学校有写字比赛让他参加，如能获奖，对他将是很好的激励。        二、用闪光点带动薄弱方面。和他交流，肯定闪光点，探讨闪光点的成因，用闪光点点亮薄弱环节。
学生不爱写作业该怎么办？,老师需要弄清不爱写作业的原因，是懒惰？还是写的慢？还是题目不会？对症下药。题目不明白，教师耐心讲，写的慢就激励鼓舞。
对于学生的作业检查，委托组长检查效果不佳，那老师该怎么检查呢？,小组合作检查，批改作业:先了解学生基本情况，分成桌位 合作小组，一个优等生，二个中等生，一个后进生，优等生是组长，负责抓好学习。
学生课堂注意力不集中怎么办？,好的学习方法可以透过课后复习与课前温习，课前已经具备相当知识的基础，上课中自然能够能懂课堂内容。上课时自然可以注意力集中。兴趣是最好的老师，让课堂内容充实起来，让孩子感兴趣。注意力自然而然就感兴趣了。
课堂上学生对我讲述的内容提出了质疑，并当场跟我辩论，让我很下不来台，我该如何应对？,张群智老师解答：积极应对质疑，鼓励学生思辨一.鼓励学生在思辨中成长建议您给孩子写一封信，可以表达以下类似的言语。亲爱的孩子，当你对我的观点表示质疑的时候，我知道你开始用自己的头脑来思考世界了，不会随意盲从别人。这个世界没有人是绝对的权威，尤其在知识面前，我为你鼓掌。人们会在思辨中成长，那是一种思想和精神的成长。辩论使得事情得到分别，使得事情更清晰和澄澈。所以，我欢迎你来和我辩论，如果有充分的时间和更好的场合，我们还可以辩论更久，使得问题更加透彻。我欢迎你的辩论，我们还可以把某些值得辩论的问题梳理出来，开个班级辩论赛。我希望那个时候，你的辩论是有充分的依据来支撑，你的思维就像一条奔跑的长风，无比的灵活，但在拐角的地方，会戛然而止。也许你会发现，经过辩论，或许我们自己的思考也亟待完善和发展。二．积极应对质疑，与学生共同成长1.作为教师，需要擅于应对质疑，教师的职业要求具备一个强大的技能，就是反应灵活；具备一个核心的素养，就是善于调控自己的情绪和转化氛围。2.一个学生突然和我争辩，说明他很在乎我的观点和反应。3.如果我能以理服人，那是令我和对方都很开心的事情。我要学习如何去表达明白，增强我的思维灵活性。４.遇到善于挑战老师的学生都是老师成长的契机，我很珍惜这个契机。５.我要经常走入学生中，了解他们的所思所想，思考我如何更好地在精神上引领他们成长。同时，我也能从他们身上学习到更多的东西。６.陪伴孩子成长是幸福的，因为他们不是一堆木偶，他们有思想、有思考，有时候促使我无法倦怠，当我不断应对一切的时候，我发现自己会变得更加聪慧和博大。我喜欢与学生产生思想的碰撞，并愿意迎接它的到来。
孩子上课好动，该怎么办?,先了解什么原因好动，是多动症，还是叛逆不听话，具体问题需要具体对待解决。
小学生的美术课，有更好的评价方式吗？调动学生的积极性，我想看到学生们对美术课的热情！,首先我觉得小学还得分阶段适当评价，1-3年级可以用老师的小作品奖励，例如剪纸（与时俱进，学生喜爱）等，4-6年级我认为可用艺术表现力更强的作品，或者学生画展（小中大规模），还要了解学生一段时期最感兴趣最流行的话题，比如王者荣耀，比如教师画的英雄人物，可进行奖励。总结：抓住学生的兴趣，进行有效奖励。解决方案：请这位老师思考，如何因材施教吧
学生上课接话严重，怎么办？,这是一个习惯的问题。你要说明自己对他们的要求，做的好的予以鼓励，做不好的对他严厉批评。
如何面对学生不按时完成作业的问题？,首先分析不完成的原因方法：1 询问学生真实原因         2 与家长沟通了解         3 教师主观预测我的预测：1 不想 懒2 不会 学困3 忘记 习惯差解决方案：请这位老师思考，如何因材施教吧
在平时的教学中怎么培养孩子阅读习惯？,我们采用过师生共读的形式，大概用一个月的时间老师和学生共同读一本书。可以花2周左右时间初读，积累好词好句，用概念图绘制内容结构；再花3周左右进行个性化品读，学生形成自己的观点，提出困惑； 第三步是用1-2周时间进行群体研读，开展读书交流会、辩论会等形式；最后反思回读，可以让学生以多种形式展现阅读成果。这样可以训练学生的阅读习惯和方法。
学生不交作业怎么办？,这种情况是普遍存在的问题，学生不做作业，学习就跟不上。对于这个问题，应该采取个别谈话和家访的方法，了解学生的难处，一同解决困难，进行分类作业，会有效果。
怎么做才能做到学生心里最好的老师？,只要你用功，为学生好他们自然会喜欢你的！
如何给低段孩子开展阅读教学？,我刚从低段上来，我给学生们准备的是绘本。我采取的方式是用教育戏剧来讲解绘本，激发学生学习的兴趣，然后运用绘本奖励法，课堂上完成自己任务的同学就可以奖励绘本进行阅读，再次提升阅读的兴趣。最后指导学生尝试进行绘本创作，还是很有效果的。
面对形形色色的问题学生，该如何转化教育？,俗话说：“人上一百，形形色色，林子大了，什么鸟都有”。班级里也是一样，几十个学生成绩上有优秀的、有后进的；个性上有听话的、也有调皮的。前类学生不用老师操劳，而后者却让老师们伤透脑筋，费尽心思。调皮的学生一般都 学习成绩 不是很好，对学习不感兴趣，上课不光自己不认真听讲还经常影响其他的同学，违规违纪总少不了他们的份，真有那种“一颗耗子是打破一锅汤”现象。但是，作为教师，不可能任其发展，更不可能放弃他们。如何管理好教育好这些调皮生，我们可以尝试以下一些做法。1.多沟通；2.多理解；3.多表扬；
如何对学生的数学思维能力进行培养？,针对不同的孩子，用不同的方法。
对于每个孩子的闪光点，如何因势导利？,每个孩子都想做老师眼中优秀的孩子，擅于发现孩子的特点和长处，增强他们的优势。作为老师，要随时发现孩子的长处，优点，并且要及时表扬，培养孩子的自信。孩子一有闪光点，及时发现及时表扬，（学习也好纪律也好劳动也好）久而久之孩子做事就会很有信心，做事有兴趣，还会有好的办法解决问题。一句话，兴趣才是孩子最好的老师。所以我们要好好培养孩子自信心，兴趣。
请问在参赛课上有个环节是辩论会，如何掌控辩论时需要教师提前做什么准备？,我觉得:教师可根据时间来允许学生的辩论次数，尤其教师要在有辩手要激动的情况前，表扬对方的辩手既没有人身攻击也没有过格的语言，也可以问学生你们喜欢这样的文明辩手吗？但教师不可以直说我不喜欢这样的过激辩论。再一个就是教师要在课前多下功夫查找双方辩手可能要说的论据，做到心里有数，在真正辩论时可以往我们要得到的结论上引导。
五年级的孩子，基础只有二年级学生的知识，这个怎么办？,这个可能要分层差异化对待了，在布置作业和要求上可能要循序渐进，慢慢来。
音乐课纪律不好怎么办？学生不愿意学习乐理知识，不喜欢上欣赏课怎么办？,我觉得课堂的各个环节都要有明确的要求。要一步一步地反复、耐心地讲述给学生听，还要做示范。规则是不可能讲一遍学生都能遵守的，这个和学生掌握知识是一个道理，需要讲解、复习、测试、点评，经过若干次循环，学生方可养成良好的习惯。
如何布置有效的数学作业？,每天出几道计算题。
什么样的家庭作业即有效又有趣呢？,"朱虹老师解答：感知作业的趣味，感兴趣地做作业教书多年，老师们总会为一些孩子不爱做作业而头疼过。有的孩子不认真完成作业，应付差事；有的干脆落写、忘写、拒写。为什么？作业多写不过来？作业难不会做？写着累很想玩？觉得没意思或者没用……总之，没有热情和动力，反倒是一做作业就疲疲蹋蹋，很不情愿，尤其是反复写的作业。老师着急，家长也管得心焦力瘁。不指责、不放弃，寻找孩子不爱做作业的原因。是作业部署不当，还是课堂教学效果不良导致孩子未学会？是孩子的学习动机待激发，还是学习方法待更新？是写作业的物理环境创设不足，还是心理需要未被关注？找准原因才能有的放矢。吾吉玛老师认为不是孩子不爱写作业。曾辉老师说是中国式的作业缺少操作性、实践性。这些说法提示我们重视孩子天生的学习力和热情，同时要精心寻找适合不同孩子的、多样的解决之道。什么样的家庭作业即有效又有趣？老师们针对这两个标准：有效、有趣，提出了很多看法，也贡献了很多做法。一．作业的内容与形式1.贴近生活。将学科知识与生活紧密联系，学习的根本在于为生活服务，达成“学以致用”的目标。作业不应只是简单、机械的抄写和死记硬背的练习，应包括发生在学校内外、有助于身心成长的经验。安心、刘文晶、阳廷信、蔡丽青、马红梅老师都提到这样的观点。2.少而精。作业不在于数量而在于质量，边秀艳、曹亚迪、蔡飞、赵华丽、朱华灵、杜洁慧、景昀、廖亮老师都提到这个观点。阳廷信老师认为一是作业的量要合适，量大了，学生费时过多，负担过重；量少了，达不到巩固的基本要求。二是作业的难易要适中，过难的题目，学生无从着手，要么敷衍了事，要么直接不做；过分简单了，也失去做的价值。侯学琴老师提出能促进学生举一反三，培养其思维能力的作业是精品。3.趣味性。边秀艳老师说知识性与趣味性的融合，让学生展开丰富的想象和实践，深入挖掘自己的兴趣点，并通过多种方式把它表现出来，培养学生的探索精神、实践能力及参与意识。4.合理化，即要分层，加强针对性。可根据学生学习情况设计作业，注重学生智力因素差异，帮助学生在自己的“最近发展区”获得最大发展，这需要老师的细心、耐心和爱心。阿勒腾格尔丽、肖泽强、肖静、李慧、郭渊、何燕灵、安心老师都提出类似观点。5.变化性。董晶老师说如果教师每次布置的作业都一成不变，时间长了,学生就会对作业慢慢地失去兴趣,好奇心就会慢慢地被抹杀。麻送海老师提到创意的问题，刘文晶老师认为可兼具挑战性。6.多元化、多样化。安心老师说单纯的纸质作业不能满足学生的需求，综合性、实践性作业和各种学习软件更让孩子们产生兴趣，更有助于知识的巩固和学习能力的提升。蔡丽青老师设计作业的形式包括读书、听广播等，以逐步培养学生的自信心和成就感。7.充分考虑学生年龄特点。吴洁老师认为小学生天真活泼特别爱做游戏，游戏式作业将所学的知识蕴涵于游戏中；如数学作业“乘法口诀”，可以设计“对口令”的游戏，让学生与家长玩，这样不仅使学生感觉到数学作业是一个游戏的天地，也增进了亲子情感。潘海鹰老师举例说一年级的拼音或生字巩固练习，可以采用比较有趣的图案进行填空。培养孩子的动手能力，比如讲《有趣的树叶》，可以让学生做树叶贴画。边秀艳老师列举可以做手抄报，手抄报的内容可以老师根据需要制订。孙润萍老师会布置引导孩子主动探索自己内心的作业，如写观察日记、做社会小调查、帮父母做一件事、拜访朋友等，以帮助孩子加强自我认知并主动表现，进一步形成个性、树立信心。李朝霞老师的经验很值得深思，要始终思考布置作业的目的是什么？留作业要达到什么效果？这样才知道布置什么作业，应该怎样布置作业。二．写作业的过程也是培养孩子好习惯的过程对于孩子来说完成作业也是习惯养成的一部分，有经验的老师们提出情绪安抚、状态调整在先，同时注意方式、方法。吾吉玛老师建议写作业前成人需先跟孩子聊一聊，说说话，让孩子放松放松，用几分钟的时间玩一会儿游戏等等。时间太长或者太多无效重复也会让孩子倦怠，成人需随时关注，用变换内容、适量休息、简单交流等方式加以调整。人们常说，“一张一弛，文武之道”，这也是科学用脑的要求。多鼓励、多表扬，孩子才会持续认真完成作业的好行为。使用小组合作的策略。根据孩子们的写字、绘画等爱好分工，学生间互相监督、支持；笔答与操作相结合。同时，可以课前来个多样竞赛，坚持一周后评出周冠军发奖品以资鼓励。根据需要，家长与孩子一起完成部分作业，或者跟孩子进行比赛。如让孩子背古诗，家长也可以跟他一起背，以激发孩子的学习兴趣。边秀艳、麻送海、李慧、石胜杰、肖静老师提出这样的观点。在这个过程中，成人的即时反馈很重要。合理地运用即时反馈，对激励和强化孩子优质高效完成作业有重要的作用。有人说：“人类任何有意识的活动无不含有反馈。极而言之，没有反馈就没有智慧，既不懂学习，更不懂创造。”孩子要透过反馈加以自我调控，但反馈绝不是批驳和成人不假思索的动手修改。配合适当的奖励或惩罚，可强化学生对做作业的正向态度。学习反馈，是学习过程中重要的一环。 三．以趣促效和以效养趣    学习是一个过程，应由经验引起个体知识、行为、态度及动机等方面的持久变化，故课后作业作为温习巩固、实践检验的载体不可或缺。 老师研究布置什么样的作业，怎样布置作业，还要研究学生喜欢什么样的作业，学科学习需要什么样的作业。不同学段有不同要求，如小学知识的呈现形式和数量，中学学科的难度和方法手段等，老师都要充分考虑。老师还需研究学生做作业的过程，有计划、有针对性地帮助学生调控，并促使其最终达成自我监控。调控过程，孩子是主体，老师、家长需各负其责、相互配合，共同引导。成人既要关注孩子情绪，也要关注方式方法，可以平时多帮孩子练内功，即培养专注力、控制力，提升效能感。做作业的效从哪里来？管理时间，着眼效率，认真对待。从一开始就养成好习惯，认真对待作业，随时改进做作业的过程，取得不错的成绩，形成良性循环。心理学家盖兹说：“没有什么东西比成功更能增加个人的满足感了；也没有什么东西比成功更能鼓起个人进一步追求成功的努力了。”作业中的趣从哪里来？一般来说不是作业有趣，而是学生感觉有趣。所以，改善状况就须帮学生调动自身，由内而外产生兴趣。同时，老师不要指望孩子们对所有的作业都感兴趣，但要帮学生看到，对作业持积极态度可能会产生创造性地方法，感知作业的趣味性。不只是去做感兴趣的作业，而要感兴趣地去做该做的作业，这是学生要学会的。《论语·学而》中记载，孔子曰:""学而时习之，不亦说乎? ""我国古代学者也曾把一个人的学习兴趣由低到高分为三个层次：知学——好学——乐学。设计有效又有趣的作业是达成最高境界的路径之一。"
为什么现在的学生越来越被动学习？,因为学生的自学时间少了，教师讲得多了。为什么现在学生有很多人不爱学习？答因为学生入学早了，不准留级，授课时间多，被关闭太多，自学和玩的时间少了，没有必要的劳动。集中办学不适应农村教育了。
体育活动课如何加入微课，加到哪个环节？,微课可以加到课前作为预习，了解一些事实层面的知识，可以是动作要领之类的。可以提供一个学习任务单辅助理解和学习。
如何调动孩子的学习兴趣？,邢艳老师解答：如何提高学生学习兴趣呢 ？我觉得不仅仅靠课堂教学，更需要老师有丰富的知识，或博学多才，或激情澎湃，我相信前不久一位语文老师的《将进酒》视频应该引起大家的关注，这位老师的学生爱学语文，因为老师的魅力足足的吸引住了他们。所以，高中老师们虽然高考压力很大，但是灵活的教学方式也必不可少。我认为一要改变传统的课堂模式，不要“满堂灌”、“一言堂”；二要在课堂上多给学生实践的机会，让学生学中思，动中长，使课堂充满生机；三要在课堂上举办与学科有关的竞赛、演讲等活动，寓教于乐，促进学生的学习兴趣。总之，兴趣是学生最好的老师，动力是学生进步的风帆。当学生从“让我学”，变成“我要学”的时候，一切问题就都能够刃而解了。
对班级里的学困生怎样进行辅导？,多的话，抓准两个，课上盯住，课上没学会的知识点课下一定辅导会了，抽空再出同样的题。在做练习题的过程中，遇到此类型题，还提问这个孩子。
学生写字的姿态如何教正？,"“林文正姿笔”很好用的，我们学校的好多学生用，价格美丽。小、中、高学生，甚至大学生都喜欢用的。"
对于九年级学生的厌学情绪，有什么好方法解决或激励学生？,努力成为他们认可并钦佩的人，打开心扉，再“晓之以理，动之以情”，让其认识学习重要性。学生的成长如孵化中的小鸡，如果一味地试图从外部打破只能换来毁灭性的破坏 ，而注意温度，静待破壳，让其凭借自己的力量从内部打破，才叫成长。
课堂总是乱糟糟，有哪些课堂管理的小妙招？,张群智老师解答：提高教师的课堂管理能力课堂乱糟糟，怎么办？本期以一问激发七个反问的方式回答。反问1：课堂为什么乱糟糟？课堂为什么乱糟糟呢？有的课堂是因为教师讲课去无法趣味性，导致乱糟糟；有的课堂是因为教师教学节奏无法和学生合拍，导致乱糟糟；有的课堂是因为缺乏一些基本的管理策略，导致乱糟糟；有的课堂是因为突发了一些吸引学生注意的事件，导致乱糟糟；有的课堂是一贯乱，有的课堂是偶尔乱，有的是个别乱……如果我的课堂乱糟糟，其他科任老师到我班上课，也乱糟糟吗？是个别的学生在捣乱？还是所有的学生都在乱哄哄？……这就是对研究问题的起点，不同的乱法不同的时间、地点和对象就有不同的解释。我们需要访谈其他的老师和学生，来问出真实的感受，了解真相。反问2：你管理课堂的策略是什么？不同的老师有不同的管理策略，不同的课堂有不同的管理策略。你是一个怎样的教师？你的策略和你的特质是否匹配？照搬别人的经验往往失败。无论如何不能没有课堂管理策略。有的老师善于使用口令管理课堂；有的老师善于运用积分奖励管理课堂；有的老师善于运用有趣的活动管理课堂，促使大家都参与；有的老师发挥自己的个人风格和教学魅力来激发大家不走神，不接话茬；有些老师做过课前一分钟冥想，使得教学总是在安静的时刻发生。那么，你的呢？反问3：哪个学生是引起课堂乱的核心？如果有这样一个学生存在，你是否了解这个学生，他为什么坐不住？你和心理老师聊过他吗？你去家访调查过他吗？你和他是如何谈心的？你下一步准备如何引导他？你和他有教室协议吗？如果他有点进步，你的奖励是什么？反问4：哪几个学生最能帮助你管理班级和课堂？你是如何发挥班干部的作用的？同伴引领会产生奇迹作用，你是否注意到了呢？你和班干部们如何探讨这个问题的？你们讨论的结果和解决的策略是什么？谁去影响谁，最合适？谁在什么课堂做纪律观察和提示员最合适？别小瞧孩子，如果你调动了他们的积极性，他们很有能力。反问5：你开过课堂纪律相关的主题班会或教育活动吗？ 班会是为解决班级问题存在的。你是如何发掘家长和学生的优势来设计这个班会的？儿童特别容易受到集体的影响，班会如何建立集体的影响力和关于自律的导向。这样的活动如果成功，会唤醒学生的觉悟。反问6：你的班级有课堂纪律规则吗？在儿童长大的过程中，逐渐从对规则的服从和不服从，发展到对建立规则的兴趣和能力，你是否和学生们一起建立课堂规则？你保障每个人都平等参与和发言了吗？这个规则是严肃的，惩罚的措施既有利于引导学生，也有利于学生为了避免惩罚而养成自觉性。反问7：你是如何建立自己在同学中的威望和威信的？一个有威望的老师其身上有一种磁场，会很好地抓住学生。你发挥自己的特长，使得自己得到学生的喜欢了吗？你有把学生当做师生朋友的时候吗？你有告诉他们如果纪律不好，你的感受如何吗？你有让他们体验到你的感受吗，你激发他们的同理心，引导他们体验别人的感受，如何进行情境设计的呢？……我想，当你思考我问出的这些问题的时候，你就会慢慢拨开阴霾，看到了一条晴朗的路。你一定开始准备行动了，无论你从哪里入手，教育都不是一个简单的问题。没有现成的药片和制剂，都是根据您的班级情况来研发。您可以和学生一起来解决课堂的问题，那不是您自己的问题，是您和孩子们面对的共同问题，一起努力吧。
我是六年级毕业班的语文老师，有些孩子基础太差，该如何提高他们的成绩？,分层教学，给基础差的孩子制定适合他们的目标。
如何在常规教学中培养尖子生？,应该是让每个孩子发挥自身的优势，再增强优势。拓展资源很重要
遇到精神有问题的学生怎么办？,与家长沟通，搞清孩子到底什么问题。
如何培养孩子的预习习惯?,设置一些导学单，也可以找一下微课，让学习观看，引发学生兴趣。
学生对待考试没有端正的态度，对学习不感兴趣我们如何怎样引导？,考试前不要给孩子太大的压力，因为他知道考不好又要挨训，甚至父母和老师都骂他打他 连他的同学都看不起他。所以你对孩子说说心里话，让他做自己喜欢的事情。现在的孩子不喜欢有人约束他。
孩子学习没兴趣，怎样让被动学习变为主动学习？,亲其师，信其道。学生往往是喜欢某科老师，就会喜欢这一学科。所以要求老师们要增强自身修养和个人魅力，做专家型、研究型的教师。上课要讲究艺术。多用幽默的话语来启迪学生的智慧，以此来提高学生的兴趣。
如何开发语文课程资源,语文培养阅读习惯很重要，可以找一些与单元和课文相关的拓展阅读资源，打印和放在PPT里让学生看都可以。
请教各位数学同仁，画线段的延长线用实线还是虚线？,画线段的延长线我认为应该画实线，作图时高应该画虚线。
怎样让一年级新生学会识谱,跟语文教学拼音类似，设置一些游戏，老师可以编一些顺口溜。
小学六年级的学生，对于老师的批评教育总是抱着无所谓的态度，有什么更好的办法引导学生？,有此类心理的学生往往是屡犯错误，自我控制力较差的学生。由于屡受批评，产生了对立心理。此种情况下，教师可以用好的单独谈话的方式慢慢引导。一是用事实说话；二是心理准备，无论什么情况都心平气和，可以创设一些让学生感到的情境。
高中孩子缺乏学习热情怎么办？,如果孩子缺乏学习的热情，需要考量他的学习动机。他是不是觉得目标很难实现？选择符合孩子最近发展区的任务。
有什么好的方法让学生喜欢你，并且特别听你的话？,我觉得只要孩子们长大了，想到我们的时候能够认可就够了。孩子的心智不够成熟，喜欢和听话也不能作为评价一个老师的标准。想得到学生的认可还是要做到关注和了解每一个学生，才能对症下药。所以当一名好老师挺难的。
怎样挽救学习不好的学生。,你可能突然发现，孩子的个头像雨后春笋般疯长，孩子床头的童话类书换成了武打言情类书了，孩子开始犟嘴了，以前挺乖的孩子变得脾气大了，在外惹事的时候多了，上网玩游戏的概率大了，在镜子前停留的时间长了，对自己的穿着要求高了，对异性关注得多了……这时，我告诉你，你的宝贝已经长大了，由顽皮的儿童时代进入了懵懂的少年时代。随着生活水平的不断提高，孩子的青春期逐渐提前是不争的事实。现在，大部分女孩在11岁、男孩在13岁左右开始进入青春期，孩子们的身体在变、思想在变、观念在变，家长的教育方法也要变，如果孩子第一次给你讲少男少女的趣事，你冲着孩子大骂：“不去学好，成天关心那些事情，看你长大还有什么出息！”完了，孩子以后再也不会给你说心里话。如果你循循善诱：“是吗？那他喜欢她什么呢？你对这件事有什么看法呢？”引出孩子的真实想法来，然后进行引导教育，效果要好得多。一句话，做孩子的朋友，是走进孩子心灵的钥匙。家长不要急于表达自己的说教，先要耐心地倾听，设身处地站在孩子的角度去思考问题，这样就会跟孩子拉近距离。青春期生理卫生、青春期心理卫生、青春期性教育等，是家长给孩子必上的一课，最好在青春期前就有铺垫。男孩由爸爸指导，女孩由妈妈指导比较方便，家长借为孩子搓澡的机会，大大方方给孩子讲解生理结构、青春期后的变化、如何保护其健康，以消除恐惧感和神秘感。在日常生活中，有意识地找机会引导其健康的青春期心理。初二的女儿，竟要求我开家长会时穿什么衣服，梳什么发型，系什么围巾最漂亮，巴不得自己的妈妈是同学的妈妈中最漂亮的一个，我及时引导孩子的价值观、审美观；看见孩子专注地照镜子，家长借机夸奖孩子英俊漂亮，女孩得到来自父亲的夸奖，会增加自信和勇气，男孩得到母亲的夸奖，会变得儒雅而刚强。一家人出去散步，爸爸妈妈挽着手的亲昵，在家父母亲互相体贴的温馨，都给孩子一种安全温暖祥和的信息。青春期的性教育非常重要，从了解性器官、卫生保健、到性行为的后果、责任、义务等都要讲到。如果面对面讲有些难为情，找一些有关的文章放在孩子的床头也是一种可取的方法。青春期孩子早恋是乎越来越低龄化。上五年级的孩子，在同学之间就有公开叫“老公”、“老婆”的现象，当然，多数是“过家家”，闹着玩，家长也没有在意，如果家长不及时引导，很有可能玩出火来。我女儿在初三时就遇到有男孩约会，我发现后，把她叫到自己的小屋，微笑着说：“我发现你现在越来越漂亮，学习成绩又好，班干部工作做得很出色，而且性格也好，如果我是个男孩，我也会喜欢你。”女儿听懂了我的潜台词，立即辩解说：“是他叫我的，我们只谈学习。”我立即说：“谈学习以外的也正常，如果在你们这个年龄，对优秀的异性没有一点感觉，我还担心我的女儿不正常呢？”女儿看我这样和颜悦色，也就有耐心继续听我说教：“摆在我们面前的有三种选择，第一：如果将来打算在东营发展，你现在就可以不读书了，到时扫扫地，看个门，等几年找个相当的人嫁了；第二，如果想到省城济南去发展，你得有一技之长，学到吃饭的本领，到时找个相当的人嫁了；第三，如果想到首都北京、甚至出国留学、就业，你必须上一所好大学，攻得一两个学位，到时找个相当的人嫁了。”女儿听后哈哈大笑，说：“我当然要找最后那个‘相当的人嫁了”’。我们俩在轻松愉快的气氛下一致同意：不再和那个男孩约会，要为“好大学”而战。我乘胜追击：“现在你认为他挺优秀，等你到了重点高中、重点大学、甚至参加工作后，你才会发现，你过去的目光多么短浅，你过去的想法多么幼稚，天涯何处无芳草！”经过我如此点拨，女儿一直到高中都只和男同学建立正常的友情。对早恋这个敏感的问题，家长的方式方法非常重要，既不要谈及色变，也不要听之任之，它像洪水一样，只能疏不能堵。青春期的另一个问题是网瘾成性、打架斗殴。这样的孩子大部分是由于家庭缺失爱。孩子得不到温暖，就要发泄怨愤，于是欺弱斗小，以打败对手为满足；孩子得不到父母和老师的赏识，找不到自信，就到虚拟的网络游戏里寻找刺激、过关斩将，成为英雄。我们的父母，只看到结果，没找到原因，结果粗暴干涉，毫无效果。给孩子多一点点爱吧，迷途的孩子就会重返家园。我们有许多的父母，平时以工作忙为借口，平时对孩子的成长关心不够，有的甚至不闻不问，让他“自由成长”，一旦考试成绩不好、出了问题才着急已经晚了。特别是有些父亲，由于工作和社交的关系，应酬多，无暇顾及孩子，甚至一天跟孩子都很少说话，这对孩子的成长极为不利。我建议父母，再忙也要把孩子的成长放在第一位，一天至少有一个小时的时间跟孩子在一起，至少有半个小时的时间跟孩子说说话。孩子得不到父亲的关爱，会变得柔弱胆小，除非母亲有意识培养孩子刚强的性格。
老师如何更好的和青春期的孩子相处？,进入青春发育期的孩子，除了生理上的变化以外，更主要的表现在心理上的突然变化，具体表现在这样几个方面：   １、自我意识在这一时期出现质的变化。青春期的孩子对于“自我”的体验和感受前所未有地清醒。如果说，儿童对自己的认识和评价基本是服从成人意见的，那么，青春期的孩子则完全不同了。他们对自己产生了强烈的兴趣，热衷于思考自己的优点、缺点、特点......显得十分“自恋”，同时又经常夸大自己的缺陷，因为自己不够“完美”而沮丧。   ２、独立性增强。进入青春期的孩子总是希望得到他人的承认和尊重，希望摆脱成人的约束，渴望独立。   ３、感情的变化非常显著。他们既“多愁善感”又“喜怒无常”这常常令我们家长手足无措。感情的多变是与感情的深化共同发生的，在这一时期孩子们已经开始产生和感受到许多细腻复杂的感情。   ４、开始关注同龄人之间的交往。同龄人之间的关系是这一时期生活中十分重要的内容。任何一个青春期的孩子都不可能脱离同龄人的影响，总是将彼此之间的交往与认可看得极为重要。   ５、与成人世界的关系开始变化。青春期的孩子不愿意再像“小孩子”一样服从家长和老师，他们希望获得像“大人”一样的权利，因此经常固执地与父母顶撞。   ６、性意识的萌动与性别角色的深化。无论男孩还是女孩，都非常关心自己性别角色的完美程度、被他人接受和欣赏的程度：够不够帅、是不是漂亮、能不能引人注意等等。都渴望了解异性，希望得到来自异性的友谊，开始憧憬爱情.....
对于淘气好动的学生，你采取的什么对策呢？,首先要更正一个误区，我们的教育不是实施军队化管理，要求孩子们都能像训练有素的士兵一样严格遵守纪律。这其实是我们内心想要顺利完成教学任务，不希望有麻烦时对淘气、调皮的学生产生的一种偏见。活泼好动是孩子的天性，不应为了实现教学目标而去扼杀天性，这样不利于学生身心发展。当然，由于班级授课的形式限制，老师也不能任由学生在课堂上扰乱课堂秩序，影响整体教学。其实除了个别顽劣的学生会严重干扰课堂秩序，其他学生在课堂上也只是偶尔做些小动作，这个时候不必急于整风而使教学中断，破坏课堂的连贯性。      对待顽皮的学生要分析现象背后的原因，这些原因是复杂的，和年龄、家庭、心理因素、学习兴趣等都有一定联系，需要因材施教。      惩罚的手段最不可取，容易造成学生的逆反心理，课堂上可能会变本加厉地制造麻烦。说教对于学生来说有一定效果，但收效甚微，过不了一阵子可能又恢复成出厂设置。不是很理解问题中所说的“征服”为何意，这里就看成一种吸引学生注意力的一种手段吧。对于学生来说，真正让他们变得专注的方式是使课堂内容更具吸引力，这其实对老师的教学技能提出了更高的要求。提高学生在课堂中的参与度，培养学生的主动性、积极性而不是让他们像听话的木桩一样被动地接受知识。
怎样提升老师的内生动力,经常参加新理念新东西的培训，学校需要创造培养教师的环境。
怎样持续保持低年级孩子注意力呢？,采用有趣的语言、活动，建立相应评价机制。
体育课余训练中，家长不支持，如何与家人沟通？,多少点有益的方面，让家长看到成绩也不要下滑。
怎样提高学生的逻辑思维能力？,课堂教学设计上从问题设计入手。多设计一些复杂情境和为什么的问题，培养孩子提出问题解决问题的能力。
如何协调优等生和学困生在同一节课完成相同作业的时间？,以优带困，设置一些机制鼓励优等生，调动他们助人当小老师的积极性。
怎样让后进生喜欢上学习？,邢艳老师解答：所谓的后进生有两种情况，一类是学困生，一类是问题学生。但是不论是那样的孩子，他们今天的表现一定是有所积累的，也就是每一个孩子成长过程中都有我们这些为师的不知道的故事。因此，不要急于给学生贴标签，下定义；要做到一视同仁，追根溯源。如果是习惯问题就需要做好长期的，反复的斗智斗勇的心理准备。如果是学习问题，就要深入了解，细致分析找到问题的根源，下功夫为其查漏补缺，家校合作共同促进孩子的进步。如果是学生家里的问题，那就需要因势利导，尽我们自己最大的力量，努力帮助学生逐步改善。大致总结一下工作策略：1.保护后进生的自尊心。所谓的后进生，他们具有强烈的自尊心，他们有些方面的表现虽然不怎么好，但他们不希望老师，同学用其它的目光来看他。用爱心融化后进生冰冻的“心理防线”，在师生间架起一道情感交流的桥梁。2.激起后进生感情的浪花。教师要用耐心去观察学生的一举一动，体会他所作所为的目的。以心灵的温暖，健康的情感去医治后进生心灵的创伤，真诚地帮助他们，让他们尽可能改掉身上的各种缺点和问题，同时学习更多的知识，以免留下终身遗憾。　 3.对症下药，因材施教关心爱护后进生，激励后进生“想学”的愿望。多找后进生谈心、编座位照顾后进生、上课要多提问后进生、耐心回答后进生的提问、当面批改差生的作业、采取“一帮一”的活动、多发现后进生的“闪光点”、多鼓励少批评等等措施，也得到了比较理想的效果。根据后进生的心理特点，激发学习兴趣，引导后进生“爱学” 要想后进生由“要对我学”到“我想学”是一个十分难得可贵的进步。总而言之，教师要用心体会，真心付出，耐心了解，因材施教给予学生帮助，关键是要让学生体会到你的良苦用心，要用个人的魅力影响并改变学生。
五年级孩子做阅读用作业帮怎么处理,信息技术发展的必然性，所以引导学生养成自主性十分必要，在这一环节与家长沟通好做好家庭管理。
数学教师如何提高语言水平？,语言组织我能力多听听公开课，在家找家里人多练习一下就好了。
怎样让学生养成良好的行为习惯？,树立榜样的作用。
班主任如何让“问题学生不再问题”？,恰当地运用榜样作用进行教育，班主任在工作、学习和生活中的一举一动都会给学生一种潜移默化的教育。
在数学课堂如何更好做到让学生不接下句？,首先，无论是无意识接话的还是有意捣乱的，我们都不应该当众简单地批评，而应采取宽容的态度。但宽容绝不是对接话学生的放纵或漠视，而是教育学生改正缺点的一种方法，使学生有机会改正错误，使接话学生不再接话。在上课的时候，如果有学生接话，可以故意停下一分钟左右，然后很严肃的把话挑明，说：”请大家让老师把话讲完再去举手发言，否则大家打乱了老师的授课思绪，减慢了效率，那这节课就不能按时讲完，那只有拖延了下课的时间来讲完，对大家没好处，我们一起合作上完课好不好？“        其次，对于无意接话学生可以用眼睛看他一下，暂时不去理会，这时接话的学生不会再接了。教师可以正常讲课，不耽误教学。课后找他谈谈，但要注意不要破坏他的积极性。先表扬他爱动脑，调动其积极因素，同时使他认识到上课接话的弊病，不但干扰课堂秩序，扰乱老师的思维，还影响其他同学听课，让他们自觉地控制自己。另外，作为教师在课堂上也要有意识地多提问他们，给他们一些讲话的机会，这样说不定他们就会成为课堂发言的积极分子呢！        第三，有时学生接话是和教学有联系的，这种情况下，教师可以因势利导，把学生的话接过来继续讲课。这样会使接话的学生增强自信心，感到自己的思路正确，但要提醒学生今后要举手发言而不能随便接话。        第四，对于那些故意捣乱的调皮学生，教师在课堂上对于他们的第一次接话可以宽容地看他们一眼，让他们自觉地收敛。如果他还接话那就可向全体同学讲明，上课接话的做法不好。使学生明辨是非，使调皮的学生能够认识到自己的错误，课后对他严肃地批评教育。这样使学生感到老师很尊重他。否则，教师要在课堂上训斥他，不仅影响教学，还会使他对教师产生厌恶心理，故意和教师做对。这样不但不能使他改掉缺点，还容易使师生之间产生矛盾。
如何改变学差生的学习态?,先要分析差的原因，对症下药。
怎样提高孩子的作文水平？,邢艳老师解答：关于写作，不论学生还是我们做老师的一提及此事内心都是拒绝的。但是问题终究是要解决的。我教中高年级时，培养学生写作从兴趣入手。三年级开始，在班里开展接力日记活动，每天一人，把一天中最感兴趣的事情记录下来，实在不会写，就让学生先画下来，利用休息时间和学生谈谈画的内容，趁热打铁让学生用文字记录下来，久而久之学生可以从不写到写，从写上几十个字，到写上百十来字……这是一个循序渐进的过程。同时，班级里还有班日志，学生日记本，读后心得……一切可以记录的，在这个时期让孩子们都落在笔头上，时间久了，学生们就会有了一种习惯，拿笔就写，不论写的如何，首先敢写不拒绝。这就好比裁剪衣服，大点没关系，就怕没材料。还有就是我带孩子们搞活动，在体验中积累生动的材料。记得六年级学生秋游挖白薯，这是一个很好的题材，学生活动归来，就让孩子们利用一节课的时间，认真的回忆活动中的每个细节，从同学、老师的表情、语言、动作，引申到人物的心里活动，在学生滔滔不绝间，在学生手舞足蹈时，生动的作文素材已经摆在了学生们的面前。真正写作起来学生不费劲了，只不过是“记豆腐帐”和下笔如有神的区别了。再有就是读书活动，让学生记录好词好句。同时，每周必须的两次读书交流活动。这是在帮助学生提升写作的技巧，时间长了，学生的写作自成风格，班里几位写作困难者也不过只需要老师开开小灶了。我教写作还有一个法宝就是互批互判，一篇文章写好后我会先批一遍，指出学生写作中大概的问题，然后在作文课上进行细致的指导。之后，让学生小组合作互相点评，修改，经过两轮的评价学生基本上知道了如何修改自己的作文，最后进行作文稿调试，最终上交的作文中，不论如何我都会给孩子以肯定，这样学生们才会有自信，就会对写作不拒绝敢动笔，这是进步也是克服写作障碍的起点。总之，不论教材如何改，我教学生作文还是会在写作前出示例文，把写作方法和例文讲解有机结合起来，让学生有具体感受。真正写作中我允许学生运用一些简单的、单一的写作方法，等待时机成熟慢慢的再扩展范围。在学生的作文讲评中，我会对学生的写作方法进行讲解和分析，让写作方法得到再现和回归。经过以上的兴趣培养、材料积累和方法讲解，学生逐渐在面对写作时不再困惑了。
怎样平衡体育训练和文化课程之间的矛盾,提出这样的问题，实际上是大家把他们对立起来了。过去很多时候，老师们都采用时间加汗水的方式开展教学活动，每个学科老师都会给学生们说自己的学科最重要。处理这样的问题一是教师观念的转变；二是教学方法的改革；三是教师之间达成共识，协调好时间。如果这个问题没有处理好责任主要在教师。
对于学生早恋、谈恋爱的问题，老师应该怎么引导？,邢艳老师解答：这是一个敏感的，不可避免的话题。现在只要上网随便搜索下00后早恋的报道可以拉开一大片，让很多网友和家长简直不敢相信，直呼这个早熟的时代。而更厉害的是同班早恋也就算了。隔了班也挡不住孩子们蠢蠢欲动的心！  早恋现象给学生们本就紧张忙碌的学习生活造成了难以挽回的损失和影响。而作为我们教师看在眼里，急在心头，方法一旦不得当就会引火上身，害己伤人。我觉得老师们多学一些有关青春期心理的知识，才能有更透彻的认识，了解实际问题，并将其上升为理论，进行分析，再回到实际工作中更有目的性，方向性，条理层次更加清楚的帮助学生认识早恋的影响与危害，顺利地度过危险期。对于学生的早恋问题我们要学习“大禹治水”的方法，堵不如疏，疏导的前提是调查和分析。一般有早恋倾向的学生多数是家庭环境造成的。其一，是单亲家庭，这样的学生需要温暖；其二，是留守儿童，家长不在身边无人陪伴引导；其三，是家庭暴力（冷暴力）……每个这样的孩子在无法改变的生活背景下，得不到家庭的温暖他们就会相互取暖。如果是这样老师就要成为孩子们的暖炉，温暖他们的心，让他们找到依靠，帮助他们进行心理疏导，指明未来的努力方向就可以扭转这类事情的发展。作为老师我们也可以因势利导把爱变成动力。其实有很多这样的例子，学生喜欢彼此是很正常的，老师的任务就是运用智慧引导学生告诉他们现在要以学业为重，把爱藏在心中，互相鼓励对方，在互相鼓励中前进，人生的路还很长，或许十几年之后，你们真的可以以最优秀的自己相处在一起，这需要你们相信彼此，并为之努力，而不是早恋。只是要在合适的时间再去表达。其次就是利用集体的力量，给孩子们一个温暖的的“家”——班集体。老师们可以因地制宜的在班级开展丰富多彩的活动，在活动中让学生感受集体的温暖，同时，可以利用一切可以利用的资源给学生们把好生理成长的的第一关，让小男生，小女生认识自己，学会保护自己。尤其是女生，她们比男生早熟，所以很自然的很多女生躁动不安和各种蠢蠢欲动就会发生。一旦真的早恋出现了，很多事实证明，早恋不可怕，可怕的是失恋 !有很多老师发现早恋苗头，第一时间就会告诉家长，家长在得知孩子早恋以后，多数是责骂甚至殴打，没有理智的听孩子们的解释。因为家长一味责骂，孩子会而产生强烈的逆反心理，甚至迁怒于老师和同学。他们会很自然地产生你不让我做我偏要做的心态。所以在处理早恋事件上要跟学生建立起良好的沟通。相信孩子，给孩子们一个解释的机会。但是也要态度坚定的让学生们明白早恋的弊害。经验告诉我们只要让学生们现在正确的认知问题的本质，我们才能更好的解决问题。
怎样关爱留守儿童的学习？,留守学生应该都是小班教学，关爱每一个孩子，培养兴趣点，让他们养成自觉学习的习惯，定适合每个孩子不同的学习目标。留守学生的问题是一个比较难解决的问题，基所有教学内容都需要在学校解决。
学生很喜欢和老师聊天，但是所有的问题都和学习没有关系，教师怎么把学生这份聊天的热情引导到学习上呢？,我班孩子也喜欢和我聊天，我有时会故意问他，班里哪位同学是你的好朋友呀，我会先夸他好朋友的优点，然后再夸他会结交朋友，很有眼光。和朋友相处得学会取长补短，请他说说自己的优点是什么，缺点有哪些，想不想改呀？这时我会鼓励他，并告诉他老师相信他一定能成为一个好学上进的孩子。         我觉得榜样的力量是无穷的，更何况是自己的好朋友。
对于班级中经常不做作业的学生，应该采取怎样有效的措施？,平时针对这一部分孩子我都是单独布置作业，以小密秘的形式告诉他，先让他的作业比别人的少，易作。这样逐渐养成做作业的习惯。
"最近出现家长在孩子作业上留言""老师晚上好，以后批改作业请认真点!""此事引发闷络热议!你怎幺看?",虽然家长这么直截了当的对老师批改作业中出现的失误提出不满，老师们听了会不舒服，但也要诚恳的接受并表示歉意:如我批改作业时比较匆忙漏看了，非常抱歉，以后我会注意的。以后对这个孩子的作业批改时要格外认真，同时找机会跟家长们介绍一下老师的一天工作有多繁重，取得家长们的理解。
学生如何高效的利用学校时间？具体该怎么做呢？,养成预习的习惯，上课可以多拓展一些内容。
怎样实施差异性教学？,首先从目标设置上，可以针对孩子的基础水平和学习能力定一个适合个人的目标。在作业设置上，也可以进行分层，基础任务完成，有能力的学生可以多拓展一些内容。
如何教好信息理论课？,理论课比较枯燥，可以在网上找点微课、动画穿插在课堂里，调动孩子的注意力和兴趣。
怎样让学生提分快？,快速提分多做题，巩固，查缺补漏
教学为什么提倡创设情境？,创设贴近孩子真实生活的情境，有助于孩子理解和再次转化到生活中去解决问题。创设有趣的情境，有助于调动孩子学习的热情，这个适用于低年级的孩子。
提高学困生学习成绩的有效方法？,邢艳老师解答：学困生和问题学生都属于后进生。但是不论是哪样的孩子，他们今天的表现一定是有所积累的，也就是每一个孩子成长过程中都有我们这些为师的不知道的故事。因此，不要急于给学生贴标签，下定义；要做到一视同仁，追根溯源。如果是习惯问题就需要做好长期的，反复的斗智斗勇的心理准备。如果是学习问题，就要深入了解，细致分析找到问题的根源，下功夫为其查漏补缺，家校合作共同促进孩子的进步。如果是学生家里的问题，那就需要因势利导，尽我们自己最大的力量，努力帮助学生逐步改善。大致总结一下工作策略：1.保护自尊心。所谓的学困生，他们具有强烈的自尊心，他们有些方面的表现虽然不怎么好，但他们不希望老师，同学用其它的目光来看他。用爱心融化学困生冰冻的“心理防线”，在师生间架起一道情感交流的桥梁。2.激起感情的浪花。教师要用耐心去观察学生的一举一动，体会他所作所为的目的。以心灵的温暖，健康的情感去医治学困生心灵的创伤，真诚地帮助他们，让他们尽可能改掉身上的各种缺点和问题，同时学习更多的知识，以免留下终身遗憾。　 3.对症下药，因材施教关心爱护学困生，激励学困生“想学”的愿望。多找他们谈心、编座位照顾、上课要多提问、耐心回答他们的提问、当面批改差生的作业、采取“一帮一”的活动、多发现他们的“闪光点”、多鼓励少批评等等措施，也得到了比较理想的效果。根据学困生的心理特点，激发学习兴趣，引导后进生“爱学” 要想他们由“要对我学”到“我想学”是一个十分难得可贵的进步。总而言之，教师要用心体会，真心付出，耐心了解，因材施教给予学生帮助，关键是要让学生体会到你的良苦用心，要用个人的魅力影响并改变学生。
怎样能让没有毅力的孩子坚持学习呢？,首选先做一个坚持不懈管理学生的老师，然后与学生一起做一件事，让她懂得坚持的重要性。
我想知道，二年级的孩子考试的时候如果作文内容都一样？有没有毛病？,要么抄袭，要么平时老师训练写作时过于标准化。
如何基于培养学生核心素养开展班级活动？,邢燕专家解答：我一直认为教育是朴素的、本真的，一个好老师一定有自己的教育原则和方式方法。习总书记2016年八一学校重要讲话中指出，教师应该做学生锤炼品格的引路人，做学生学习知识的引路人，做学生创新思维的引路人，做学生奉献祖国的引路人。所以我认为基于大力培养学生核心素养的今天，在班级管理中教师应该对学生价值观、思维、品格、身体健康、能力、公民与社会素养等方面进行正确的引领与培养。学生核心素养主要通过班级中师生的互动得以落实。重视学生个人发展的核心素养培养体系，在学生自主发展、学生个性发展、课堂教学管理、班级管理评价等方面对班级管理提出了新挑战。一、管理模式从班级管理到班级治理核心素养教育重视学生的自主发展，倡导突显学生的班级管理主体地位，由此，传统的班级管理模式面临着新的挑战。要从传统班级管理观中班主任作为单一管理主体，把班级“管住”“管死”的认识，转变成为班主任、科任教师、学生共同作为班级管理的多元主体，共同参与班级管理活动，实行民主、协作、互动式管理，充分培养学生的自我管理意识和管理能力，把班级“管活”培养学生的主人翁意识，让学生走向自我管理、自我教育，自主发展的道路。二、管理策略从重视共性到关注个性核心素养理念下的教育重视发展学生个性，认为教育应该从人的本性出发，尊重学生的差异性、独立性和自主性，使不同的学生得到合适的教育，不同的个体在原有基础上得到多方面的和谐发展。根据学生个性发展需要，班级管理活动除了考虑学生共同发展需求外，还要针对学生实际进行个性化设计：1、班级奋斗目标制定。除了设置班集体共同的奋斗目标外，还要针对学生个体实际设置适合不同学生个性发展的奋斗目标。2、班级文化设置。班级文化要体现规范与个性的并存，除了设置面向集体的基本栏目，如班牌、班训、班规等之外，还要突出反映学生个性发展的栏目内容，如学生特长展示区、心愿展示区、读书心得展示区。3、主题班会课。班主任除了根据大多数学生的思想状况设计内容之外，还要根据学生个体思想状况，细化内容设计，使所有学生都得到应有的教育。4、班级实践活动。班级实践活动设计要考虑和体现学生个性化发展需要，关注到不同学生的发展需求。5、班级管理岗位设置。班级管理岗位设置要体现适才适用原则，使每个学生都得到锻炼发展的机会。三、班级评价从一元主导到多元融合班级管理的评价要考虑以下几个方面的因素：1、评价指标多元化。核心素养体系不仅仅要考查学生语文、数学、英语等学科知识素养，还要考查学生的品行、能力、情感、价值观、公民意识、身心健康等总要素养，班级管理评价指标趋向多元化。2、评价方法技术多元化。核心素养培养体系下，学生评价的重点由分学科知识评价转向基于核心素养的多元评价，其中品行、能力、情感、价值观、公民意识、身心健康等素养的评价要求对评价方法和技术的多元化提出了新挑战。3、评价权重确定。核心素养体系中各组成部分在不同年级、不同学科学习内容中要求达到的程度都有着基本的规定，在评价的时候要准确把握各部分基本要求，确定相应的权重。
如何对待不完成作业的孩子？,不完成作业的孩子，多数是家庭教育出现了问题，老师要改变孩子首先要改变家长，再有就是没有学习兴趣，老师要通过表扬，鼓励，确认等教育方法激发孩子的学习兴趣！
一个班级的学生作文都一个内容，这样教学对吗？让孩子都背一样的文章？,基础性的文章统一学习没有问题，多在课堂上给学生提供一些拓展阅读篇章，供孩子有选择的阅读。
无论怎么教，还是有一部分学生不会拼拼音，怎么样才能让学生学会拼音？,对于低年级的孩子，应结合孩子的年龄特点，通过识字游戏来学习拼音！老师可以把拼音写在卡片上，然后设计游戏，让孩子在玩中学习！
期末复习怎样做到高效？,我是利用思维导图帮学生梳理内容，让学生用思维导图画出自己的知识结构。
如果学生没有在规定的时间内完成背诵任务，有什么好的方法解决吗？,让已经完成任务的学生利用课间帮助完成。
孩子自私、不懂感恩应该怎么培养？,邢艳老师解答： 感恩是社会上每个人都应该有的基本道德准则，是做人的起码的修养，是一种处世的哲学，是生活中的大智慧，也是人之常情。我个人认为，首先作为一名教师要拥有一种感恩的情怀，因为，教师是学生学习的榜样，言传不如身教，在教室的示范下学生才会收到启发，才会达到亲其师，信其道的教育效果。 对于学生的感恩教育，不是一阵风一阵雨，要持之以恒，同时，这不是学校教育但依旧可以促成的，它需要学校的氛围，家长的支持，教师的坚持，厚积而薄发。而且学生的感恩教育绝不是社会上盛行的抱一抱、养个蛋、洗洗脚……这样简单。学生的感恩由近及远可以分为：感恩父母、感恩老师、感恩同学、感恩学校、感恩祖国等等。 该如何培养孩子的感恩心呢？从家庭角度： 1.养成感恩的习惯 通过家校合作指导家长做好示范，利用一切可以利用的契机对孩子进行教育，孩子耳濡目染，渐渐接受这种最基本的礼仪，也学会向父母道谢，将感恩内化于人格之中。 2.父母要学会偶尔“示弱” 告诉家长朋友在家庭生活中，要多给孩子机会，让孩子为父母做些事。让孩子学会给予，懂得父母和别人的给予与帮助是一种“恩惠”，而不是理所当然或者欠他的。 3.“计较”为孩子的付出 父母必须“计较”的小事。别让孩子觉得父母对他一无所求，他根本不需要为父母做什么。要让孩子懂得索取是要付出的，不能无条件地进行索取。 4.及时表扬孩子 在孩子做了好事后，不管他是主动还是被动做的，不管他做得是否令人满意，父母都要发自肺腑地感谢他、赞扬他，那么孩子定会大受鼓舞。父母由衷的肯定才是孩子关心他人的动力。 从学校的角度： 1.用对比感恩社会 一是要利用爱国小故事进行教育。激发孩子爱国主义热情，让孩子主动去学习一些小故事。二是通过新旧社会的对比，加强“有国才有家，国富则民强”的思想教育，培养孩子从小热爱祖国、热爱党、热爱社会的高尚情操。三是利用清明节扫墓、烈士陵园观赏、红色旅游景点进行实地游玩，加强孩子爱国主义教育。 2.用理解感恩父母。 一是让学生做力所能及的事，从小养成自己的事情自己做的好习惯；二是用历史文化作载体进行正面教育。 3.用学习感恩老师 一是要尊重老师。见到老师问声好，在言行举止方面做到温文儒雅，听老师的安排和教导。二是好好学习，天天向上。上课认真听讲，按时完成作业。学习成绩是对老师最好的回报，用优异的学习成绩回报老师。三是懂得回馈。在“教师节”等节日，向老师赠送贺卡，传达祝福。 4.用友爱感恩集体。 一是胸怀要宽广。胸怀宽广的人能赢得众人信服，而小气的人只会斤斤计较、目光短浅，只有胸怀宽广的人才能广交朋友。二是能忍让。以宁静平和的心态去感染他人，以宽厚博大的胸怀去容纳他人。三是善于换位思考。多替别人想一想，通过换位思考，团结友爱，互相帮助，增强孩子集体荣誉感。 同时，老师要根据班级情况开展感恩的系列教育，逐步深入，扩大广度，这样学生会在家庭、学校两个环境中接受感恩教育，久而久之学生会有所变化的。
期末复习阶段了，怎样来合理的复习呢？,期未进行总复习时，我首先进行单元复习，每一单元复习时，都让学生选一道自认为最佳试题来考其他同学，他当作小老师作出评价，这不仅激发了学生积极复习的学习兴趣，也锻炼了他们归纳总结逻辑思维能力，同时也提高了学生口语表达能力。
假期如何督促学生学习？,假期老师很难监控到学生，可以让家长监督，通过微信群拍照上传孩每周孩子作业完成情况。
现在的学生不比我们那时，自觉性很差，听课的注意力更不集中，如何能改善这一点？,家长对孩子的日常饮食要十分注意，少喝或者不喝饮料，如可乐里咖啡因对中枢神经系统有较强兴奋，这也是导致孩子多动、注意力不集中的原因之一，作息规律不熬夜，同时家庭氛围一定要和谐。
孩子上课总睡觉怎么办？,如果真的是就是不想学习，就为学生找到他感兴趣的学习内容：看漫画，练字，小小说……也许能成就一个未来的的漫画家，书法家，作家。
如何才能保证老师安心、舒心、开心的从事教育教学工作？,从外部因素来看，需要整个社会加大教师权益保障力度，提高教师工资水平。从内部因素来看，职业满意度也来自教师对教育事业的热爱，对自身价值的认可。
如何让孩子正确认识自己，提高学习兴趣？,邢艳老师解答：　三个问题让学生目标明确，剖析自我。1、你对你现在的成绩满意吗？如果你的回答是不满意，请继续往下看，如果是满意你就可以不用往下看了。2、你希望下次考试考班上第几名或者考多少分？根据自己情况选择问题。如果你的答案是前几名，说明你的目标不明确，请继续往下看。3、第几名对你最有吸引力而且有可能性？这个问题是帮助你确定一个具体的名次或分数。要反复揣摩，问自己第5名吸引力大不大？可能性怎么样？第6名？第7名？确定一个最有吸引力而且有可能性的目标。如何提高学生学习兴趣呢 ？我觉得不仅仅靠课堂教学，更需要老师有丰富的知识，或博学多才，或激情澎湃，我相信前不久一位语文老师的《将进酒》视频应该引起大家的关注，这位老师的学生爱学语文，因为老师的魅力足足的吸引住了他们。所以，高中老师们虽然高考压力很大，但是灵活的教学方式也必不可少。我认为一要改变传统的课堂模式，不要“满堂灌”、“一言堂”；二要在课堂上多给学生实践的机会，让学生学中思，动中长，使课堂充满生机；三要在课堂上举办与学科有关的竞赛、演讲等活动，寓教于乐，促进学生的学习兴趣。总之，兴趣是学生最好的老师，动力是学生进步的风帆。当学生从“让我学”，变成“我要学”的时候，一切问题就都能够刃而解了。
孩子复习进不了状态怎么办？,有家长认为，要求孩子好好学习必须经常说很多道理，其实不是这样，家庭教育要注意养成。注意潜移默化，孩子良好的学习习惯依靠一次次地重复以成自然。浓厚的学习兴趣依靠一点一滴培养起来，令人乏味的说教会破坏适宜学习的气氛，所以家长要学会说短话，保持正常的家庭气氛，让孩子感到平和、宁静、有安全感。
复习阶段有些难熬，老师辛苦，学生却很放松，难道是我太小题大做了，还是学生早已胸有成竹了？,不是你小题大做也不是孩子胸有成竹而是他们根本就没把学习放在心上。
学生成天调皮捣蛋，不好好学习，为此让老师和家长很是头疼。这样的学生该怎么办呢？,现在的孩子，学习好吧，人家家长说是人家孩子聪明。学习差吧，人家说是你老师教育方法有问题，所以说现在的孩子难教。
后进生的转化:即便使出浑身解数，好像还是没有明显的进展，是我一直困惑的问题！求解！,邢艳老师解答：所谓的后进生有两种情况，一类是学困生，一类是问题学生。但是不论是那样的孩子，他们今天的表现一定是有所积累的，也就是每一个孩子成长过程中都有我们这些为师的不知道的故事。因此，不要急于给学生贴标签，下定义；要做到一视同仁，追根溯源。如果是习惯问题就需要做好长期的，反复的斗智斗勇的心理准备。如果是学习问题，就要深入了解，细致分析找到问题的根源，下功夫为其查漏补缺，家校合作共同促进孩子的进步。如果是学生家里的问题，那就需要因势利导，尽我们自己最大的力量，努力帮助学生逐步改善。大致总结一下工作策略：1.保护后进生的自尊心。所谓的后进生，他们具有强烈的自尊心，他们有些方面的表现虽然不怎么好，但他们不希望老师，同学用其它的目光来看他。用爱心融化后进生冰冻的“心理防线”，在师生间架起一道情感交流的桥梁。2.激起后进生感情的浪花。教师要用耐心去观察学生的一举一动，体会他所作所为的目的。以心灵的温暖，健康的情感去医治后进生心灵的创伤，真诚地帮助他们，让他们尽可能改掉身上的各种缺点和问题，同时学习更多的知识，以免留下终身遗憾。　 3.对症下药，因材施教关心爱护后进生，激励后进生“想学”的愿望。多找后进生谈心、编座位照顾后进生、上课要多提问后进生、耐心回答后进生的提问、当面批改差生的作业、采取“一帮一”的活动、多发现后进生的“闪光点”、多鼓励少批评等等措施，也得到了比较理想的效果。根据后进生的心理特点，激发学习兴趣，引导后进生“爱学” 要想后进生由“要对我学”到“我想学”是一个十分难得可贵的进步。总而言之，教师要用心体会，真心付出，耐心了解，因材施教给予学生帮助，关键是要让学生体会到你的良苦用心，要用个人的魅力影响并改变学生。
现在的孩子缺乏感恩，多数以自我为中心，情感缺失怎么办？,邢艳老师解答：感恩是社会上每个人都应该有的基本道德准则，是做人的起码的修养，是一种处世的哲学，是生活中的大智慧，也是人之常情。我个人认为，首先作为一名教师要拥有一种感恩的情怀，因为，教师是学生学习的榜样，言传不如身教，在教室的示范下学生才会收到启发，才会达到亲其师，信其道的教育效果。对于学生的感恩教育，不是一阵风一阵雨，要持之以恒，同时，这不是学校教育但依旧可以促成的，它需要学校的氛围，家长的支持，教师的坚持，厚积而薄发。而且学生的感恩教育绝不是社会上盛行的抱一抱、养个蛋、洗洗脚……这样简单。学生的感恩由近及远可以分为：感恩父母、感恩老师、感恩同学、感恩学校、感恩祖国等等。该如何培养孩子的感恩心呢？从家庭角度：1.养成感恩的习惯    通过家校合作指导家长做好示范，利用一切可以利用的契机对孩子进行教育，孩子耳濡目染，渐渐接受这种最基本的礼仪，也学会向父母道谢，将感恩内化于人格之中。 2.父母要学会偶尔“示弱”告诉家长朋友在家庭生活中，要多给孩子机会，让孩子为父母做些事。让孩子学会给予，懂得父母和别人的给予与帮助是一种“恩惠”，而不是理所当然或者欠他的。 3.“计较”为孩子的付出父母必须“计较”的小事。别让孩子觉得父母对他一无所求，他根本不需要为父母做什么。要让孩子懂得索取是要付出的，不能无条件地进行索取。4.及时表扬孩子在孩子做了好事后，不管他是主动还是被动做的，不管他做得是否令人满意，父母都要发自肺腑地感谢他、赞扬他，那么孩子定会大受鼓舞。父母由衷的肯定才是孩子关心他人的动力。    从学校的角度：1.用对比感恩社会一是要利用爱国小故事进行教育。激发孩子爱国主义热情，让孩子主动去学习一些小故事。二是通过新旧社会的对比，加强“有国才有家，国富则民强”的思想教育，培养孩子从小热爱祖国、热爱党、热爱社会的高尚情操。三是利用清明节扫墓、烈士陵园观赏、红色旅游景点进行实地游玩，加强孩子爱国主义教育。2.用理解感恩父母。一是让学生做力所能及的事，从小养成自己的事情自己做的好习惯；二是用历史文化作载体进行正面教育。3.用学习感恩老师一是要尊重老师。见到老师问声好，在言行举止方面做到温文儒雅，听老师的安排和教导。二是好好学习，天天向上。上课认真听讲，按时完成作业。学习成绩是对老师最好的回报，用优异的学习成绩回报老师。三是懂得回馈。在“教师节”等节日，向老师赠送贺卡，传达祝福。4.用友爱感恩集体。一是胸怀要宽广。胸怀宽广的人能赢得众人信服，而小气的人只会斤斤计较、目光短浅，只有胸怀宽广的人才能广交朋友。二是能忍让。以宁静平和的心态去感染他人，以宽厚博大的胸怀去容纳他人。三是善于换位思考。多替别人想一想，通过换位思考，团结友爱，互相帮助，增强孩子集体荣誉感。同时，老师要根据班级情况开展感恩的系列教育，逐步深入，扩大广度，这样学生会在家庭、学校两个环境中接受感恩教育，久而久之学生会有所变化的。
如何让学生对写作文感兴趣，怎样才能写好作文我有些困惑？,邢艳老师解答：关于写作，不论学生还是我们做老师的一提及此事内心都是拒绝的。但是问题终究是要解决的。我教中高年级时，培养学生写作从兴趣入手。三年级开始，在班里开展接力日记活动，每天一人，把一天中最感兴趣的事情记录下来，实在不会写，就让学生先画下来，利用休息时间和学生谈谈画的内容，趁热打铁让学生用文字记录下来，久而久之学生可以从不写到写，从写上几十个字，到写上百十来字……这是一个循序渐进的过程。同时，班级里还有班日志，学生日记本，读后心得……一切可以记录的，在这个时期让孩子们都落在笔头上，时间久了，学生们就会有了一种习惯，拿笔就写，不论写的如何，首先敢写不拒绝。这就好比裁剪衣服，大点没关系，就怕没材料。还有就是我带孩子们搞活动，在体验中积累生动的材料。记得六年级学生秋游挖白薯，这是一个很好的题材，学生活动归来，就让孩子们利用一节课的时间，认真的回忆活动中的每个细节，从同学、老师的表情、语言、动作，引申到人物的心里活动，在学生滔滔不绝间，在学生手舞足蹈时，生动的作文素材已经摆在了学生们的面前。真正写作起来学生不费劲了，只不过是“记豆腐帐”和下笔如有神的区别了。再有就是读书活动，让学生记录好词好句。同时，每周必须的两次读书交流活动。这是在帮助学生提升写作的技巧，时间长了，学生的写作自成风格，班里几位写作困难者也不过只需要老师开开小灶了。我教写作还有一个法宝就是互批互判，一篇文章写好后我会先批一遍，指出学生写作中大概的问题，然后在作文课上进行细致的指导。之后，让学生小组合作互相点评，修改，经过两轮的评价学生基本上知道了如何修改自己的作文，最后进行作文稿调试，最终上交的作文中，不论如何我都会给孩子以肯定，这样学生们才会有自信，就会对写作不拒绝敢动笔，这是进步也是克服写作障碍的起点。总之，不论教材如何改，我教学生作文还是会在写作前出示例文，把写作方法和例文讲解有机结合起来，让学生有具体感受。真正写作中我允许学生运用一些简单的、单一的写作方法，等待时机成熟慢慢的再扩展范围。在学生的作文讲评中，我会对学生的写作方法进行讲解和分析，让写作方法得到再现和回归。经过以上的兴趣培养、材料积累和方法讲解，学生逐渐在面对写作时不再困惑了。
学生的计算能力总是提不上去，应该怎么帮助他？,开展口算，笔算比赛。比赛最能激发斗志，使学生注意力集中。
如何能让孩子学会感恩？,邢艳老师解答： 感恩是社会上每个人都应该有的基本道德准则，是做人的起码的修养，是一种处世的哲学，是生活中的大智慧，也是人之常情。我个人认为，首先作为一名教师要拥有一种感恩的情怀，因为，教师是学生学习的榜样，言传不如身教，在教室的示范下学生才会收到启发，才会达到亲其师，信其道的教育效果。 对于学生的感恩教育，不是一阵风一阵雨，要持之以恒，同时，这不是学校教育但依旧可以促成的，它需要学校的氛围，家长的支持，教师的坚持，厚积而薄发。而且学生的感恩教育绝不是社会上盛行的抱一抱、养个蛋、洗洗脚……这样简单。学生的感恩由近及远可以分为：感恩父母、感恩老师、感恩同学、感恩学校、感恩祖国等等。 该如何培养孩子的感恩心呢？从家庭角度： 1.养成感恩的习惯 通过家校合作指导家长做好示范，利用一切可以利用的契机对孩子进行教育，孩子耳濡目染，渐渐接受这种最基本的礼仪，也学会向父母道谢，将感恩内化于人格之中。 2.父母要学会偶尔“示弱” 告诉家长朋友在家庭生活中，要多给孩子机会，让孩子为父母做些事。让孩子学会给予，懂得父母和别人的给予与帮助是一种“恩惠”，而不是理所当然或者欠他的。 3.“计较”为孩子的付出 父母必须“计较”的小事。别让孩子觉得父母对他一无所求，他根本不需要为父母做什么。要让孩子懂得索取是要付出的，不能无条件地进行索取。 4.及时表扬孩子 在孩子做了好事后，不管他是主动还是被动做的，不管他做得是否令人满意，父母都要发自肺腑地感谢他、赞扬他，那么孩子定会大受鼓舞。父母由衷的肯定才是孩子关心他人的动力。 从学校的角度： 1.用对比感恩社会 一是要利用爱国小故事进行教育。激发孩子爱国主义热情，让孩子主动去学习一些小故事。二是通过新旧社会的对比，加强“有国才有家，国富则民强”的思想教育，培养孩子从小热爱祖国、热爱党、热爱社会的高尚情操。三是利用清明节扫墓、烈士陵园观赏、红色旅游景点进行实地游玩，加强孩子爱国主义教育。 2.用理解感恩父母。 一是让学生做力所能及的事，从小养成自己的事情自己做的好习惯；二是用历史文化作载体进行正面教育。 3.用学习感恩老师 一是要尊重老师。见到老师问声好，在言行举止方面做到温文儒雅，听老师的安排和教导。二是好好学习，天天向上。上课认真听讲，按时完成作业。学习成绩是对老师最好的回报，用优异的学习成绩回报老师。三是懂得回馈。在“教师节”等节日，向老师赠送贺卡，传达祝福。 4.用友爱感恩集体。 一是胸怀要宽广。胸怀宽广的人能赢得众人信服，而小气的人只会斤斤计较、目光短浅，只有胸怀宽广的人才能广交朋友。二是能忍让。以宁静平和的心态去感染他人，以宽厚博大的胸怀去容纳他人。三是善于换位思考。多替别人想一想，通过换位思考，团结友爱，互相帮助，增强孩子集体荣誉感。 同时，老师要根据班级情况开展感恩的系列教育，逐步深入，扩大广度，这样学生会在家庭、学校两个环境中接受感恩教育，久而久之学生会有所变化的。
教室要如何做才能从本质上改变后进生的学习态度？,邢艳老师解答：所谓的后进生有两种情况，一类是学困生，一类是问题学生。但是不论是那样的孩子，他们今天的表现一定是有所积累的，也就是每一个孩子成长过程中都有我们这些为师的不知道的故事。因此，不要急于给学生贴标签，下定义；要做到一视同仁，追根溯源。如果是习惯问题就需要做好长期的，反复的斗智斗勇的心理准备。如果是学习问题，就要深入了解，细致分析找到问题的根源，下功夫为其查漏补缺，家校合作共同促进孩子的进步。如果是学生家里的问题，那就需要因势利导，尽我们自己最大的力量，努力帮助学生逐步改善。大致总结一下工作策略：1.保护后进生的自尊心。所谓的后进生，他们具有强烈的自尊心，他们有些方面的表现虽然不怎么好，但他们不希望老师，同学用其它的目光来看他。用爱心融化后进生冰冻的“心理防线”，在师生间架起一道情感交流的桥梁。2.激起后进生感情的浪花。教师要用耐心去观察学生的一举一动，体会他所作所为的目的。以心灵的温暖，健康的情感去医治后进生心灵的创伤，真诚地帮助他们，让他们尽可能改掉身上的各种缺点和问题，同时学习更多的知识，以免留下终身遗憾。　 3.对症下药，因材施教关心爱护后进生，激励后进生“想学”的愿望。多找后进生谈心、编座位照顾后进生、上课要多提问后进生、耐心回答后进生的提问、当面批改差生的作业、采取“一帮一”的活动、多发现后进生的“闪光点”、多鼓励少批评等等措施，也得到了比较理想的效果。根据后进生的心理特点，激发学习兴趣，引导后进生“爱学” 要想后进生由“要对我学”到“我想学”是一个十分难得可贵的进步。总而言之，教师要用心体会，真心付出，耐心了解，因材施教给予学生帮助，关键是要让学生体会到你的良苦用心，要用个人的魅力影响并改变学生。
如何跟学生讲清联想和想象？,联想是由一物联想到另一物，或由一件事联想到另一件事，它们之间是有一定联系的，是实在的。是逻辑性思维。而想象是由眼前的情景，展开丰富的想象。想象到的可以和眼前的没有一点关系。属于发散性思维。
假期安排哪些作业可以做到减轻孩子的负担，又让他们度过一个有意义有收获的假期？,完成两本寒假作业，最少读一本自己喜爱的书，并写出读书心得体会，再就是写写日记。
班上的差生怎么努力都没效，有好的方法吗？,邢艳老师解答：学困生和问题学生都属于后进生。但是不论是哪样的孩子，他们今天的表现一定是有所积累的，也就是每一个孩子成长过程中都有我们这些为师的不知道的故事。因此，不要急于给学生贴标签，下定义；要做到一视同仁，追根溯源。如果是习惯问题就需要做好长期的，反复的斗智斗勇的心理准备。如果是学习问题，就要深入了解，细致分析找到问题的根源，下功夫为其查漏补缺，家校合作共同促进孩子的进步。如果是学生家里的问题，那就需要因势利导，尽我们自己最大的力量，努力帮助学生逐步改善。大致总结一下工作策略：1.保护自尊心。所谓的学困生，他们具有强烈的自尊心，他们有些方面的表现虽然不怎么好，但他们不希望老师，同学用其它的目光来看他。用爱心融化学困生冰冻的“心理防线”，在师生间架起一道情感交流的桥梁。2.激起感情的浪花。教师要用耐心去观察学生的一举一动，体会他所作所为的目的。以心灵的温暖，健康的情感去医治学困生心灵的创伤，真诚地帮助他们，让他们尽可能改掉身上的各种缺点和问题，同时学习更多的知识，以免留下终身遗憾。　 3.对症下药，因材施教关心爱护学困生，激励学困生“想学”的愿望。多找他们谈心、编座位照顾、上课要多提问、耐心回答他们的提问、当面批改差生的作业、采取“一帮一”的活动、多发现他们的“闪光点”、多鼓励少批评等等措施，也得到了比较理想的效果。根据学困生的心理特点，激发学习兴趣，引导后进生“爱学” 要想他们由“要对我学”到“我想学”是一个十分难得可贵的进步。总而言之，教师要用心体会，真心付出，耐心了解，因材施教给予学生帮助，关键是要让学生体会到你的良苦用心，要用个人的魅力影响并改变学生。
怎么培养学生对学习的积极性？,首先要培养学生对学习的兴趣，学生对学习有了兴趣，学习的积极性自然就上来了
怎样对待性格极内向的单亲孩子？,关爱、帮助、沟通
怎么解决学生早恋问题？,邢艳老师解答：这是一个敏感的，不可避免的话题。现在只要上网随便搜索下00后早恋的报道可以拉开一大片，让很多网友和家长简直不敢相信，直呼这个早熟的时代。而更厉害的是同班早恋也就算了。隔了班也挡不住孩子们蠢蠢欲动的心！  早恋现象给学生们本就紧张忙碌的学习生活造成了难以挽回的损失和影响。而作为我们教师看在眼里，急在心头，方法一旦不得当就会引火上身，害己伤人。我觉得老师们多学一些有关青春期心理的知识，才能有更透彻的认识，了解实际问题，并将其上升为理论，进行分析，再回到实际工作中更有目的性，方向性，条理层次更加清楚的帮助学生认识早恋的影响与危害，顺利地度过危险期。对于学生的早恋问题我们要学习“大禹治水”的方法，堵不如疏，疏导的前提是调查和分析。一般有早恋倾向的学生多数是家庭环境造成的。其一，是单亲家庭，这样的学生需要温暖；其二，是留守儿童，家长不在身边无人陪伴引导；其三，是家庭暴力（冷暴力）……每个这样的孩子在无法改变的生活背景下，得不到家庭的温暖他们就会相互取暖。如果是这样老师就要成为孩子们的暖炉，温暖他们的心，让他们找到依靠，帮助他们进行心理疏导，指明未来的努力方向就可以扭转这类事情的发展。作为老师我们也可以因势利导把爱变成动力。其实有很多这样的例子，学生喜欢彼此是很正常的，老师的任务就是运用智慧引导学生告诉他们现在要以学业为重，把爱藏在心中，互相鼓励对方，在互相鼓励中前进，人生的路还很长，或许十几年之后，你们真的可以以最优秀的自己相处在一起，这需要你们相信彼此，并为之努力，而不是早恋。只是要在合适的时间再去表达。其次就是利用集体的力量，给孩子们一个温暖的的“家”——班集体。老师们可以因地制宜的在班级开展丰富多彩的活动，在活动中让学生感受集体的温暖，同时，可以利用一切可以利用的资源给学生们把好生理成长的的第一关，让小男生，小女生认识自己，学会保护自己。尤其是女生，她们比男生早熟，所以很自然的很多女生躁动不安和各种蠢蠢欲动就会发生。一旦真的早恋出现了，很多事实证明，早恋不可怕，可怕的是失恋 !有很多老师发现早恋苗头，第一时间就会告诉家长，家长在得知孩子早恋以后，多数是责骂甚至殴打，没有理智的听孩子们的解释。因为家长一味责骂，孩子会而产生强烈的逆反心理，甚至迁怒于老师和同学。他们会很自然地产生你不让我做我偏要做的心态。所以在处理早恋事件上要跟学生建立起良好的沟通。相信孩子，给孩子们一个解释的机会。但是也要态度坚定的让学生们明白早恋的弊害。经验告诉我们只要让学生们现在正确的认知问题的本质，我们才能更好的解决问题。
假期电子产品使用过度，电视、电脑、手机、平板……让孩子们不能自已，难以自拔。如何监管？,邢艳老师解答：这其实就是要求老师们如何给学生们安排好假期活动。对于电子产品我们无法杜绝，到了假期学生回到家庭，我们也是鞭长莫及。在假期里很多的作业、活动还必须在网上完成。因此，不让学生接触电子产品是我们无法控制的，调研表明，每个家庭都希望孩子们不去接触这些电子产品，可是那个家庭的家长们不是抱着手机、平板电脑呢？哪一个家庭不让孩子接触电视呢？我们做教师的心有余力不足，我们个人的力量无法和互联网抗衡。在这个互联网的时代，我们可以设计出丰富多彩的假期活动，让学生人离校回家，心要在学习氛围中。我们可以这样设计假期的作业，比如：假日小队主题活动，出宣传小报、准备汇报稿；与家人一起开展摄影、旅游活动；日节将至，调查春节的习俗；开展读书活动、英语单词闯关、成语接龙……等有意义的活动。老师还可以通过微信群检查学生的作业，在家表现。教育的问题随时会出现，解决问题是关键，尤其假期，学校单方面的努力，不如与家长联手一起引导学生过一个意义非凡的假期。
小学升入初中，学科增多了，作业量也增大了，很多同学感到无所适从，如何过渡？,合理安排好每门科目的时间，有轻重缓急的安排。
对于农村孩子，假期时，无法与家长进行亲子活动，老师所留的一些家庭作业，学生无法完成，怎么办？,先了解不完成作业的原因，再对症下药。我觉得假如寒假作业真没完成，开学必须补上，要不然其他学生也跟着不完成作业。
面对离异家庭的学生应该怎么办？,爱，把他们当做自己的孩子去爱，发自内心的，有错说错，有进步替他们高兴，让我们成为他们无话不说的家人！
城乡结合处的小学生如何学好英语？家长不管或者不知道如何辅导？,一、赢得家长支持，合力做好家庭教育  我们通过家长会、家访等方式，向家长宣传家庭教育配合的重要意义及方法，使家长重视、关心子女的成长。主动与家长联系，认真听取家长的意见和建议，使家长积极配合学校和老师的教育，在关注孩子学习成绩的同时，关注孩子的能力和综合素质的提高，关注孩子学习的态度、情感和价值观。二、英语入门教学是学英语的启蒙阶段，良好的开端是成功的一半。  首先，我们及时摸清新所班级的学生情况，如原就读学校、学习情况、父母文化程度、学生个性、学习态度和学习习惯等；对有困难的学生加强个别交流和思想沟通，帮助他们确立正确的学习动机，树立学好英语的信心；对性格内向的学生引导他们多开口、多交往，使学生从一开始就体验到英语教师特别关爱他们，建立起融洽、民主的师生关系，增强克服学习困难的自觉性和毅力。其次重视培养学生的良好学习习惯，克服懒散和不愿开口的习惯。三、学生的英语基础比较薄弱，在初学阶段接受得比较慢，如果课上没有扎实的掌握，课外就无法进行运用，课上我们必须让学生读准、记住。因此，我们在教学中，尽量做到每次新授单词时很注重的单词分解拼读，让学生读准每一个音节，让学生听磁带模仿、看老师的口形练习，扎扎实实的读音学习是基础。有效地开展活动，比如：认读字母和单词，进行对话表演，吟唱英语歌谣等，既创造了一个学习英语的氛围，同时也可以避免学生遗忘快的现象。四、建立学生学习档案，使学生走向独立自主学习  学习档案是学生在学习过程中的努力、创意及进步的一个记录。我们在教学中，要求学生把自身喜欢的语句、单词、试卷分析表、课堂发言奖、英语学习自我评价与同学之间评价、图片以及磁带等收藏在一个盒里，建立自己学习英语的档案。通过档案的建立，学生能从依赖教师指导逐渐走向独立自主学习。五、巧设课外作业，变负担为乐趣。 设计创造性作业，培养学生的创新能力。语言的功能在于运用，只有在实践中语言的魅力才能表现出来。让学生充分发挥想象，把课堂上学到的词汇或句型用歌曲、用chant的形式进行说唱，阔大了学生对英语的输出量。因为小学生好动、表现欲强，在说唱时肯定会做出表演性动作，这样还有利于开发运动智能。把绘画与语言相结合。学了四会单词chair、desk、door、bed、window后，用画画的形式表现出来，运用学过的方位词，用英语叙述各种东西的位置；教完动物和身体部位后，叫学生自己创作一种诸如“四不象”之类的动物，并用英语说说由哪些动物的什么身体部分组成，有几个头、几只眼睛、身体各部位的特征等；结合食物、数量和颜色类内容，布置画一画或涂涂色的作业等等。
面对新接手的一个小学中年级，如何能快速的形成班级凝聚力？,"一、要想使班级具有很强凝聚力，班主任要以身作则，做得正，行得直，使自己在学生中树立威信，让学生尊重你、支持你。班主任每天和学生接触的最多，所以班主任不只是对他们进行语言教育，更重要的是用自己的行动为他们做出榜样，使学生耳濡目染。二、要想使班级具有很强凝聚力，一定要有一支优秀的班干部队伍。一个成功的班集体，除了要有一名优秀的班主任外，还必须有一支能干的班干队伍。班干部作为联系班主任与学生的桥梁，作为班主任的助手，他们工作能力的高低，工作方法的对错，在同学中威信的高低，往往能够决定一个班级的精神面貌与风气。三、要想使班级具有很强凝聚力，班主任必须真心对待每一名学生。其次，班主任关心学生不应表现在语言上，更重要的要落实到行动上。四、建立主动协作的班干队伍和骨干队伍。在选派班干部时，我注意做到如下几点：①观察谁在同学中享有较高的威信，具有一呼百应的本领；②从这几位同学中选拔出学习好、思想好，有责任心，有奉献精神的同学组成班级的班干队伍；③着重培养他们的服务意识，使他们懂得班级干部不是光自己各方面好就行了，而是为全班同学服务的，必须有吃苦耐劳、不计较个人得失的作风；④放手让他们大胆去工作，去锻炼，并适当给他们压担子，一方面可培养和提高他们的能力，另一方面，可以培养他们在工作中团结、协作、民主，肯吃苦的作风。五、开展各种活动是形成班集体凝聚力的基本途径。班集体在班级活动中逐步形成。不开展丰富多彩的班级活动，要建设成班集体是不可能的。学生通过参加各种活动，必然在活动中与人交往，参加的活动越多，交往的面越广，活动的频率越高，他们就会更加认识到互相协作、互相支持、互相帮助的重要，班集体的凝聚力就会逐渐形成。班级开展的活动很多。一些常规活动如：""每日一句名言""、""一分钟问答""""每周一次作业展""等，除此之外，我认为，班主任更要重视以下活动：1．抓好主题教育活动，增强班集体的凝聚力2．通过和其他班级的友谊竞争，增强班集体的凝聚力"
高质量的英语寒假作业是什么？,1、收集摘抄身边的英语，各类商标广告词随处可见，收集英语商标，收集简单的英语诗歌，这些收集作业不仅使他们增长了知识，也培养了学生良好的自学意识。2、设计创造性作业，只有在实践中语言的魅力才能表现出来。让学生充分发挥想象，把课堂上学到的词汇或句型用歌曲、用chant的形式进行说唱，阔大了学生对英语的输出量。因为小学生好动、表现欲强，在说唱时会做出表演性动作，这样还有利于开发运动智能。3、把绘画与语言相结合。学了四会单词chair、desk、door、bed、window后，用画画的形式表现出来，运用学过的方位词，用英语叙述各种东西的位置；结合食物、数量和颜色类内容，布置画一画或涂涂色的作业等等。
当遇到屡教不改的学生时应该怎么办？,化解也需要时间，而老师心急了，缺乏等待的心态，没看到明显的改变征兆，就认为是没有改变，实际上可能已经在潜滋暗长地改变。
期未复习课时由于两极分化严重，优秀生“吃不饱”而潜能生“吃不下”怎么有效平衡呢？请指教。谢谢！,上课复习时主要针对大部分学生经常出错的内容，可以不止一些拓展作业给潜能生。
寒假作业怎样布置比较有效果？,对于小学动手实践，（学做2个简单的饭菜）读课外书，整理房间，和家长去户外活动，滑雪、滑冰、自己上街购物，做公益活动......
孩子真心不愿意阅读，想了很多方法都不恰当，该怎么办？,"全艺老师解答：《语文课程标准》要求：“1至2年级学生课外阅读量不少于5万字，3至4年级学生课外阅读量不少于40万字，5至6年级学生课外阅读量不少于100万字”。阅读能力是学生应该具备的一个重要素质。为了让学生爱上阅读，我主要从以下几方面着手：一、创造愉悦的阅读环境教室书柜旁，我开辟出一片阅读区，铺上软垫，学生三五成群地在早读或午间自习时，围坐在一起阅读。每天课代表抄写一首没有学过的古诗，名篇名著中的一段精彩段落，我和学生们彼此分享，这是无声的教育。不失热情、趣味和欢乐之情，学生在浓浓的读书氛围中，从而自觉地进行阅读活动。为了培养学生坚持阅读的习惯，建议家长在家中创建阅读环境，同时教给家长买书的学问。买书时尽量让孩子自选，或用奖励的方式去选书。再通过可以给孩子买一个单独的书柜，准备不同类型和风格的儿童书籍，上面摆满自己喜欢看的书，家长老师推荐的书，让孩子在家里随时都能找到合适的书去读。让学生爱上阅读并非是一件易事，它不可能立竿见影。它需要老师的循循善诱，持之以恒。只要坚持不懈地激发学生的读书兴趣，培养良好的阅读习惯，掌握正确的阅读方法，读书就逐渐成为自觉行为。阅读让孩子们在知识的海洋中自由自在的遨游，为孩子们撑起一片多彩的蓝天。二、激发良好的阅读兴趣有了兴趣，才能从内心深处对阅读产生主动需要。因此，我大力激发学生的阅读动机，使他们在头脑中将阅读与乐趣相联系，让他们愉悦地进行阅读，快乐地接受自己想要学习的语文知识。培养良好的阅读兴趣从课堂开始。1、借熟悉的故事激发阅读兴趣。提及学生耳熟能详的故事进行教育，引起学生的共鸣，如《伊索寓言》、《安徒生童话》等。2、用生动的语言激发阅读兴趣。通过自己声情并茂的朗读，向学生简介要读的文章内容。3、选精彩的情节激发阅读兴趣。课堂学习中，遇到情节紧张，故事跌宕的文本时，我就与一些课外书籍进行关联，埋下伏笔创设悬念，让学生产生好奇心。4、以榜样的力量激发阅读兴趣。平时，我有意识地向学生介绍老舍、鲁迅、冰心等名人热爱读书的一些故事，讲述中外名人小故事，介绍人物传记。5、充分利用教材中好读书的例子把读书的益处展示在学生的面前，学生明白了古今往来，凡对人类有作为的，无不是博览群书、勤奋学习的结果。三、培养良好的阅读习惯1、专心致志。每次读书时间依年龄不同，而专注的时间不同。2、持之以恒。课堂阅读是课外阅读的基础，课外阅读则是课堂阅读的延伸，教师在教学中应很好地发挥教材的优势，把学生的阅读兴趣延续到课外，由课内延伸课外阅读，把课堂教学与课外阅读有机地结合起来,促进课外阅读的开展。读书是一个长期坚持的过程，因此在家在校都需要留有读书的时间。3、雁过留痕。在阅读过程中，让学生养成“不动笔墨不读书”的习惯。随时批注或带着问题读，这样能进行有目的的阅读。四、输出独特的阅读感受通过班级读书活动和家庭读书活动，让学生反馈读书收获，让学生通过不同形式的输出，完整的表述自己的观点，会慢慢培养孩子的自主思考能力。学生只有畅所欲言的谈论自己所阅读的书，在互相讨论中形成自己的理解，阅读才是有价值的。因此，可以开展以下活动：1、书评2、家庭读书会3、阅读小组4、阅读存折阅读是积累渐进的技能。你读得越多，就读得越好。读书越多，知识和知识之间就能形成连接，发挥更大的作用。深入阅读可以让学生厚积薄发，滋养身心。"
怎样做好留守儿童的思想教育？,建立留守儿童的档案，在生活上，情感上多基于关注。
学生沉迷游戏，如何让高中生远离游戏，爱上学习？,邢艳老师解答： 我们生活的当代社会正处于互联网极为发达，信息量大，生活处处离不开电子产品的时代。在科技给人们带来各种便利的同时，各种游戏也充斥着人们的生活，小到一两岁的孩子大到生活悠闲的老年人，只要想玩游戏总有一款适合你。比如：微信、各种游戏小程序、以及游戏厂家也开发的《航海时代》、《魔兽世界》、《王者荣耀》等等。画面靓丽、明星代言、媒体炒作，有些学生出于好奇从了解到沉迷，作为老师看在眼里，急在心上。我觉得这样的状况下，我们可以这样试试。第一招就是攻心为上。在班级中开展生涯规划教育，启发学生树立人生理想，发现自我，认识自我，了解自我人生价值。告诉学生，成功始于目标，想要高效学习先给自己定一个具体明确的目标。三个问题让学生目标明确，剖析自我。1、你对你现在的成绩满意吗？如果你的回答是不满意，请继续往下看，如果是满意你就可以不用往下看了。2、你希望下次考试考班上第几名或者考多少分？根据自己情况选择问题。如果你的答案是前几名，说明你的目标不明确，请继续往下看。3、第几名对你最有吸引力而且有可能性？这个问题是帮助你确定一个具体的名次或分数。要反复揣摩，问自己第5名吸引力大不大？可能性怎么样？第6名？第7名？确定一个最有吸引力而且有可能性的目标。第二招是以理服人。开班会是个很好的教育手段，班会可长可短，每次解决一个问题，对于学生的进步给予支持和肯定。在班里树立榜样，开展各种形式的“比学”活动，用丰富的活动分散学生对游戏的注意力，同时，也可以缓解学生的学习压力。这样会使学生绝对学习虽然枯燥还是有乐趣的。
学生制定假期计划，书面上很合理，执行起来还是要靠监督，自觉性该如何培养？,全艺老师解答：愉快的假期来临，忙碌了一个学期的孩子们终于等到了可以不顾一切“放纵”的机会，但是老师和家长却没有和孩子商量，就给他们留了不少作业，报了不少课外班。当给孩子的任务或者事情，超出他们努力能达到的范围，或者让孩子长期处于一种吃力的状态，就很容易让孩子疲惫，从而产生挫败感，丧失兴趣和动力。当你的孩子不知努力、调皮捣蛋、沉迷游戏时，一定要记住，根本没有所谓的“坏孩子”，只是他内心向上的种子尚未被唤醒。孩子缺乏学习主动性的问题，在心理学上是缺乏学习动力的问题，和家长凡事包办也有一定的关系，孩子的成长不仅仅是孩子自己的事，更要靠家庭、学校的紧密结合、紧密互动来推进。要给孩子一个相对宽松的环境，相信孩子，始终以一种赏识的眼光来看待他。一、假期计划的可行性1、首先，确认计划是出于学生自主意愿。2、其次，家长教师和学生一起协商修改。3、再次，三方共同约定合理化实施方案。二、落实计划的操作性1、和谐的氛围助力孩子有效学习和谐的家庭氛围，孩子性格也会比较健康阳光。如若要求孩子完成阅读任务，父母能抽出时间，挑几本好书，陪着孩子一起阅读，一起跟孩子聊聊书中的话题，就会让孩子更多的感受到阅读的乐趣，孩子自然而然的也会爱上阅读。2、合理的家规助力孩子良好习惯孩子能落实合理的家规就是一种自觉行为。长此以往，孩子能成为一个有良好修养的好孩子，生活中有了规则意识，做事都会有标准，也能合理利用时间来安排自己的学习生活。3、平等的交流多和孩子交流，才能够了解孩子本身不听话、不自觉学习的原因。同时，也应分析有没有家长方面的原因，如果家长教育孩子不得法，也有可能出现亲子关系对立，家长就应尽快改变自己的某些不恰当的家教方法。4、适当的家务助力孩子生活自理从整理书包开始，到整理书桌，再到整理自己的衣柜和房间，慢慢的对孩子有要求，养成能保管好自己的东西、做事有效率的习惯。有些孩子学习自觉性较差，计划落实性弱，与生活上不能够自理很有关系。生活上被照料过多，从不做任何家务的孩子，却可能对自己和对家庭都缺乏责任感，动手能力也较差。因此，学习上也会懒惰和被动。有社会学家指出来说：爱做家务的孩子的失业率是不爱做家务的孩子的十分之一。5、明确的目标助力孩子努力奋斗和孩子一起分析下一阶段目标，引导孩子明确奋斗目标，新的学年怎么办？要有自己的具体奋斗目标和学习计划，这样孩子才能够真正想一想，自己怎样自觉学习，而不是靠家长的督促。6、适当的运动助力孩子意志品质运动够带给一个人克服困难的勇气，竞技体育能够让人有自信和挑战意识。归根结底，从小培养孩子的自理自主能力有助于提升孩子的自觉和自律意识。当孩子的自助习惯已养成，就会自觉落实计划，家长老师适当的提醒即可，切记监督，那样会彼此失去信任。
老师，备案除了知识点，最需要考虑的是什么,针对重难点的问题设计:简单直接 戳中学生的思维兴趣点，引发思维 探索 讨论
如何教会所谓的  学习困难生？就是那种听不懂授课内容考试几乎是个位数的学生？,邢艳老师解答：学困生和问题学生都属于后进生。但是不论是哪样的孩子，他们今天的表现一定是有所积累的，也就是每一个孩子成长过程中都有我们这些为师的不知道的故事。因此，不要急于给学生贴标签，下定义；要做到一视同仁，追根溯源。如果是习惯问题就需要做好长期的，反复的斗智斗勇的心理准备。如果是学习问题，就要深入了解，细致分析找到问题的根源，下功夫为其查漏补缺，家校合作共同促进孩子的进步。如果是学生家里的问题，那就需要因势利导，尽我们自己最大的力量，努力帮助学生逐步改善。大致总结一下工作策略：1.保护自尊心。所谓的学困生，他们具有强烈的自尊心，他们有些方面的表现虽然不怎么好，但他们不希望老师，同学用其它的目光来看他。用爱心融化学困生冰冻的“心理防线”，在师生间架起一道情感交流的桥梁。2.激起感情的浪花。教师要用耐心去观察学生的一举一动，体会他所作所为的目的。以心灵的温暖，健康的情感去医治学困生心灵的创伤，真诚地帮助他们，让他们尽可能改掉身上的各种缺点和问题，同时学习更多的知识，以免留下终身遗憾。　 3.对症下药，因材施教关心爱护学困生，激励学困生“想学”的愿望。多找他们谈心、编座位照顾、上课要多提问、耐心回答他们的提问、当面批改差生的作业、采取“一帮一”的活动、多发现他们的“闪光点”、多鼓励少批评等等措施，也得到了比较理想的效果。根据学困生的心理特点，激发学习兴趣，引导后进生“爱学” 要想他们由“要对我学”到“我想学”是一个十分难得可贵的进步。总而言之，教师要用心体会，真心付出，耐心了解，因材施教给予学生帮助，关键是要让学生体会到你的良苦用心，要用个人的魅力影响并改变学生。
我的女儿平时写作业还行，就是一到考试就考不好，尤其是数学，请问怎么办？,考试是检查真正会不会，说明平时知识没有内化，建议平时多训练举一反三。
沟通怎样做？,倾听他人的想法是良好沟通的前提。
班里孩子两极分化厉害，怎么帮助班里的好多差生提成绩？,邢艳老师解答：学困生和问题学生都属于后进生。但是不论是哪样的孩子，他们今天的表现一定是有所积累的，也就是每一个孩子成长过程中都有我们这些为师的不知道的故事。因此，不要急于给学生贴标签，下定义；要做到一视同仁，追根溯源。如果是习惯问题就需要做好长期的，反复的斗智斗勇的心理准备。如果是学习问题，就要深入了解，细致分析找到问题的根源，下功夫为其查漏补缺，家校合作共同促进孩子的进步。如果是学生家里的问题，那就需要因势利导，尽我们自己最大的力量，努力帮助学生逐步改善。大致总结一下工作策略：1.保护自尊心。所谓的学困生，他们具有强烈的自尊心，他们有些方面的表现虽然不怎么好，但他们不希望老师，同学用其它的目光来看他。用爱心融化学困生冰冻的“心理防线”，在师生间架起一道情感交流的桥梁。2.激起感情的浪花。教师要用耐心去观察学生的一举一动，体会他所作所为的目的。以心灵的温暖，健康的情感去医治学困生心灵的创伤，真诚地帮助他们，让他们尽可能改掉身上的各种缺点和问题，同时学习更多的知识，以免留下终身遗憾。　 3.对症下药，因材施教关心爱护学困生，激励学困生“想学”的愿望。多找他们谈心、编座位照顾、上课要多提问、耐心回答他们的提问、当面批改差生的作业、采取“一帮一”的活动、多发现他们的“闪光点”、多鼓励少批评等等措施，也得到了比较理想的效果。根据学困生的心理特点，激发学习兴趣，引导后进生“爱学” 要想他们由“要对我学”到“我想学”是一个十分难得可贵的进步。总而言之，教师要用心体会，真心付出，耐心了解，因材施教给予学生帮助，关键是要让学生体会到你的良苦用心，要用个人的魅力影响并改变学生。
冲动是魔鬼，谁来为我们老师的委屈买单？,当然是教师为自己的行为买单了，一个师者不能对自己的行为负责，何以为师。作为师者又有满腹牢骚，当作是一种责任心，可悲，可叹！
怎样合理的安排孩子的假期作业呢？,张群智老师解答： 不要让作业成为快乐的羁绊 在一次圆桌工作会议的讨论中，老师们都认为孩子们的假期作业太多。一个老师说自己的孩子家庭作业多到每天写，开学前还是写不完。这些作业里有多少是有效的？什么样的作业能让孩子有真正的收获？我总结了以下十条建议。 第一，布置家庭作业前，建议各学科老师之间要互相交流和协调，学校要倡导合理的家庭作业量，保障学生有一定时间去轻松快乐的休息和游戏。 第二，家庭作业不是单纯的学期教学作业的重复，要尽可能培养学生的思维。假期，家长可以带孩子参观一些科学小实验，参加一些实践活动。 第三，用生命教育引导学生的成长。例如，家长可以陪伴孩子去福利院看望同龄的小朋友，互相聊天，把感受写下来。 第四，阅读是学生精神成长的阶梯。在假期，建议老师们推荐一些书目，让学生有选择的进行阅读。阅读可能会开启学生一生的智慧，影响学生一生的发展。 第五，建议老师给学生提供一个自由选择的作业菜单，有些内容必须完成，有些内容可以选择性完成。 第六，老师可以布置一个家庭作业的小调查，了解学生的兴趣，尊重学生的想法，引导学生按照自己的兴趣和特长发展。 第七，寒假期间，大多数家长会带孩子走亲访友，可以建议家长通过走亲访友，引导学生认真感悟人生、感悟亲情，写下自己的生命感受。 第八，老师们可以布置一项作业，和自己的长辈聊聊他们的故事、他们的年代，了解生活中的历史并写下来。这可能是一笔精神财富，同时也培养了孩子的同理心。 第九，假期的时间是属于孩子们的，尊重他们的兴趣。如果他喜欢画画，那就使劲的画吧；如果他喜欢唱歌，那就尽情地唱吧；如果他喜欢运动，那就让他愉快的跑吧…… 第十，注意培养孩子复习和预习的良好习惯。假期老师们可以用家庭聚会的形式聚集家长和学生，引导他们自行去复习和预习功课。如果老师对这种家庭聚会版的学习掌控有度、引导有方，一定会是一件有趣并且有价值和意义的事。 亲爱的老师们，我们都经历过孩童时代。我们不会忘记，我们曾经多珍视自己的假期时光，请把童年的快乐还给孩子，不要让作业成为快乐的羁绊！
有什么好方法让学生爱上阅读呢？,"全艺老师解答：《语文课程标准》要求：“1至2年级学生课外阅读量不少于5万字，3至4年级学生课外阅读量不少于40万字，5至6年级学生课外阅读量不少于100万字”。阅读能力是学生应该具备的一个重要素质。为了让学生爱上阅读，我主要从以下几方面着手：一、创造愉悦的阅读环境教室书柜旁，我开辟出一片阅读区，铺上软垫，学生三五成群地在早读或午间自习时，围坐在一起阅读。每天课代表抄写一首没有学过的古诗，名篇名著中的一段精彩段落，我和学生们彼此分享，这是无声的教育。不失热情、趣味和欢乐之情，学生在浓浓的读书氛围中，从而自觉地进行阅读活动。为了培养学生坚持阅读的习惯，建议家长在家中创建阅读环境，同时教给家长买书的学问。买书时尽量让孩子自选，或用奖励的方式去选书。再通过可以给孩子买一个单独的书柜，准备不同类型和风格的儿童书籍，上面摆满自己喜欢看的书，家长老师推荐的书，让孩子在家里随时都能找到合适的书去读。让学生爱上阅读并非是一件易事，它不可能立竿见影。它需要老师的循循善诱，持之以恒。只要坚持不懈地激发学生的读书兴趣，培养良好的阅读习惯，掌握正确的阅读方法，读书就逐渐成为自觉行为。阅读让孩子们在知识的海洋中自由自在的遨游，为孩子们撑起一片多彩的蓝天。二、激发良好的阅读兴趣有了兴趣，才能从内心深处对阅读产生主动需要。因此，我大力激发学生的阅读动机，使他们在头脑中将阅读与乐趣相联系，让他们愉悦地进行阅读，快乐地接受自己想要学习的语文知识。培养良好的阅读兴趣从课堂开始。1、借熟悉的故事激发阅读兴趣。提及学生耳熟能详的故事进行教育，引起学生的共鸣，如《伊索寓言》、《安徒生童话》等。2、用生动的语言激发阅读兴趣。通过自己声情并茂的朗读，向学生简介要读的文章内容。3、选精彩的情节激发阅读兴趣。课堂学习中，遇到情节紧张，故事跌宕的文本时，我就与一些课外书籍进行关联，埋下伏笔创设悬念，让学生产生好奇心。4、以榜样的力量激发阅读兴趣。平时，我有意识地向学生介绍老舍、鲁迅、冰心等名人热爱读书的一些故事，讲述中外名人小故事，介绍人物传记。5、充分利用教材中好读书的例子把读书的益处展示在学生的面前，学生明白了古今往来，凡对人类有作为的，无不是博览群书、勤奋学习的结果。三、培养良好的阅读习惯1、专心致志。每次读书时间依年龄不同，而专注的时间不同。2、持之以恒。课堂阅读是课外阅读的基础，课外阅读则是课堂阅读的延伸，教师在教学中应很好地发挥教材的优势，把学生的阅读兴趣延续到课外，由课内延伸课外阅读，把课堂教学与课外阅读有机地结合起来,促进课外阅读的开展。读书是一个长期坚持的过程，因此在家在校都需要留有读书的时间。3、雁过留痕。在阅读过程中，让学生养成“不动笔墨不读书”的习惯。随时批注或带着问题读，这样能进行有目的的阅读。四、输出独特的阅读感受通过班级读书活动和家庭读书活动，让学生反馈读书收获，让学生通过不同形式的输出，完整的表述自己的观点，会慢慢培养孩子的自主思考能力。学生只有畅所欲言的谈论自己所阅读的书，在互相讨论中形成自己的理解，阅读才是有价值的。因此，可以开展以下活动：1、书评2、家庭读书会3、阅读小组4、阅读存折阅读是积累渐进的技能。你读得越多，就读得越好。读书越多，知识和知识之间就能形成连接，发挥更大的作用。深入阅读可以让学生厚积薄发，滋养身心。"
怎样才能让孩子自觉做作业呀？苦恼,"朱虹老师解答： 感知作业的趣味，感兴趣地做作业 教书多年，老师们总会为一些孩子不爱做作业而头疼过。有的孩子不认真完成作业，应付差事；有的干脆落写、忘写、拒写。为什么？作业多写不过来？作业难不会做？写着累很想玩？觉得没意思或者没用……总之，没有热情和动力，反倒是一做作业就疲疲蹋蹋，很不情愿，尤其是反复写的作业。老师着急，家长也管得心焦力瘁。 不指责、不放弃，寻找孩子不爱做作业的原因。是作业部署不当，还是课堂教学效果不良导致孩子未学会？是孩子的学习动机待激发，还是学习方法待更新？是写作业的物理环境创设不足，还是心理需要未被关注？找准原因才能有的放矢。 什么样的家庭作业即有效又有趣？ 一．作业的内容与形式 1.贴近生活。将学科知识与生活紧密联系，学习的根本在于为生活服务，达成“学以致用”的目标。作业不应只是简单、机械的抄写和死记硬背的练习，应包括发生在学校内外、有助于身心成长的经验。2.少而精。作业不在于数量而在于质量，一是作业的量要合适，量大了，学生费时过多，负担过重；量少了，达不到巩固的基本要求。二是作业的难易要适中，过难的题目，学生无从着手，要么敷衍了事，要么直接不做；过分简单了，也失去做的价值。能促进学生举一反三，培养其思维能力的作业是精品。3.趣味性。知识性与趣味性的融合，让学生展开丰富的想象和实践，深入挖掘自己的兴趣点，并通过多种方式把它表现出来，培养学生的探索精神、实践能力及参与意识。4.合理化，即要分层，加强针对性。可根据学生学习情况设计作业，注重学生智力因素差异，帮助学生在自己的“最近发展区”获得最大发展，这需要老师的细心、耐心和爱心。5.变化性。如果教师每次布置的作业都一成不变，时间长了,学生就会对作业慢慢地失去兴趣,好奇心就会慢慢地被抹杀，提出创意的问题为可兼具挑战性。6.多元化、多样化。单纯的纸质作业不能满足学生的需求，综合性、实践性作业和各种学习软件更让孩子们产生兴趣，更有助于知识的巩固和学习能力的提升。设计作业的形式可以多样，包括读书、听广播等，以逐步培养学生的自信心和成就感。 7.充分考虑学生年龄特点。小学生天真活泼特别爱做游戏，游戏式作业将所学的知识蕴涵于游戏中；如数学作业“乘法口诀”，可以设计“对口令”的游戏，让学生与家长玩，这样不仅使学生感觉到数学作业是一个游戏的天地，也增进了亲子情感。 举例说一年级的拼音或生字巩固练习，可以采用比较有趣的图案进行填空。培养孩子的动手能力，比如讲《有趣的树叶》，可以让学生做树叶贴画。可以做手抄报，手抄报的内容可以老师根据需要制订。 布置引导孩子主动探索自己内心的作业，如写观察日记、做社会小调查、帮父母做一件事、拜访朋友等，以帮助孩子加强自我认知并主动表现，进一步形成个性、树立信心。 要始终思考布置作业的目的是什么？留作业要达到什么效果？这样才知道布置什么作业，应该怎样布置作业。 二．写作业的过程也是培养孩子好习惯的过程 对于孩子来说完成作业也是习惯养成的一部分，有经验的老师们提出情绪安抚、状态调整在先，同时注意方式、方法。写作业前成人需先跟孩子聊一聊，说说话，让孩子放松放松，用几分钟的时间玩一会儿游戏等等。时间太长或者太多无效重复也会让孩子倦怠，成人需随时关注，用变换内容、适量休息、简单交流等方式加以调整。人们常说，“一张一弛，文武之道”，这也是科学用脑的要求。多鼓励、多表扬，孩子才会持续认真完成作业的好行为。 使用小组合作的策略。根据孩子们的写字、绘画等爱好分工，学生间互相监督、支持；笔答与操作相结合。同时，可以课前来个多样竞赛，坚持一周后评出周冠军发奖品以资鼓励。根据需要，家长与孩子一起完成部分作业，或者跟孩子进行比赛。如让孩子背古诗，家长也可以跟他一起背，以激发孩子的学习兴趣。在这个过程中，成人的即时反馈很重要。合理地运用即时反馈，对激励和强化孩子优质高效完成作业有重要的作用。 有人说：“人类任何有意识的活动无不含有反馈。极而言之，没有反馈就没有智慧，既不懂学习，更不懂创造。” 孩子要透过反馈加以自我调控，但反馈绝不是批驳和成人不假思索的动手修改。配合适当的奖励或惩罚，可强化学生对做作业的正向态度。学习反馈，是学习过程中重要的一环。三．以趣促效和以效养趣 学习是一个过程，应由经验引起个体知识、行为、态度及动机等方面的持久变化，故课后作业作为温习巩固、实践检验的载体不可或缺。 老师研究布置什么样的作业，怎样布置作业，还要研究学生喜欢什么样的作业，学科学习需要什么样的作业。不同学段有不同要求，如小学知识的呈现形式和数量，中学学科的难度和方法手段等，老师都要充分考虑。 老师还需研究学生做作业的过程，有计划、有针对性地帮助学生调控，并促使其最终达成自我监控。调控过程，孩子是主体，老师、家长需各负其责、相互配合，共同引导。成人既要关注孩子情绪，也要关注方式方法，可以平时多帮孩子练内功，即培养专注力、控制力，提升效能感。做作业的效从哪里来？ 管理时间，着眼效率，认真对待。从一开始就养成好习惯，认真对待作业，随时改进做作业的过程，取得不错的成绩，形成良性循环。 心理学家盖兹说：“没有什么东西比成功更能增加个人的满足感了；也没有什么东西比成功更能鼓起个人进一步追求成功的努力了。” 作业中的趣从哪里来？ 一般来说不是作业有趣，而是学生感觉有趣。所以，改善状况就须帮学生调动自身，由内而外产生兴趣。同时，老师不要指望孩子们对所有的作业都感兴趣，但要帮学生看到，对作业持积极态度可能会产生创造性地方法，感知作业的趣味性。不只是去做感兴趣的作业，而要感兴趣地去做该做的作业，这是学生要学会的。 《论语·学而》中记载，孔子曰:""学而时习之，不亦说乎? ""我国古代学者也曾把一个人的学习兴趣由低到高分为三个层次：知学——好学——乐学。设计有效又有趣的作业是达成最高境界的路径之一。"
不守信用的孩子怎么教育？,讲道理，同时用事实告诉他不讲道理危害有多大，最好让他亲自体会到不守信用的危害
假期里怎样让孩子爱上阅读？,"全艺老师解答：《语文课程标准》要求：“1至2年级学生课外阅读量不少于5万字，3至4年级学生课外阅读量不少于40万字，5至6年级学生课外阅读量不少于100万字”。阅读能力是学生应该具备的一个重要素质。为了让学生爱上阅读，我主要从以下几方面着手：一、创造愉悦的阅读环境教室书柜旁，我开辟出一片阅读区，铺上软垫，学生三五成群地在早读或午间自习时，围坐在一起阅读。每天课代表抄写一首没有学过的古诗，名篇名著中的一段精彩段落，我和学生们彼此分享，这是无声的教育。不失热情、趣味和欢乐之情，学生在浓浓的读书氛围中，从而自觉地进行阅读活动。为了培养学生坚持阅读的习惯，建议家长在家中创建阅读环境，同时教给家长买书的学问。买书时尽量让孩子自选，或用奖励的方式去选书。再通过可以给孩子买一个单独的书柜，准备不同类型和风格的儿童书籍，上面摆满自己喜欢看的书，家长老师推荐的书，让孩子在家里随时都能找到合适的书去读。让学生爱上阅读并非是一件易事，它不可能立竿见影。它需要老师的循循善诱，持之以恒。只要坚持不懈地激发学生的读书兴趣，培养良好的阅读习惯，掌握正确的阅读方法，读书就逐渐成为自觉行为。阅读让孩子们在知识的海洋中自由自在的遨游，为孩子们撑起一片多彩的蓝天。二、激发良好的阅读兴趣有了兴趣，才能从内心深处对阅读产生主动需要。因此，我大力激发学生的阅读动机，使他们在头脑中将阅读与乐趣相联系，让他们愉悦地进行阅读，快乐地接受自己想要学习的语文知识。培养良好的阅读兴趣从课堂开始。1、	借熟悉的故事激发阅读兴趣。提及学生耳熟能详的故事进行教育，引起学生的共鸣，如《伊索寓言》、《安徒生童话》等。2、	用生动的语言激发阅读兴趣。通过自己声情并茂的朗读，向学生简介要读的文章内容。3、	选精彩的情节激发阅读兴趣。课堂学习中，遇到情节紧张，故事跌宕的文本时，我就与一些课外书籍进行关联，埋下伏笔创设悬念，让学生产生好奇心。4、	以榜样的力量激发阅读兴趣。平时，我有意识地向学生介绍老舍、鲁迅、冰心等名人热爱读书的一些故事，讲述中外名人小故事，介绍人物传记。5、	充分利用教材中好读书的例子把读书的益处展示在学生的面前，学生明白了古今往来，凡对人类有作为的，无不是博览群书、勤奋学习的结果。三、培养良好的阅读习惯1、	专心致志。每次读书时间依年龄不同，而专注的时间不同。2、	持之以恒。课堂阅读是课外阅读的基础，课外阅读则是课堂阅读的延伸，教师在教学中应很好地发挥教材的优势，把学生的阅读兴趣延续到课外，由课内延伸课外阅读，把课堂教学与课外阅读有机地结合起来,促进课外阅读的开展。读书是一个长期坚持的过程，因此在家在校都需要留有读书的时间。3、	雁过留痕。在阅读过程中，让学生养成“不动笔墨不读书”的习惯。随时批注或带着问题读，这样能进行有目的的阅读。四、输出独特的阅读感受通过班级读书活动和家庭读书活动，让学生反馈读书收获，让学生通过不同形式的输出，完整的表述自己的观点，会慢慢培养孩子的自主思考能力。学生只有畅所欲言的谈论自己所阅读的书，在互相讨论中形成自己的理解，阅读才是有价值的。因此，可以开展以下活动：1、	书评2、	家庭读书会3、	阅读小组4、	阅读存折阅读是积累渐进的技能。你读得越多，就读得越好。读书越多，知识和知识之间就能形成连接，发挥更大的作用。深入阅读可以让学生厚积薄发，滋养身心。"
班里有个控制不住情绪的孩子，如果老师和同学不满足他，他就哭闹，影响上课，可怎么教育他。,朱虹老师解答：看到情绪背后的需求，塑造利于发展的行为生活即表达，情绪是一种表达用语，诉说着内心的期待与渴望。对于事件的想法决定了情绪，对于事件的应对可能源于情绪，反过来还会作用于情绪；每种情绪的产生都有其生理、心理的价值，都是对内外刺激的一种反应。即使是焦虑、恐惧、愤怒等负性情绪，同样有其存在的意义，是一种信号、一种防御、一种调整，是个体自我保护的一种机制；每种情绪都是一种力量，这种力量要么向内、要么向外，常从其引发的行为中释放出来。情绪管理高手在外部刺激到来时会接纳情绪，对话自己的想法，调控自己的应对，争取建设性而非破坏性的结果，全程对自己的情绪负责。青少年、儿童的情绪辅导，要考虑其身心发展阶段及情绪情感特点，主要工作是正向培养，面对一些特质比较相似，如容易发脾气的孩子，或阶段中的群体，如大考前的高焦虑学生要疏导困扰，针对个别学生有时要矫正情绪障碍。基于此，教师要澄清观点，把握好态度，用发展性眼光看待孩子的情绪管理能力有待提高的现状，用多样的辅导策略展开工作。结合“学生遇到一点小事情就爱发脾气，一有点不顺心就哭，总是觉得大家应该围着他转，我该怎样教会他控制自己的情绪？”这一问题，多位老师贡献了经验和思考，一起梳理出了情绪辅导的个案工作思路。一、追根朔源找原因AIR、徐生等几位老师建议先从了解和分析入手，施艳琳老师提出这种状况与家庭教育有直接关系，班主任可直接与家长交流，了解学生的家庭情况。一般来说，不同的家庭关系、教养方式、父母态度，如过高或过低的期望，亲子间缺乏沟通和理解，过分严厉或过度保护会影响孩子性格特点的形成，进一步导致他的行为选择。黄锭佳老师班上的小叶同学，敏感于同学的“嘲笑”，发怒——攻击——纠结不放，这一连串的反应，也需从家庭、个人、学校等多方面寻找症结。情绪问题大多源于关注的获得状况、需求的满足状况、自主性的养成状况。所以，耐下心来，看看孩子发脾气或哭是因为自信不足又害怕学习、表现达不到家长和老师的要求呢？还是缺乏交往技能、参与能力，担心大家不理他或对集体没有贡献？抑或想得到大家更多的关注，又不善表现及表达？心理学家阿德勒认为，人是社会性动物。人一生下来就是社会群体的一部分，且会随之产生一些重要的心理需求。比如人要寻求团体归属感，在团体中占一席之地，以及被团体中其他成员所尊重和接纳的心理需求。阿德勒把这些重要的心理需求称为社会兴趣。人终生都在寻求归属感和团体地位。孩子的偏差行为正是因为他没有被团体所接纳和尊重，能力没有发挥，也没有对团体有所贡献造成的。想获得注意、认可而不得，孩子内心的愤怒、委屈、不安、焦虑是可以想见的。举个例子：小学二年级的轩轩如果与同学有了矛盾，就会向旁边的人乱发脾气。可是这个周二的早上，同学推了他一把，他并没有发脾气。轩轩心情好的时候，比较能容忍一些小摩擦，而且乐于协助老师与同学。再进一步询问他星期二早上到校之前的情形，发现那天早上他与妈妈在一起一直很愉快，而不是像平常一样，因为动作慢吞吞而被妈妈催促、责骂。只要轩轩与妈妈有放松、自然的互动，他对同学就会更有耐心，也就是他有能力保持冷静和好行为。找到了这样的联系，是不是有助于辅导方案的制定呢？二、辅导有方提情商从心理卫生的角度来看，成人不应无端责备学生的情绪感受，而应指导他们在需要的时候，将自己的情绪感受恰当表现出来，这不仅有助于情绪识别和体验，也有助于他们的情绪调整和健康。老师们的经验也集中在正向引导上，李慧老师提出要加强心理疏导，徐生、马红梅等老师建议教给学生一些调控情绪的方法，如：离开情绪现场；转移注意力以缓解消极情绪；教会学生在遇到不愉快的事情时，不要老想这件事，可以看电影、打球、下棋、唱歌、画画，或找要好的同学一起游戏等，开展多种活动，忘却烦恼，寻找快乐。李朝霞老师认为最好的做法是学生情绪起伏比较大时，先忽略他的不当发泄，以静制动，耐心陪伴，积极倾听，安抚平复后，再引领教育和指导。学生的情绪情感是在活动和人际互动中形成与发展的。孙润萍老师建议多给孩子与人交往的机会，多交朋友，让他学会多听他人意见和感受，心境自然会变得平和，走出自我中心；学会谦让、懂得谦让，伙伴之间才能友好相处。孟新平老师提出用情境教学的方式教。我们可以帮学生体会、分析什么样的情境让自己心情不好，不好时自己通常说了什么、做了什么，带来了什么样的影响，还有哪些不同的选择。讨论和行为训练，这样的个别辅导就很精细深入了。面向全体学生的情绪辅导工作可以同时开展。老师可以通过情境模拟、小品表演、讨论、书写等多种形式，帮助学生辨识情绪、理解自己的情绪、增强对快乐的情绪体验、分享积极情绪、恰当地表达情绪，学会管理自己的情绪并应对困扰。再有，养成乐观的生活态度，增强自信心，改善人际关系等主题都有异曲同工之妙。绘本工作法是刘威茜老师确定的班级工作特色，她说：“我主要选择绘本故事作为调节学生情绪问题的依托。在充分调查学生情绪不稳定的原因之后，选择合适的绘本进行阅读，再通过加入适当的游戏和戏剧元素的引入，帮助情绪不稳定的学生在同伴互助间重新找回自己”。三、自我建设教师先只有善于管理情绪的老师才能带出心理健康的学生，帮学生真正做自己情绪的主人。细心观察学生的情绪变化，及时询问、耐心倾听，不压制善转化，这些都有赖于老师平时学一些心理学理论与辅导技术。任莉霞老师认为先要让学生认同、喜欢、敬重老师。确实，引发情绪事件的常是冲突场景，所以，日常营建良好师生关系，才能让老师在关键时刻稳住学生，有序解决问题。小学生自控能力差，他们的情绪表现往往更加外露并富于变化性，这是一种正常现象。中学生正处于青春期阶段，由于生理发展和心理发展的不平衡，内心冲突比较剧烈，自我认同和自我接纳比较差，情绪表现很不稳定。同时由于他们社会生活的经验比较少，还不能非常恰当表达自己的感情，往往容易与周围的人或事物发生冲突。走进学生的内心去感知他，也接受他的情绪自我调适需要时间，不急于改变，而是乐于陪伴他慢慢探索，老师的共情与无条件积极关注是始终要自我磨练的。控制不如疏导，理解代替指责，教会学生如何表达感受和需求，助其自我调控是根本之路。同时，拓宽他的认知、增强他的自信、丰富他的生活、优化他的交往，学生一定会成为更好的人。
马上开学了，如何让学生快速适应紧张的学习生活？,朱虹老师解答：首先，老师调整自己的心态。学生阶段性出现倦怠情绪和行为很正常，老师首先不要慌，将心比心看待，想想自己开学前可能也有不想上班，开学后也有感觉精力、体力欠佳的状况。上学、上班的辛苦是有目共睹的，允许状态有起伏是明智的，老师在心里可以给学生预留出系统自调节的时段。其次，展开辅导工作。老师可倾听学生这一阶段的适应（身体、情绪、心理等）状况，既让学生了解他现在的情形需要调整，也了解学生新学期课业学习上的困难。与学生讨论哪些方法能帮助自己，如：按时作息，制定小目标和小计划，体会学习中的乐趣和成就等。老师在这段时间内加大关注、支持，给予学习表现上的正向反馈。再有，与家长沟通、配合。提示家长与孩子一起调整作息时间，重视规律生活，每天工作之余陪伴孩子复习、预习，把家教重心回归到习惯养成、自主管理等方面上来。还有位老师的建议很有趣：召开班会或上活动课，做一些假期相关的主题活动，甚至是作品征集、趣事分享等，让孩子把假期的经历、收获都说出来、演出来。在这个过程中，孩子们既能体会到假期很美好放松，也能体会到假期已经结束，新学期的生活正等待着自己，需要以新的面貌开始，带着自我期许而努力。新学期，既是一个新的开始，又是长长的、连续的学习生涯的继续，抓住节点帮着学生提高自我管理能力，他的成长将更富有节奏。
一年级新生做作业老是拖拖拉拉的怎么办？,"摘自2017第10周《每周一问》朱虹老师解答：教书多年，老师们总会为一些孩子不爱做作业而头疼过。有的孩子不认真完成作业，应付差事；有的干脆落写、忘写、拒写。为什么？作业多写不过来？作业难不会做？写着累很想玩？觉得没意思或者没用……总之，没有热情和动力，反倒是一做作业就疲疲蹋蹋，很不情愿，尤其是反复写的作业。老师着急，家长也管得心焦力瘁。不指责、不放弃，寻找孩子不爱做作业的原因。是作业部署不当，还是课堂教学效果不良导致孩子未学会？是孩子的学习动机待激发，还是学习方法待更新？是写作业的物理环境创设不足，还是心理需要未被关注？找准原因才能有的放矢。吾吉玛老师认为不是孩子不爱写作业。曾辉老师说是中国式的作业缺少操作性、实践性。这些说法提示我们重视孩子天生的学习力和热情，同时要精心寻找适合不同孩子的、多样的解决之道。什么样的家庭作业即有效又有趣？老师们针对这两个标准：有效、有趣，提出了很多看法，也贡献了很多做法。一．作业的内容与形式1.贴近生活。将学科知识与生活紧密联系，学习的根本在于为生活服务，达成“学以致用”的目标。作业不应只是简单、机械的抄写和死记硬背的练习，应包括发生在学校内外、有助于身心成长的经验。安心、刘文晶、阳廷信、蔡丽青、马红梅老师都提到这样的观点。2.少而精。作业不在于数量而在于质量，边秀艳、曹亚迪、蔡飞、赵华丽、朱华灵、杜洁慧、景昀、廖亮老师都提到这个观点。阳廷信老师认为一是作业的量要合适，量大了，学生费时过多，负担过重；量少了，达不到巩固的基本要求。二是作业的难易要适中，过难的题目，学生无从着手，要么敷衍了事，要么直接不做；过分简单了，也失去做的价值。侯学琴老师提出能促进学生举一反三，培养其思维能力的作业是精品。3.趣味性。边秀艳老师说知识性与趣味性的融合，让学生展开丰富的想象和实践，深入挖掘自己的兴趣点，并通过多种方式把它表现出来，培养学生的探索精神、实践能力及参与意识。4.合理化，即要分层，加强针对性。可根据学生学习情况设计作业，注重学生智力因素差异，帮助学生在自己的“最近发展区”获得最大发展，这需要老师的细心、耐心和爱心。阿勒腾格尔丽、肖泽强、肖静、李慧、郭渊、何燕灵、安心老师都提出类似观点。5.变化性。董晶老师说如果教师每次布置的作业都一成不变，时间长了,学生就会对作业慢慢地失去兴趣,好奇心就会慢慢地被抹杀。麻送海老师提到创意的问题，刘文晶老师认为可兼具挑战性。6.多元化、多样化。安心老师说单纯的纸质作业不能满足学生的需求，综合性、实践性作业和各种学习软件更让孩子们产生兴趣，更有助于知识的巩固和学习能力的提升。蔡丽青老师设计作业的形式包括读书、听广播等，以逐步培养学生的自信心和成就感。7.充分考虑学生年龄特点。吴洁老师认为小学生天真活泼特别爱做游戏，游戏式作业将所学的知识蕴涵于游戏中；如数学作业“乘法口诀”，可以设计“对口令”的游戏，让学生与家长玩，这样不仅使学生感觉到数学作业是一个游戏的天地，也增进了亲子情感。潘海鹰老师举例说一年级的拼音或生字巩固练习，可以采用比较有趣的图案进行填空。培养孩子的动手能力，比如讲《有趣的树叶》，可以让学生做树叶贴画。边秀艳老师列举可以做手抄报，手抄报的内容可以老师根据需要制订。孙润萍老师会布置引导孩子主动探索自己内心的作业，如写观察日记、做社会小调查、帮父母做一件事、拜访朋友等，以帮助孩子加强自我认知并主动表现，进一步形成个性、树立信心。李朝霞老师的经验很值得深思，要始终思考布置作业的目的是什么？留作业要达到什么效果？这样才知道布置什么作业，应该怎样布置作业。二．写作业的过程也是培养孩子好习惯的过程对于孩子来说完成作业也是习惯养成的一部分，有经验的老师们提出情绪安抚、状态调整在先，同时注意方式、方法。吾吉玛老师建议写作业前成人需先跟孩子聊一聊，说说话，让孩子放松放松，用几分钟的时间玩一会儿游戏等等。时间太长或者太多无效重复也会让孩子倦怠，成人需随时关注，用变换内容、适量休息、简单交流等方式加以调整。人们常说，“一张一弛，文武之道”，这也是科学用脑的要求。多鼓励、多表扬，孩子才会持续认真完成作业的好行为。使用小组合作的策略。根据孩子们的写字、绘画等爱好分工，学生间互相监督、支持；笔答与操作相结合。同时，可以课前来个多样竞赛，坚持一周后评出周冠军发奖品以资鼓励。根据需要，家长与孩子一起完成部分作业，或者跟孩子进行比赛。如让孩子背古诗，家长也可以跟他一起背，以激发孩子的学习兴趣。边秀艳、麻送海、李慧、石胜杰、肖静老师提出这样的观点。在这个过程中，成人的即时反馈很重要。合理地运用即时反馈，对激励和强化孩子优质高效完成作业有重要的作用。有人说：“人类任何有意识的活动无不含有反馈。极而言之，没有反馈就没有智慧，既不懂学习，更不懂创造。”孩子要透过反馈加以自我调控，但反馈绝不是批驳和成人不假思索的动手修改。配合适当的奖励或惩罚，可强化学生对做作业的正向态度。学习反馈，是学习过程中重要的一环。三．以趣促效和以效养趣学习是一个过程，应由经验引起个体知识、行为、态度及动机等方面的持久变化，故课后作业作为温习巩固、实践检验的载体不可或缺。老师研究布置什么样的作业，怎样布置作业，还要研究学生喜欢什么样的作业，学科学习需要什么样的作业。不同学段有不同要求，如小学知识的呈现形式和数量，中学学科的难度和方法手段等，老师都要充分考虑。老师还需研究学生做作业的过程，有计划、有针对性地帮助学生调控，并促使其最终达成自我监控。调控过程，孩子是主体，老师、家长需各负其责、相互配合，共同引导。成人既要关注孩子情绪，也要关注方式方法，可以平时多帮孩子练内功，即培养专注力、控制力，提升效能感。做作业的效从哪里来？管理时间，着眼效率，认真对待。从一开始就养成好习惯，认真对待作业，随时改进做作业的过程，取得不错的成绩，形成良性循环。心理学家盖兹说：“没有什么东西比成功更能增加个人的满足感了；也没有什么东西比成功更能鼓起个人进一步追求成功的努力了。”作业中的趣从哪里来？一般来说不是作业有趣，而是学生感觉有趣。所以，改善状况就须帮学生调动自身，由内而外产生兴趣。同时，老师不要指望孩子们对所有的作业都感兴趣，但要帮学生看到，对作业持积极态度可能会产生创造性地方法，感知作业的趣味性。不只是去做感兴趣的作业，而要感兴趣地去做该做的作业，这是学生要学会的。《论语•学而》中记载，孔子曰:""学而时习之，不亦说乎? ""我国古代学者也曾把一个人的学习兴趣由低到高分为三个层次：知学——好学——乐学。设计有效又有趣的作业是达成最高境界的路径之一。"
如何培养一个八岁孩子的注意力？,摘自2017第5周《每周一问》朱虹老师解答：一、厘清状况对于上课分神现象，有的学生可能是偶尔为之，或被什么突发情形吸引，某一段时间转移了关注点，老师自可以忽略不计，或稍加提醒即可。李朝霞老师的提示很重要：教师切忌小题大做，甚至非要弄个清楚明白，影响了正常课堂教学；有的学生可能近期因某些事情被搅扰，大部分上课时间都显得心不在焉，但这并不是他的常态，那么老师需要在课下及时了解实情，陪伴学生解决好困扰，倾听他的心声，鼓励他转化不良情绪，专注于当下学习生活。二、确认原因1.如若正如问题所言，学生不喜欢课堂，东张西望、听10分钟的课就开始做小动作，老师的学情分析工作就要更加细致、全面一些；2.如果不喜欢课堂的人多，老师就要反思是不是此部分的教学内容不够适切学生的认知水平，或者教学形式不够丰富多样，对于小学生来说还有注意力集中有效时段的问题；3.如若是个别人喜欢课堂，通常有带着厌学情绪上课、基础较差听不大懂、行为自控力有待提高等原因；4.当然，小学生中也有一听就会、理解力极强的学生，怎样让吃不饱的孩子也能坐稳课堂，是一些老师也在思考的问题。刘威茜老师还提到，一些学生身上可能存在注意缺损多动障碍。这是一组以注意力缺损、多动冲动、角色管理失控行为为主要表现特征的行为——情绪综合症候群，是儿童期常见的心理障碍之一。对于这种情况，全面专业的心理测评，家庭、学校、医疗机构共同制定实施的干预——个体化教育方案，尤为必要。在此，推荐两位美国学者：哈洛韦尔和瑞提合著的《分心也有好人生》一书。本书告诉读者注意力缺陷症其实是个错误的标签，分心的人通常具有风格独特、有魅力、聪明机智以及活力十足等特点。虽然他们容易分心，但同时也拥有特殊的天赋和才华，如果老师能以优势视角看待、恰当引导并鼓励这些学生，一定能帮助他们努力朝向更好的生活。三、想方设法在灵活多变的课堂上，在学生活泼成长的过程中，要想帮到分神的学生，老师需充分考虑学段与学生年龄差异、教师与学生的双向调整、教学活动节奏的把握、课上与课下辅导工作的配合，这样才能有效促进注意力集中的目标达成。总结老师们的做法，可见这样几部曲：1.如：用善意的眼神、鼓励的语言、清晰的手势、轻微的触碰提醒学生，或走到他的身边等方式。老师如能带着真诚和关心，而不是愤怒和厌恶这些暗示性的情绪，学生自会接收老师的信任，自我矫正。2.游戏放松：可以将学生注意力拉回课堂，或帮助学生体验开小差带给自己的危害。“小眼睛-向前望，小手小脚-平平放”，齐声朗诵这样的自创歌谣，可作为一种集体性策略，既可提醒个别学生，又可适用于全体低年级小学生行为习惯养成。3.问题导引：设计、提出学生感兴趣或稍加思考即可答出的问题，一为集中注意力，二为激发兴趣。4.创设情景：借助情景“让学生自已去探索求知，并给予方法的指导，让学生在课堂上有事干，争先恐后抢着干，在参与中体验学习的喜怒哀乐及过程中的挑战”，以期他们能享受学习的乐趣，能“见”“摸”到学习成果。5.改变“台风”：老师刻意调节音调、语速或者措辞，让教学语言呈现出抑扬顿挫、幽默风趣的特点，想必能收获学生的关注。6.课下工作：老师备课要精心，尤其是学情部分，要关注到学生的智力、认知风格、学习风格、学业水平等的差异，精讲趣练，动静相宜，精彩课堂常是对付分神最有效的一招；与易分神学生单独交流，了解其兴趣点，以便课上的引导更到位；还可以给小学、初中的学生进行一些注意力训练，以班级为单位或集中部分特需学生开展。学会抗拒分神，学生的未来发展必会持续受益。魏书生老师曾提出“把每节课上好的9要素”，其中几条特别适合如何应对分神学生这个话题：找准切入点，帮助他学起来，让所有的学生都有学习的欲望；教师讲授时间别超过20分钟，让学生成为课堂时间的主人；学生发言人次别少于10人次，动笔练的时间别少于10分钟；教师处理偶发事件别超过20秒；提倡学生做课堂教学总结；课下多和学生聊聊。四、正向关注，寻找优势F•戴维在《课堂管理技巧》一书中说：从控制课堂纪律的角度说，对良好行为要像对优秀的学习成绩一样给予赞美，这一点非常重要。操作性条件反射原理提示我们，获得鼓励的行为会反复出现，未获得鼓励的行为会逐渐消失。实践中，人们亦发现：越想消除哪个行为，哪个行为越难以改变。不断反思问题行为，不仅无助于取消问题行为的神经联接，相反会加深神经联接，使改变更加困难。所以，老师们不妨开拓一下思路，以正向态度，从关注问题到关注优势，从关注分神到关注值得鼓励的好行为，在分神学生有专注表现或为此正努力时立即肯定，反复鼓励强化，有助于行为效率提高。同时，使用忽略法，不给予学生东张西望、多余动作以关注。老师还可以面向全体，多加肯定课堂上高效听课的现象，也会对“喜欢”分神的学生产生正性影响。五、发现例外，重新建构老师可以想想，“喜欢”分神的学生会在什么情况下，不会出现这样的情况？即寻找例外。“例外”是指问题发生以外的时刻，应该出现的状况并未发生。因为问题不会一直在发生，总是会有例外存在。坚持了超过十分钟的专心、某节课上没有东张西望、小动作减少等情况，就是老师与学生进一步建立解决方案的关键。利用例外可以产生小改变，引发大效应。通过课上观察、课后访谈，老师与学生一起发现“他做到的”、“已经做到的”、“通过努力就能做到的”，与学生一起寻找资源与力量，确定目标，先从做好一小步开始，如：多听5分钟、多做一道题、减少1次分神，或与学生订立个小合同，强化承诺与责任等，在这个过程中，老师的及时反馈与赞美也尤为重要。帮助易分神的学生，重要的是相信每个学生都有积极成长的动力，是有能力、有资源的问题解决者，其本身就具有改变现状的资源；重要的是与学生结盟去解决问题，而不是与问题结盟去解决学生。焦点解决理论这样启发我们：如果我把焦点放在问题上，问题就增加了。如果我把焦点放在答案上，答案就增加了。推荐：《奇迹问句——闪耀的心灵之光》（美）琳达∙梅特卡尔夫 著，吴洪健译《课堂管理技巧——当代教育理论译丛》（美）戴维著，李彦译《问题学生诊疗手册》王晓春著
留守儿童的家教缺失，厌学甚至想辍学该怎么办？,留守儿童教师需要多给一些生活上的关爱，让他感受到集体的温暖，在这个前提下才能让他好好学习。
我是初二的班主任老师，班级学生总说话，该怎样在短时间内解决这个问题？,摘自2017第8周《每周一问》张群智老师解答：反问1：课堂为什么乱糟糟？课堂为什么乱糟糟呢？有的课堂是因为教师讲课去无法趣味性，导致乱糟糟；有的课堂是因为教师教学节奏无法和学生合拍，导致乱糟糟；有的课堂是因为缺乏一些基本的管理策略，导致乱糟糟；有的课堂是因为突发了一些吸引学生注意的事件，导致乱糟糟；有的课堂是一贯乱，有的课堂是偶尔乱，有的是个别乱……如果我的课堂乱糟糟，其他科任老师到我班上课，也乱糟糟吗？是个别的学生在捣乱？还是所有的学生都在乱哄哄？……这就是对研究问题的起点，不同的乱法不同的时间、地点和对象就有不同的解释。我们需要访谈其他的老师和学生，来问出真实的感受，了解真相。反问2：你管理课堂的策略是什么？不同的老师有不同的管理策略，不同的课堂有不同的管理策略。你是一个怎样的教师？你的策略和你的特质是否匹配？照搬别人的经验往往失败。无论如何不能没有课堂管理策略。有的老师善于使用口令管理课堂；有的老师善于运用积分奖励管理课堂；有的老师善于运用有趣的活动管理课堂，促使大家都参与；有的老师发挥自己的个人风格和教学魅力来激发大家不走神，不接话茬；有些老师做过课前一分钟冥想，使得教学总是在安静的时刻发生。那么，你的呢？反问3：哪个学生是引起课堂乱的核心？如果有这样一个学生存在，你是否了解这个学生，他为什么坐不住？你和心理老师聊过他吗？你去家访调查过他吗？你和他是如何谈心的？你下一步准备如何引导他？你和他有教室协议吗？如果他有点进步，你的奖励是什么？反问4：哪几个学生最能帮助你管理班级和课堂？你是如何发挥班干部的作用的？同伴引领会产生奇迹作用，你是否注意到了呢？你和班干部们如何探讨这个问题的？你们讨论的结果和解决的策略是什么？谁去影响谁，最合适？谁在什么课堂做纪律观察和提示员最合适？别小瞧孩子，如果你调动了他们的积极性，他们很有能力。反问5：你开过课堂纪律相关的主题班会或教育活动吗？班会是为解决班级问题存在的。你是如何发掘家长和学生的优势来设计这个班会的？儿童特别容易受到集体的影响，班会如何建立集体的影响力和关于自律的导向。这样的活动如果成功，会唤醒学生的觉悟。反问6：你的班级有课堂纪律规则吗？在儿童长大的过程中，逐渐从对规则的服从和不服从，发展到对建立规则的兴趣和能力，你是否和学生们一起建立课堂规则？你保障每个人都平等参与和发言了吗？这个规则是严肃的，惩罚的措施既有利于引导学生，也有利于学生为了避免惩罚而养成自觉性。反问7：你是如何建立自己在同学中的威望和威信的？一个有威望的老师其身上有一种磁场，会很好地抓住学生。你发挥自己的特长，使得自己得到学生的喜欢了吗？你有把学生当做师生朋友的时候吗？你有告诉他们如果纪律不好，你的感受如何吗？你有让他们体验到你的感受吗，你激发他们的同理心，引导他们体验别人的感受，如何进行情境设计的呢？……
如何改变孩子磨蹭的不好习惯？,不良习惯的改正需要持续监管一段时间，设定一些目标，时间节点，奖惩方式，给孩子建立起一个制度并且严格实施。
当孩子沉迷手机游戏时，应该怎样有效沟通？,邢艳老师解答：我们生活的当代社会正处于互联网极为发达，信息量大，生活处处离不开电子产品的时代。在科技给人们带来各种便利的同时，各种游戏也充斥着人们的生活，小到一两岁的孩子大到生活悠闲的老年人，只要想玩游戏总有一款适合你。比如：微信、各种游戏小程序、以及游戏厂家也开发的《航海时代》、《魔兽世界》、《王者荣耀》等等。画面靓丽、明星代言、媒体炒作，有些学生出于好奇从了解到沉迷，作为老师看在眼里，急在心上。我觉得这样的状况下，我们可以这样试试。第一招就是攻心为上。在班级中开展生涯规划教育，启发学生树立人生理想，发现自我，认识自我，了解自我人生价值。告诉学生，成功始于目标，想要高效学习先给自己定一个具体明确的目标。　　三个问题让学生目标明确，剖析自我。　　1、你对你现在的成绩满意吗？　　如果你的回答是不满意，请继续往下看，如果是满意你就可以不用往下看了。　　2、你希望下次考试考班上第几名或者考多少分？　　根据自己情况选择问题。如果你的答案是前几名，说明你的目标不明确，请继续往下看。　　3、第几名对你最有吸引力而且有可能性？　　这个问题是帮助你确定一个具体的名次或分数。要反复揣摩，问自己第5名吸引力大不大？可能性怎么样？第6名？第7名？确定一个最有吸引力而且有可能性的目标。第二招是以理服人。开班会是个很好的教育手段，班会可长可短，每次解决一个问题，对于学生的进步给予支持和肯定。在班里树立榜样，开展各种形式的“比学”活动，用丰富的活动分散学生对游戏的注意力，同时，也可以缓解学生的学习压力。这样会使学生绝对学习虽然枯燥还是有乐趣的。
孩子写作业磨蹭，习惯做小动作该如何引导？,首先，要使孩子树立正确的时间观念，懂得珍惜时间。可通过学习一些珍惜时间的名言警句、寓言故事等，逐步提高写作业的效率；其次，父母要注重家庭环境的改善。在孩子写作业时，家长要提供一个安静的学习氛围。同时家长也要给孩子树立榜样，做事认真高效，不断地培养孩子的学习能力；最后，建立一定的奖惩机制，让孩子意识到不能按时完成作业的后果，并制定学习评价表，在其取得进步时给予奖励，调动孩子写作业的兴趣。每个孩子做作业拖拉磨蹭的原因都会有所不同，老师和家长要找到根本原因并对症下药，而不是一味批评，这样才有利于问题的解决。首先，要使孩子树立正确的时间观念，懂得珍惜时间。可通过学习一些珍惜时间的名言警句、寓言故事等，逐步提高写作业的效率；其次，父母要注重家庭环境的改善。在孩子写作业时，家长要提供一个安静的学习氛围。同时家长也要给孩子树立榜样，做事认真高效，不断地培养孩子的学习能力；最后，建立一定的奖惩机制，让孩子意识到不能按时完成作业的后果，并制定学习评价表，在其取得进步时给予奖励，调动孩子写作业的兴趣。每个孩子做作业拖拉磨蹭的原因都会有所不同，老师和家长要找到根本原因并对症下药，而不是一味批评，这样才有利于问题的解决。
老师我家孩子三年级孩子反映慢  学习不好我想让他蹲级 你看行不行,首先要确认孩子是不是身体有问题，如果他没有，做其他事情都很精很灵，那他就不是反应慢，是不想反应，也就是对学习有抵触情绪，这种可能性很大。这种情况下，请家长多关心孩子的学习和生活，每个孩子都渴望得到赞扬，渴望成就感，他有逆反情绪可能是家长不闻不问他的学习和生活，只要成绩，或者是家长对他打击得太多了。请家长先自查，看自己是否有这样的行为，如果有，及时向孩子道歉，如果没有，也要及时和孩子沟通，一方面让他感受到爱与尊重，另一方面，了解他的想法，对症下药。
教师如何引领学生读一整本书,可以采用师生共读的形式，带领学生初读积累好词好句；再度形成观点，可以在班级以某个主题开展分享、讨论会；最后可以生成多样化的成果，如画作、读后感、续写等等。
对于六年级学生所谓的“早恋”应如何进行合适的教育引导？,摘自邢艳老师解答：早恋的成因：缺乏家庭关怀。多出现在单亲家庭、留守儿童、有家庭暴力的环境之下。作为老师就要给予温暖和依靠，帮助他们进行心理疏导，指明未来的努力方向。1.因势利导把爱变成动力。学生喜欢彼此是很正常的，老师的任务就是运用智慧引导学生现在要以学业为重，在互相鼓励中前进。2.利用集体的力量，给孩子们一个温暖的的“家”。在班级开展丰富多彩的活动，在活动中让学生感受集体的温暖；开展生理教育，让孩子认识自己，学会保护自己。3.建立良好的沟通。有很多老师发现早恋苗头，第一时间就会告诉家长，家长在得知孩子早恋以后，多数是一味责骂，孩子会产生强烈的逆反心理，甚至迁怒于老师和同学。所以在处理早恋事件上要跟学生建立起良好的沟通，相信孩子，学会倾听孩子内心的声音。同时，让孩子明白早恋的弊害。
怎么样让学生在课堂合作学习中发挥最佳效果？,首先要合理分组，学习小组最好有好中差的结构组成。然后选择一个优秀的组长，并能做到合理分工，如组织者，记录员，补充员等。真正做到既有分工，又有合作。
师生在学校发生矛盾，有的因为老师没收手机离家出走，孩子任性不服管教，老师该咋管,现在学生手机的来源有两种情况：一种是学生要买手机，他们觉得有的同学有手机，自己没有好像没面子，有了手机还可上网、玩游戏，悠哉乐哉！还有一种是家长要买手机给学生，理由是好联系孩子，随时可以遥控孩子。其实，两种拥有手机的结果通常会一样，那就是孩子玩手机，玩游戏，甚至是不分时间不分地点地玩。你在现实生活中看一看，有几个孩子把手机用在学习上的？         要让孩子放弃手机或少玩手机，父母首先要作好表率，尽量别在孩子面前玩手机，更别在孩子面前玩游戏。其次，还是要让孩子知道玩手机的危害：沉迷手机，伤害身心，游戏更会走火入魔。再者，引导正确使用手机，确有必要的时侯，利用手机查阅资料，省时又方便。
请问各位教师朋友:如何开展优秀的班级文建设?,摘自邢艳老师“基于核心素养开展班级活动”的解答：我一直认为教育是朴素的、本真的，一个好老师一定有自己的教育原则和方式方法。习总书记2016年八一学校重要讲话中指出，教师应该做学生锤炼品格的引路人，做学生学习知识的引路人，做学生创新思维的引路人，做学生奉献祖国的引路人。所以我认为基于大力培养学生核心素养的今天，在班级管理中教师应该对学生价值观、思维、品格、身体健康、能力、公民与社会素养等方面进行正确的引领与培养。学生核心素养主要通过班级中师生的互动得以落实。重视学生个人发展的核心素养培养体系，在学生自主发展、学生个性发展、课堂教学管理、班级管理评价等方面对班级管理提出了新挑战。一、管理模式从班级管理到班级治理核心素养教育重视学生的自主发展，倡导突显学生的班级管理主体地位，由此，传统的班级管理模式面临着新的挑战。要从传统班级管理观中班主任作为单一管理主体，把班级“管住”“管死”的认识，转变成为班主任、科任教师、学生共同作为班级管理的多元主体，共同参与班级管理活动，实行民主、协作、互动式管理，充分培养学生的自我管理意识和管理能力，把班级“管活”培养学生的主人翁意识，让学生走向自我管理、自我教育，自主发展的道路。二、管理策略从重视共性到关注个性核心素养理念下的教育重视发展学生个性，认为教育应该从人的本性出发，尊重学生的差异性、独立性和自主性，使不同的学生得到合适的教育，不同的个体在原有基础上得到多方面的和谐发展。根据学生个性发展需要，班级管理活动除了考虑学生共同发展需求外，还要针对学生实际进行个性化设计：1、班级奋斗目标制定。除了设置班集体共同的奋斗目标外，还要针对学生个体实际设置适合不同学生个性发展的奋斗目标。2、班级文化设置。班级文化要体现规范与个性的并存，除了设置面向集体的基本栏目，如班牌、班训、班规等之外，还要突出反映学生个性发展的栏目内容，如学生特长展示区、心愿展示区、读书心得展示区。3、主题班会课。班主任除了根据大多数学生的思想状况设计内容之外，还要根据学生个体思想状况，细化内容设计，使所有学生都得到应有的教育。4、班级实践活动。班级实践活动设计要考虑和体现学生个性化发展需要，关注到不同学生的发展需求。5、班级管理岗位设置。班级管理岗位设置要体现适才适用原则，使每个学生都得到锻炼发展的机会。三、班级评价从一元主导到多元融合班级管理的评价要考虑以下几个方面的因素：1、评价指标多元化。核心素养体系不仅仅要考查学生语文、数学、英语等学科知识素养，还要考查学生的品行、能力、情感、价值观、公民意识、身心健康等总要素养，班级管理评价指标趋向多元化。2、评价方法技术多元化。核心素养培养体系下，学生评价的重点由分学科知识评价转向基于核心素养的多元评价，其中品行、能力、情感、价值观、公民意识、身心健康等素养的评价要求对评价方法和技术的多元化提出了新挑战。3、评价权重确定。核心素养体系中各组成部分在不同年级、不同学科学习内容中要求达到的程度都有着基本的规定，在评价的时候要准确把握各部分基本要求，确定相应的权重。
孩子们上课爱讲小话，怎么办？,摘自邢艳老师解答每个班都有淘气的，闹腾的的孩子，作为老师我们要知己知彼，才可以对症下药。如果不了解学生，我们一厢情愿的想出一些自以为管用的对策，真的有“理想很丰满，现实太骨感”的痛苦。一而再，再而三的“打击”会让自己焦虑到这几个孩子的名字一直萦绕脑海挥之不去的感觉，在这样的心理支配下，我们做出的任何决定都可能是错误的，因为我们初衷不再是想解决问题的办法，而是在琢磨如何战胜这些孩子。多年的班主任工作让我深刻的认识到多数学生违反上课纪律都是不良习惯养成所致。培根说：“我们称之为教育的东西，实际上不过是一种早期习惯。”著名教育家陶行知也曾说过：“良好的习惯是成功的一半。”我觉得不论是您使用过的“奖励、表扬、软硬兼施”这都是很好的方法，但是效果不佳。而我们最终的目的是改变学生的习惯，帮助其会学习，爱学习，不干扰他人学习。正因如此，我们在现实的压迫中很可能有些急功近利思想，特别希望有那么一招用上以后马上见效。就如同：表扬一下就好，批评一顿就能改正……其实，这是我们每一位老师的美好愿望。实际上，我们面对的是活生生的人，他们的小脑袋里充满了灵气，无时无刻不在和“大人们”斗智斗勇，我们也没有“一招灵”的神功。所以，给老师的建议就是：一、了解学生背后的故事，挖出学生犯错误的原因，然后从根本上解决问题才能达到治标又治本的效果；二、方法得当，对症下药，每人一个处方一剂良药，不要胡子眉毛一把抓，更不能随意给学生贴上标签，而且必须有持久战的心理准备。同时，老师所启动的任何方法都要坚持，老师的坚持就是学生改变的源头，老师认真的坚持一段时间，我们才能从学生身上看到教育的效果。三、老师要以诚相待，真心付出，认真对待每一个学生，以爱感化，以情动人，只有学生认可了老师，您才能用个人的魅力引导学生改变，师生心心相通的效果就是“亲其师，信其道”，这样的教育学生才易于接受，假以时日我们就会看到学生的改变。我相信“人之初，性本善”调皮的学生比其他的学生更希望得到老师、家长的关注、关爱以及肯定。我们要建起一座与学生沟通的桥梁，这座桥梁，不是别的，就是发自内心的爱和尊重！　
夏天孩子们因为燥热，注意力不集中听课怎么办,上课前给学生放一段舒缓的音乐让学生安静下来。
叫小孩写作业，不是很积极。非常怕读书写字的，怎么样才能让他爱上学习。请老师指点。谢谢,摘自邢艳老师解答：第一招就是攻心为上。在班级中开展生涯规划教育，启发学生树立人生理想，发现自我，认识自我，了解自我人生价值。告诉学生，成功始于目标，想要高效学习先给自己定一个具体明确的目标。三个问题让学生目标明确，剖析自我。1、你对你现在的成绩满意吗？如果你的回答是不满意，请继续往下看，如果是满意你就可以不用往下看了。2、你希望下次考试考班上第几名或者考多少分？根据自己情况选择问题。如果你的答案是前几名，说明你的目标不明确，请继续往下看。3、第几名对你最有吸引力而且有可能性？这个问题是帮助你确定一个具体的名次或分数。要反复揣摩，问自己第5名吸引力大不大？可能性怎么样？第6名？第7名？确定一个最有吸引力而且有可能性的目标。第二招是以理服人。开班会是个很好的教育手段，班会可长可短，每次解决一个问题，对于学生的进步给予支持和肯定。在班里树立榜样，开展各种形式的“比学”活动，用丰富的活动分散学生对游戏的注意力，同时，也可以缓解学生的学习压力。这样会使学生绝对学习虽然枯燥还是有乐趣的。
核心素养如何基于校本在学科整合中落地？,"随着中国学生发展核心素养的提出，如何让学生发展核心素养落地？必须进行课程整合。        课程整合，就是根据学校的实际情况，创造性地进行国家课程的有效开设，也就是将国家课程、地方课程进行校本化实施。学校要以学生为中心，重在打通单元内和跨单元，学科内和跨学科，以及相关拓展类的逻辑联系，将学科知识、生活实践、课内学习、课外拓展等诸多方面进行紧密联系、延伸，想方设法激活学生的生本体验、生活积累和生命感悟的内在基因，力争让学生的素养提升成为可能并真正落地。        单元内整合。学科教师根据本单元的教材体系，结合学情，研究教材，进行整合。“单元内整合”注重“整合优化”,根据学生不同年龄段的心理特点和成长规律,以整体性的视野整合教学资源,推进教学实践,期望能达到“多快好省”的境界，实施单元主题教学。跨单元整合。在学科教材的不同单元中，涉及到相关、相近或相连的知识体系，经过重新统整、组合后进行整合教学。        学科内整合。在某一门学科内，在原有的国家统一《课程标准》的基础上，打破以往只使用一本教材、无法兼顾其他教学资源优势的局限，改变固定课时以及按统一教材设定教学内容与教学进度的课程实施方式，通过引入多种教材、多种资源，调整教学内容的重难点和进度、重新设定课时长短。         跨学科整合。将存在联系的不同学科、不同领域的内容或问题进行统整。即打破以往泾渭分明的学科间界限，对各科的课程标准进行浏览、集合与重组，以统一的主题、问题、概念连接不同学科，目的使学生在此过程中建立系统的思维方式，体验知识之间的联系，深入理解其内涵和外延，实现知识的迁移与运用。        拓展类整合。将学科知识和社会生活紧密相连，学生的课内学习和课外活动紧密相连，把这些密切相关的东西统整起来，通过观察体验、实践验证、合作探究，学会并具有理解和综合运用知识解决实际问题的能力，这是培养学生适应未来社会生活的关键能力和必备品质。"
如何激发孩子们读书的兴趣？,针对不同年龄段的孩子，选择不同的书籍让孩子读，循序渐进才能培养起孩子读书的兴趣。家长可以陪着孩子逛书店，指导孩子选书，也能激发学生的读书兴趣。最后养成写读书笔记的好习惯，积累好词好句，写出读书的感悟。同样可以激发学生的阅读兴趣。
如何让孩子远离手机，爱上学习？,摘自邢艳老师解答：我们生活的当代社会正处于互联网极为发达，信息量大，生活处处离不开电子产品的时代。有些学生出于好奇从了解到沉迷，作为老师看在眼里，急在心上。我觉得这样的状况下，我们可以这样试试。第一招就是攻心为上。在班级中开展生涯规划教育，启发学生树立人生理想，发现自我，认识自我，了解自我人生价值。告诉学生，成功始于目标，想要高效学习先给自己定一个具体明确的目标。三个问题让学生目标明确，剖析自我。1、你对你现在的成绩满意吗？如果你的回答是不满意，请继续往下看，如果是满意你就可以不用往下看了。2、你希望下次考试考班上第几名或者考多少分？根据自己情况选择问题。如果你的答案是前几名，说明你的目标不明确，请继续往下看。3、第几名对你最有吸引力而且有可能性？这个问题是帮助你确定一个具体的名次或分数。要反复揣摩，问自己第5名吸引力大不大？可能性怎么样？第6名？第7名？确定一个最有吸引力而且有可能性的目标。第二招是以理服人。开班会是个很好的教育手段，班会可长可短，每次解决一个问题，对于学生的进步给予支持和肯定。在班里树立榜样，开展各种形式的“比学”活动，用丰富的活动分散学生对游戏的注意力，同时，也可以缓解学生的学习压力。这样会使学生绝对学习虽然枯燥还是有乐趣的。
短时期内怎么挽救一个厌学的孩子?,厌学是长期的，多种原因造成的，想要短期内改变现状很困难。
怎样让孩子能既喜欢你，又害怕你？,如果是从小班就自己带的孩子这样做会很好。但我总是接半路的班，很多时候都接的大班，孩子特别不好管。真是讲道理不管用，还没有感化过来又毕业了。
学生的课本作业本来到教室后经常丢失怎么办？,在班会上要强调，并指出偷窃行为的严重性。
针对智商高但不爱写作业这样的孩子怎样教育？,给他一些有挑战的作业，看他是否愿意做
有这样一种孩子，把什么都看得很淡漠，没了自尊，到底是受什么影响呢?,是不是家庭教育缺失，可能是受家庭环境的影响。
怎样引导思想包袱重的孩子？,首先要多关爱，无论什么时候要接纳她的一切，多鼓励。
如何促进班上动作慢悠悠的孩子？,找到慢的原因对症下药。
孩子写作业不认真，写一会就跑去干别的事，有什么办法让他能认真坐下写作业。,"摘自《每周一问》2018年第1周朱红老师解答：一、给予一份信任相信学生是有能力、有资源的问题解决者，相信学生本身就具有改变现状的资源；确认学生是最了解他们问题的专家，老师、家长是解决问题“过程”的专家；学生们在作业问题上的拖拉、逃避、抗拒的行为，常对应的是教师、家长教学、教育上灵活性的欠缺和策略的单调。二、看到多种原因如果从学生角度，而不是从课堂教学、作业内容及形式等来看其作业的难，可能会有多种原因：上课没听懂，不知如何完成作业，越来越吃力，慢慢失去做作业兴趣；做作业时不能集中精力，总是走神；缺乏统筹多项作业、高效完成好的方法；愿意花在作业上的有效时间少，每天只想草草做完作业，赶快玩或是干其它的事；对老师或家长教育的逆反心理在阻碍，成人越督促，学生越不爱写；写作业环境不良；有学习困难导致对完成作业倍感负担……不管是哪一方面的原因，其结果都是学生写作业热情不高，身心懒散、倦怠，所以还需从改善态度，激发动力，增强兴趣入手。三、动机激发不辍不断帮学生澄清认识、校准态度是老师们的教育职责和内容，促使他们认识到：1.为自己学。自觉性源于自我责任感。学习过程的顺利与艰难，效果的理想和堪忧，和谁的关系最密切？当然是自己。花费何等程度的心血，都不是为了取悦于别人，受益者最终是自己。2.调动自己的兴趣。汤姆·索耶说：“工作是孩子们被迫的事情，而玩却不是。”就是由于对“游戏”有浓厚的兴趣才使得孩子乐此不疲。而因为兴趣，学习才会变得有价值而美好，生动而引人入胜，做作业时更易劲头十足。所以，积极捕捉学习中的乐趣，写作业的压力也可能会减轻。3.换一种态度。向日葵拥有的是夺目的金黄色，可是隔着玻璃看，它就变成了暗淡的绿色。同样，如果抱着消极的态度去看作业，其原有的色彩也容易被错失。4.不只是去做感兴趣的作业，而要感兴趣地去做该做的作业。不要指望所有的作业自己都会感兴趣，不要让自己抱着索然无味的态度或厌倦的心理去打开作业本的第一页。遇到不懂的地方，自己感到乏味时，在内心对自己说：“这个地方我没有学懂，想办法学会了，作业也不是难事。”5.“认真”是对作业产生动力的重要源泉。一些学生认为，逃避、拖延作业是因为自己感到枯燥，疲惫或作业本身的问题。其实，恰恰相反！是因为自己的态度和做法。多用一点功夫，将作业优质完成，取得不错的成绩，提高一些兴趣，再多下点功夫，这样下去，形成良性循环。“认真“可以让自己不畏惧作业，好好对待每一门功课。 6.善于运用反馈原理，不断强化自己的学习愿望。7.借用外部条件，学会自我奖惩,激发自己的内在动机四、掌握科学策略完成作业是个持续、悠长的过程，从策略角度，教师可帮助学生练习几点：1.经常评价自己完成作业的过程和结果，借助他人反馈开展自我调控，找到关键问题加以提高，如：着眼效率，利用时间。可学着提高时间的利用率，一是要抓紧零散时间，上下学、午休、课余、饭后；二是要安排好整块时间，放学以后、周末、节假日等。2.养成良好的作业习惯，合理地安排自己的学习和生活3.做作业时科学用脑，分配注意；训练记忆，克服遗忘4.建立有效的支持系统。请老师、父母成为自己的支持者，而不仅仅是监督者、评价者。   我国古代学者曾把一个人的学习状态描述出三个层次：“知学”——“好学”——“乐学”。从起始阶段的“知道学习”，到高一级的“爱学习”，再到最高阶段的“以学习为乐”，醉心于其中。一个学生要想有良好发展，将来在社会上有所作为，就要有乐学的精神状态，在学习中体会喜悦、满意的情感。一般来说，学生写作业多在“知学”阶段上，很难达到“乐学”程度。很显然，其动力、可持续力是比较小的，一遇到困难就退缩了，厌恶的部分和情绪也多了起来，学习热情也必然会下降。当然，客观环境中干扰学生完成作业的因素确实很多，因此，要想达到自觉、主动、乐在其中的境界，学生就要从内心深切地感受到作业的价值，感受到自己对学习进步的需要，同时，透过反思和反馈建立对作业过程的理性认知。"
数学课如何提高学生的表达能力？,教师的引导起着至关重要的作用，其次是请学生学会表达自己的解题思路及方法。由不会到会，是循序渐进的过程。
如何提高小学生汉语口头表达能力呢？,给学生锻炼的机会，由易到难。可以从简单的课堂朗读开始，读词，读句，到回答问题。尤其是胆小的孩子，多给他们锻炼的机会。还可以开展一些小活动，课前一分钟。内容可以由同学们讨论来定，找他们喜欢的东西展示，提高他们说的兴趣。再有就是多阅读，丰富学生的词句积累，把读的东西讲给其他同学听，也是一种口语的锻炼。
学生怎么合理安排课余学习时间？,除适当布置家庭作业外，培养孩子的兴趣爱好。
对于经常不完成家庭作业的孩子有什么好的建议吗？,"摘取自每周一问第1周问题朱虹老师解答：让作业成为学生学习进步的助推器，而不是学习热情的灭火器，于学生是个大事，事关其当下的状态和未来的发展，期待师生、家长结盟，找到方法、提升学习效能。一、给予一份信任相信学生是有能力、有资源的问题解决者，相信学生本身就具有改变现状的资源；确认学生是最了解他们问题的专家，老师、家长是解决问题“过程”的专家；学生们在作业问题上的拖拉、逃避、抗拒的行为，常对应的是教师、家长教学、教育上灵活性的欠缺和策略的单调。二、看到多种原因如果从学生角度，而不是从课堂教学、作业内容及形式等来看其作业的难，可能会有多种原因：上课没听懂，不知如何完成作业，越来越吃力，慢慢失去做作业兴趣；做作业时不能集中精力，总是走神；缺乏统筹多项作业、高效完成好的方法；愿意花在作业上的有效时间少，每天只想草草做完作业，赶快玩或是干其它的事；对老师或家长教育的逆反心理在阻碍，成人越督促，学生越不爱写；写作业环境不良；有学习困难导致对完成作业倍感负担……不管是哪一方面的原因，其结果都是学生写作业热情不高，身心懒散、倦怠，所以还需从改善态度，激发动力，增强兴趣入手。三、动机激发不辍不断帮学生澄清认识、校准态度是老师们的教育职责和内容，促使他们认识到：1. 为自己学。自觉性源于自我责任感。学习过程的顺利与艰难，效果的理想和堪忧，和谁的关系最密切？当然是自己。花费何等程度的心血，都不是为了取悦于别人，受益者最终是自己。2. 调动自己的兴趣。汤姆·索耶说：“工作是孩子们被迫的事情，而玩却不是。”就是由于对“游戏”有浓厚的兴趣才使得孩子乐此不疲。而因为兴趣，学习才会变得有价值而美好，生动而引人入胜，做作业时更易劲头十足。所以，积极捕捉学习中的乐趣，写作业的压力也可能会减轻。3. 换一种态度。向日葵拥有的是夺目的金黄色，可是隔着玻璃看，它就变成了暗淡的绿色。同样，如果抱着消极的态度去看作业，其原有的色彩也容易被错失。4. 不只是去做感兴趣的作业，而要感兴趣地去做该做的作业。不要指望所有的作业自己都会感兴趣，不要让自己抱着索然无味的态度或厌倦的心理去打开作业本的第一页。遇到不懂的地方，自己感到乏味时，在内心对自己说：“这个地方我没有学懂，想办法学会了，作业也不是难事。”5. “认真”是对作业产生动力的重要源泉。一些学生认为，逃避、拖延作业是因为自己感到枯燥，疲惫或作业本身的问题。其实，恰恰相反！是因为自己的态度和做法。多用一点功夫，将作业优质完成，取得不错的成绩，提高一些兴趣，再多下点功夫，这样下去，形成良性循环。“认真“可以让自己不畏惧作业，好好对待每一门功课。 6. 善于运用反馈原理，不断强化自己的学习愿望。7. 借用外部条件，学会自我奖惩,激发自己的内在动机。四、掌握科学策略完成作业是个持续、悠长的过程，从策略角度，教师可帮助学生练习几点：1. 经常评价自己完成作业的过程和结果，借助他人反馈开展自我调控，找到关键问题加以提高，如：着眼效率，利用时间。可学着提高时间的利用率，一是要抓紧零散时间，上下学、午休、课余、饭后；二是要安排好整块时间，放学以后、周末、节假日等。2. 养成良好的作业习惯，合理地安排自己的学习和生活4. 做作业时科学用脑，分配注意；训练记忆，克服遗忘5. 建立有效的支持系统。请老师、父母成为自己的支持者，而不仅仅是监督者、评价者。   我国古代学者曾把一个人的学习状态描述出三个层次：“知学”——“好学”——“乐学”。从起始阶段的“知道学习”，到高一级的“爱学习”，再到最高阶段的“以学习为乐”，醉心于其中。一个学生要想有良好发展，将来在社会上有所作为，就要有乐学的精神状态，在学习中体会喜悦、满意的情感。一般来说，学生写作业多在“知学”阶段上，很难达到“乐学”程度。很显然，其动力、可持续力是比较小的，一遇到困难就退缩了，厌恶的部分和情绪也多了起来，学习热情也必然会下降。当然，客观环境中干扰学生完成作业的因素确实很多，因此，要想达到自觉、主动、乐在其中的境界，学生就要从内心深切地感受到作业的价值，感受到自己对学习进步的需要，同时，透过反思和反馈建立对作业过程的理性认知。"
孩子上课总是不听讲 专心自己的事情 如何帮助改正呢？,摘自每周一问朱虹老师解答：“天天睡不醒，上课开小差，下课喧哗打闹，完全不在学习状态”，对于这个听起来并不陌生的问题，参与讨论的老师们一致认为首先要确认原因所在，只因不同的原因，采取的方法是不一样的。一、寻找多角度的原因寻找原因须是多角度的：1. 与学生谈心，了解学生的近期家庭情况、学习情况；2. 与家长沟通，了解学生在家的表现及影响因素，了解亲子互动的近况；3. 与知情的小伙伴交流，从同学那里收集信息以分析问题。老师要多角度综合分析：1. 学生本身就对学习、对教学内容不感兴趣，新学期仍未解决这个问题；2. 有的学段，新的学科加入了，有的学段知识难度骤然攀升，原来基础就稍嫌薄弱的学生，现在更听不懂了，或一时间无法掌握新知识，学习兴趣丧失；3. 新换了老师，不适应，跟不上老师的上课节奏；4. 感觉他人关注不够，用这样的方式满足需求……有老师特别提示，很多时候寻找原因并不容易，尤其是要把原因都找全，所以平常要与学生在一起，陪伴他们才能读懂他们行为的含义。二、实践经验的总结关于解决之道，要把握的原则是：有的放矢，具体情况具体对待。老师们结合实践经验建议：1. 与学生进行思想交流，耐心引导，说服教育，别盲目批评，损害孩子的自尊心；2. 老师备课时考虑多考虑一些怎么组织课堂教学，才可以吸引学生的注意力；3. 上课要多激发学生学习兴趣，把学生的注意力引导回来；4. 对于听不懂课的孩子，老师可以提些简单的问题，帮助他们体验成功的感觉，一点一点助其进步；5. 老师要及时关心学生，多加激励，课后加以辅导、补习，使学生重拾学习信心；6. 还可以抓住学生拥有的一些特长，如他擅长的、会做的，及时表达欣赏，让表扬、鼓励落实在学生做到的点点滴滴、微小的行为转变上。重视浅移默化的过程，老师切莫急于求成。考虑到“开学第二周、几名学生、从开学以来”这些重要信息，多位老师提到“假期综合征”（如果孩子以前上课比较专心，只是开学后才出现这样的情况）。可能是几十天随心所欲的假期生活，基本打乱了学期中学生们一直保持的饮食、睡眠、运动、学习、出行等节奏，有的学生可能还会因外出旅游、探亲等体会舟车劳顿。一段时间缺乏生活管理，会导致学生在刚开学时，很难精神饱满地投入到学习之中，上课难于集中注意力，安静下来就困倦，下课后不受约束的放松感又回来了，嬉笑闹叫。如果老师、家长细心观察，还会发现一些相关表现：身体：感觉乏力，甚至疲惫不堪，或者出现睡不好觉、头痛、肚子痛、呕吐拉稀等症状；兴趣：做什么事都兴致不高，以往觉得有意思的事也消弱了热情；情绪：烦躁，容易闹脾气，指责、迁怒于他人，或者对于做不好的事特别容易悲观沮丧，觉得无助；行为：不想上学，做事拖沓，一再延误；认知：注意力不集中，不愿意动脑筋，感觉自己学会的好像都忘了一般来说，处于这种情形的学生也未必好受，压力暗生。如老师和家长视而不见，见而不懂，懂而未助，有可能会影响孩子的学业发展，带来一定的挫折，降低其效能感。三、如何有效应对开学倦怠，帮助学生打起精神来？首先，老师调整自己的心态。学生阶段性出现倦怠情绪和行为很正常，老师首先不要慌，将心比心看待，想想自己开学前可能也有不想上班，开学后也有感觉精力、体力欠佳的状况。上学、上班的辛苦是有目共睹的，允许状态有起伏是明智的，老师在心里可以给学生预留出系统自调节的时段。其次，展开辅导工作。老师可倾听学生这一阶段的适应（身体、情绪、心理等）状况，既让学生了解他现在的情形需要调整，也了解学生新学期课业学习上的困难。与学生讨论哪些方法能帮助自己，如：按时作息，制定小目标和小计划，体会学习中的乐趣和成就等。老师在这段时间内加大关注、支持，给予学习表现上的正向反馈。再有，与家长沟通、配合。提示家长与孩子一起调整作息时间，重视规律生活，每天工作之余陪伴孩子复习、预习，把家教重心回归到习惯养成、自主管理等方面上来。还有位老师的建议很有趣：召开班会或上活动课，做一些假期相关的主题活动，甚至是作品征集、趣事分享等，让孩子把假期的经历、收获都说出来、演出来。在这个过程中，孩子们既能体会到假期很美好放松，也能体会到假期已经结束，新学期的生活正等待着自己，需要以新的面貌开始，带着自我期许而努力。
感觉家长会对部分家长来说没有什么意义，不积极配合教师工作，求支招。,推荐阳廷信和调兵山市第九小学丁雪飞的回答：阳廷信：我参加过孩子的家长会，我认为他们的老师做得好，与大家分享：一、整个家长会由学生主持（初中，我们小学中高年级可尝试），班主任老师只在最后作简要发言和与少数特殊情况孩子单独交流。二、主持的学生介绍班上学生在学校的情况、班级的情况，包括学习和生活方面的，以介绍优秀的为主，当然也说存在的问题。三、优秀学生家长分享自己教育孩子的经验和智慧。四、主持学生介绍学校的教学、管理等。五、家长对老师及学校提意见和建议。六、考试分数只许家长观看，连拍照都不行。调兵山市第九小学丁雪飞：发挥家长的作用，提前安排几个家庭教育有方法的家长，做经验交流（最好是有一个人照稿读，其他的根据你的经验让他们用谈话的方式或小组内交流的方式讲出来），把你想说的方法或者家长的优秀做法，让家长自己说出来，比老师讲有效果，这也是一种带动。时不时还可以利用微信群把家长和你个别交流的家庭教育成功做法展示在班级群里，也是不错的引领方法，你可以试试哟！
如何转化后进生？,摘自邢艳老师解答：所谓的后进生有两种情况，一类是学困生，一类是问题学生。但是不论是那样的孩子，他们今天的表现一定是有所积累的，也就是每一个孩子成长过程中都有我们这些为师的不知道的故事。因此，不要急于给学生贴标签，下定义；要做到一视同仁，追根溯源。如果是习惯问题就需要做好长期的，反复的斗智斗勇的心理准备。如果是学习问题，就要深入了解，细致分析找到问题的根源，下功夫为其查漏补缺，家校合作共同促进孩子的进步。如果是学生家里的问题，那就需要因势利导，尽我们自己最大的力量，努力帮助学生逐步改善。大致总结一下工作策略：1.保护后进生的自尊心。所谓的后进生，他们具有强烈的自尊心，他们有些方面的表现虽然不怎么好，但他们不希望老师，同学用其它的目光来看他。用爱心融化后进生冰冻的“心理防线”，在师生间架起一道情感交流的桥梁。2.激起后进生感情的浪花。教师要用耐心去观察学生的一举一动，体会他所作所为的目的。以心灵的温暖，健康的情感去医治后进生心灵的创伤，真诚地帮助他们，让他们尽可能改掉身上的各种缺点和问题，同时学习更多的知识，以免留下终身遗憾。　 3.对症下药，因材施教关心爱护后进生，激励后进生“想学”的愿望。多找后进生谈心、编座位照顾后进生、上课要多提问后进生、耐心回答后进生的提问、当面批改差生的作业、采取“一帮一”的活动、多发现后进生的“闪光点”、多鼓励少批评等等措施，也得到了比较理想的效果。根据后进生的心理特点，激发学习兴趣，引导后进生“爱学” 要想后进生由“要对我学”到“我想学”是一个十分难得可贵的进步。总而言之，教师要用心体会，真心付出，耐心了解，因材施教给予学生帮助，关键是要让学生体会到你的良苦用心，要用个人的魅力影响并改变学生。
孩子爱写作业的动力培养?,作业个性化评价必须有;其次，作业展评也有用。
如何培养学生良好的思想品质和行为习惯？,在学校，活动最有价值。班会课，选择一个话题进行探讨;讲一个事例，学生发表意见;播放一则学生课间的视频……远比老师的说教更有力度！
怎样培养孩子的良好学习习惯？,"推荐“指尖的阳光”的回答：一、按计划学习的习惯 孩子的主要任务是学习,同时还有劳动、文娱活动、体育活动、游戏、交往等内容。家长指 导孩子订计划,应该包括德、智、体各方面的安排,学习是其中的重要部分。 孩子的计划包括每天的时间安排、考试复习安排和双休日、寒暑假安排。计划要简明, 什么 时间干什么,达到什么要求。 每天的计划安排, 星期一至五除了上课之外, 要把早自习和放学回家以后的时间安排好。 早 自习可以安排背诵、记忆基础知识、预习等内容,放学回家主要是复习、做作业和预习,应 该有玩的时间和劳动的时间。周六和周日应安排小结性复习、 做作业、 劳动、 文体活动以及参加课外兴趣活动。内容不可 排得太满,否则影响效果。 寒暑假时间较长, 除了完成假期作业之外, 要安排较多的课外阅读和较多的文体活动。 有的孩子学习吃力,应利用假期补习一两门功课。 订计划要发挥孩子积极性,家长不能代替,应该提出指导性意见。督促孩子严格执行计划, 不能订完计划放在一边。计划可以调整,不可放弃。 专时专用、讲求效益的习惯 不少孩子,学习“磨”得很,看书、做作业,心不在焉,时间耗得很多,效益不好。其原因 就是没有形成专时专用、讲求效益的习惯。 孩子学习应该速度、质量并重,在一定的时间内,按要求完成一定数量的任务。这既要讲 清道理,更需要认真训练。 由于孩子年龄不同、 个性不一, 每次能够集中脑力的时间长短不一样。 要从实际出发提出要 求。比如小学一二年级的孩子,每次学习时间以 20分钟左右为宜,以后逐渐延长。开始, 孩子往往不会掌握时间,家长要指导他,该学时学,该玩儿时玩儿。可以教孩子上好闹钟, 按定好的时间作息。 最重要的是教孩子给自己提出学习内容的数量和质量要求, 一旦坐到书 桌前, 就进入适度紧张的学习状态。 每次学习之后,要评价自己做得如何, 家长及时给以鼓 励。坚持下去,就能形成专时专用的习惯。 有些家长, 只要求学习, 恨不得能让孩子老坐在书桌前看书、 做作业, 没有休息与放松的时 间。这样,反而容易形成磨磨蹭蹭、不讲效率的毛病。 二、独立钻研、务求甚解的习惯 学习,最忌讳一知半解、浅尝辄止。要想学习好,必须养成独立钻研、务求甚解的习惯。怎 样培养这方面的习惯呢? 方法之一:鼓励孩子刨根问底的积极性。 在日常生活中, 孩子对许多事总爱刨根问底, 这是 好奇、求知的表现,说明孩子爱动脑子。家长切不可嫌孩子嘴贫,冷漠对待。最好跟孩子一 块儿刨根问底,能解决的自己解决,不能解决的请教他人或者阅资料。 方法之二:指导孩子在学习过程中,多问自己几个“为什么” 。由于学习任务多,孩子往往 满足于知识是什么就过去了,很少多问几个“为什么” 。家长不妨教给孩子每天学习之后, 给自己提一个、两个“为什么”的问题,动脑筋去思考,想出合理的答案。 方法之三:孩子考家长,家长考孩子。安排一个时间,全家人坐下来,就某一方面的问题孩 子和家长互相考一考。 内容应事先定好, 大家有所准备, 谁提出问题, 自己必须有准确答案。 方法之四:鼓励孩子一题多解。老师留的作业,常常不止一种答案,一种解法。孩子在完成 作业时,只写一种。家长可以引导孩子想一想,还有没有别的答案,别的方法。时间允许, 可以写在另外的纸上或本上。三、查阅工具书和资料的习惯 工具书和资料是不会说话的老师, 在学习中, 会使用工具书和资料好处很多。 除了一般的字 典、词典之外, 各门学科都有专门的工具书。 家长要指导孩子多利用工具书。家长自己应给 孩子做榜样, 遇到生字、 生词, 请教不会说话的老师。 还可以跟孩子进行查字典、 词典比赛。 有条件的家庭, 可以带孩子一起去选购几本工具书 (包括资料性的) 放在书架上, 经常查阅。 买学科工具书,应听听任课教师的意见。这方面习惯养成了,终生受益。 四、善于请教的习惯 善于请教是一种好习惯。 善于请教的前提是善于思想、 善于提出问题。 家长要指导孩子随时 把学习中遇到的问题记录下来, 以便向老师请教, 向同学请教。向别人提出的问题,应该是 自己通过努力没有解决的。提问要讲质量,翻开书本就能解决的, 最好自己解决。 有些疑难 问题,如果自己有尝试性答案,带着答案去请教,会收获更大。 学问、学问,既要学,又要问。有的孩子上课不敢问,下课也不敢问。对这样的孩子,要鼓 励他突破第一次,几次之后,就敢提问了。"
孩子学数学没信心很吃力怎么办？,要分析学习差的原因。      有的学生是学习态度不端正，对学习没有兴趣，要求老师从思想上解决问题，鼓励就是最好的方法，激发学生学习的兴趣。       有的学生是基础差，分析理解能力有问题，要求老师采用分层方法，让不同层次的学生享受到成功的快乐。       有的学生是不能掌握有效的学习方法。要求老师在学习中引导学生不断总结经验，方法。提高学生的学习能力。
如何处理两极分化,可以实行帮扶制度，优生带差生。
孩子作文写不具体怎么办啊？,摘自邢艳老师解答：关于写作，不论学生还是我们做老师的一提及此事内心都是拒绝的。但是问题终究是要解决的。我教中高年级时，培养学生写作从兴趣入手。三年级开始，在班里开展接力日记活动，每天一人，把一天中最感兴趣的事情记录下来，实在不会写，就让学生先画下来，利用休息时间和学生谈谈画的内容，趁热打铁让学生用文字记录下来，久而久之学生可以从不写到写，从写上几十个字，到写上百十来字……这是一个循序渐进的过程。同时，班级里还有班日志，学生日记本，读后心得……一切可以记录的，在这个时期让孩子们都落在笔头上，时间久了，学生们就会有了一种习惯，拿笔就写，不论写的如何，首先敢写不拒绝。这就好比裁剪衣服，大点没关系，就怕没材料。还有就是我带孩子们搞活动，在体验中积累生动的材料。记得六年级学生秋游挖白薯，这是一个很好的题材，学生活动归来，就让孩子们利用一节课的时间，认真的回忆活动中的每个细节，从同学、老师的表情、语言、动作，引申到人物的心里活动，在学生滔滔不绝间，在学生手舞足蹈时，生动的作文素材已经摆在了学生们的面前。真正写作起来学生不费劲了，只不过是“记豆腐帐”和下笔如有神的区别了。再有就是读书活动，让学生记录好词好句。同时，每周必须的两次读书交流活动。这是在帮助学生提升写作的技巧，时间长了，学生的写作自成风格，班里几位写作困难者也不过只需要老师开开小灶了。我教写作还有一个法宝就是互批互判，一篇文章写好后我会先批一遍，指出学生写作中大概的问题，然后在作文课上进行细致的指导。之后，让学生小组合作互相点评，修改，经过两轮的评价学生基本上知道了如何修改自己的作文，最后进行作文稿调试，最终上交的作文中，不论如何我都会给孩子以肯定，这样学生们才会有自信，就会对写作不拒绝敢动笔，这是进步也是克服写作障碍的起点。总之，不论教材如何改，我教学生作文还是会在写作前出示例文，把写作方法和例文讲解有机结合起来，让学生有具体感受。真正写作中我允许学生运用一些简单的、单一的写作方法，等待时机成熟慢慢的再扩展范围。在学生的作文讲评中，我会对学生的写作方法进行讲解和分析，让写作方法得到再现和回归。经过以上的兴趣培养、材料积累和方法讲解，学生逐渐在面对写作时不再困惑了。
如何培养学生自主管理能力？,"摘自核心期刊《思想理论教育》：多途径培养学生的白主管理能力(一)分年级校内主題活动如：我们的温馨教室、学会在集体中生活、学会合作与交流、珍惜来之不易的生命等(二)学校“拓展日”活动每周六上午的学校“拓展日”,从培养学生的广泛兴趣和个性需求出发,实践“自主管理、自主学习、自主活动、自主发展”的管理理念,力求体现“开放性、选择性.综合性”的课程文化内涵并以“菜单式”活动为组织形式、以学生社团为落实裁体, 通过把课程所包含的教学理念引入团队活动, 让团队活动时间得到保障,空间更为广泛,内容更为深刻,载体更加实际 。我们按 “自主选择一自主设计一自主活动一自主评价”的课程模式,让学生积极投入到拓展日活动中来。1.  自主选择。为学生提供菜单式的课程内容, 学生自主选择自己喜欢的课程学习 。2.  自主设计。学生与教师一起选择和安排学习过程, 教师对学生在课程选择中碰到的问题进行分析和辅导, 不断调整选择的课程和学习目标。3.  自主活动。营造多元、民主、开放的课堂氛围,让学生在合作中学习,在合作学习中体验成功的快乐。4.  自主评价。通过自我评价、相互评价, 辅导员评价、成果展示与记录等多种评价手段和方法来衡量不同的学生, 共享快乐成长的过程。(三)自主发展目标学校制定了山中 “阳光少年” 的自主发展目标,即“十会”:会一样乐器(民乐、管乐等) ;会参加一项艺术或体育活动(中国画、舞龙舞狮、種球等);会制作一件陶艺;会读中外名著或讲一个山阳故事; 会用英语与他人交流并尝试创作英语歌曲 ; 会用电脑进行网页和音、视、动画制作;会运用所学知识解决生活中的实际问题;会开展科普类小课题研究; 会主持主题队活动等自主活动;会帮助父母做一件力所能及的家务。"
数学教学中如何调动学困生的积极性？,摘自邢艳老师解答：学困生和问题学生都属于特需学生。但是不论是那样的孩子，他们今天的表现一定是有所积累的，也就是每一个孩子成长过程中都有我们这些为师的不知道的故事。因此，不要急于给学生贴标签，下定义；要做到一视同仁，追根溯源。如果是习惯问题就需要做好长期的，反复的斗智斗勇的心理准备。如果是学习问题，就要深入了解，细致分析找到问题的根源，下功夫为其查漏补缺，家校合作共同促进孩子的进步。如果是学生家里的问题，那就需要因势利导，尽我们自己最大的力量，努力帮助学生逐步改善。大致总结一下工作策略：1.保护特需学生的自尊心。所谓的特需学生，他们具有强烈的自尊心，他们有些方面的表现虽然不怎么好，但他们不希望老师，同学用其它的目光来看他。用爱心融化后进生冰冻的“心理防线”，在师生间架起一道情感交流的桥梁。2.激起特需学生感情的浪花。教师要用耐心去观察学生的一举一动，体会他所作所为的目的。以心灵的温暖，健康的情感去医治后进生心灵的创伤，真诚地帮助他们，让他们尽可能改掉身上的各种缺点和问题，同时学习更多的知识，以免留下终身遗憾。　 3.对症下药，因材施教关心爱护特需学生，激励特需学生“想学”的愿望。多找后进生谈心、编座位照顾特需学生、上课要多提问特需学生、耐心回答特需学生的提问、当面批改差生的作业、采取“一帮一”的活动、多发现特需学生的“闪光点”、多鼓励少批评等等措施，也得到了比较理想的效果。根据特需学生的心理特点，激发学习兴趣，引导特需学生“爱学” 要想后进生由“要对我学”到“我想学”是一个十分难得可贵的进步。总而言之，教师要用心体会，真心付出，耐心了解，因材施教给予学生帮助，关键是要让学生体会到你的良苦用心，要用个人的魅力影响并改变学生。
请问如何有效纠正孩子上课注意力不集中，爱做小动作爱讲话的坏习惯？,"摘自每周一问朱虹老师解答：在教育教学中，有些老师反应，每节课几乎都有学生东张西望，思想开小差,注意力不集中。站在讲台上，如果看到学生分神的现象此起彼伏，老师的情绪很难不受干扰，也很难做到平静如水。有些老师还有可能会陷入矛盾境地，一边着急自己的教学进度，一边担心分神学生的听课效果，更怕大多数学生共享的学习氛围受到影响。管不管？管多管少？怎么管？老师不免为此也要分神。一、厘清状况对于上课分神现象，有的学生可能是偶尔为之，或被什么突发情形吸引，某一段时间转移了关注点，老师自可以忽略不计，或稍加提醒即可。李朝霞老师的提示很重要：教师切忌小题大做，甚至非要弄个清楚明白，影响了正常课堂教学；有的学生可能近期因某些事情被搅扰，大部分上课时间都显得心不在焉，但这并不是他的常态，那么老师需要在课下及时了解实情，陪伴学生解决好困扰，倾听他的心声，鼓励他转化不良情绪，专注于当下学习生活。二、确认原因1.如若正如问题所言，学生不喜欢课堂，东张西望、听10分钟的课就开始做小动作，老师的学情分析工作就要更加细致、全面一些；2.如果不喜欢课堂的人多，老师就要反思是不是此部分的教学内容不够适切学生的认知水平，或者教学形式不够丰富多样，对于小学生来说还有注意力集中有效时段的问题；3.如若是个别人喜欢课堂，通常有带着厌学情绪上课、基础较差听不大懂、行为自控力有待提高等原因；4.当然，小学生中也有一听就会、理解力极强的学生，怎样让吃不饱的孩子也能坐稳课堂，是一些老师也在思考的问题。刘威茜老师还提到，一些学生身上可能存在注意缺损多动障碍。这是一组以注意力缺损、多动冲动、角色管理失控行为为主要表现特征的行为——情绪综合症候群，是儿童期常见的心理障碍之一。对于这种情况，全面专业的心理测评，家庭、学校、医疗机构共同制定实施的干预——个体化教育方案，尤为必要。在此，推荐两位美国学者：哈洛韦尔和瑞提合著的《分心也有好人生》一书。本书告诉读者注意力缺陷症其实是个错误的标签，分心的人通常具有风格独特、有魅力、聪明机智以及活力十足等特点。虽然他们容易分心，但同时也拥有特殊的天赋和才华，如果老师能以优势视角看待、恰当引导并鼓励这些学生，一定能帮助他们努力朝向更好的生活。三、想方设法在灵活多变的课堂上，在学生活泼成长的过程中，要想帮到分神的学生，老师需充分考虑学段与学生年龄差异、教师与学生的双向调整、教学活动节奏的把握、课上与课下辅导工作的配合，这样才能有效促进注意力集中的目标达成。总结老师们的做法，可见这样几部曲：1.如：用善意的眼神、鼓励的语言、清晰的手势、轻微的触碰提醒学生，或走到他的身边等方式。老师如能带着真诚和关心，而不是愤怒和厌恶这些暗示性的情绪，学生自会接收老师的信任，自我矫正。2.游戏放松：可以将学生注意力拉回课堂，或帮助学生体验开小差带给自己的危害。“小眼睛-向前望，小手小脚-平平放”，齐声朗诵这样的自创歌谣，可作为一种集体性策略，既可提醒个别学生，又可适用于全体低年级小学生行为习惯养成。3.问题导引：设计、提出学生感兴趣或稍加思考即可答出的问题，一为集中注意力，二为激发兴趣。4.创设情景：借助情景“让学生自已去探索求知，并给予方法的指导，让学生在课堂上有事干，争先恐后抢着干，在参与中体验学习的喜怒哀乐及过程中的挑战”，以期他们能享受学习的乐趣，能“见”“摸”到学习成果。5.改变“台风”：老师刻意调节音调、语速或者措辞，让教学语言呈现出抑扬顿挫、幽默风趣的特点，想必能收获学生的关注。6.课下工作：老师备课要精心，尤其是学情部分，要关注到学生的智力、认知风格、学习风格、学业水平等的差异，精讲趣练，动静相宜，精彩课堂常是对付分神最有效的一招；与易分神学生单独交流，了解其兴趣点，以便课上的引导更到位；还可以给小学、初中的学生进行一些注意力训练，以班级为单位或集中部分特需学生开展。学会抗拒分神，学生的未来发展必会持续受益。魏书生老师曾提出“把每节课上好的9要素”，其中几条特别适合如何应对分神学生这个话题：找准切入点，帮助他学起来，让所有的学生都有学习的欲望；教师讲授时间别超过20分钟，让学生成为课堂时间的主人；学生发言人次别少于10人次，动笔练的时间别少于10分钟；教师处理偶发事件别超过20秒；提倡学生做课堂教学总结；课下多和学生聊聊。四、正向关注，寻找优势F·戴维在《课堂管理技巧》一书中说：从控制课堂纪律的角度说，对良好行为要像对优秀的学习成绩一样给予赞美，这一点非常重要。操作性条件反射原理提示我们，获得鼓励的行为会反复出现，未获得鼓励的行为会逐渐消失。实践中，人们亦发现：越想消除哪个行为，哪个行为越难以改变。不断反思问题行为，不仅无助于取消问题行为的神经联接，相反会加深神经联接，使改变更加困难。所以，老师们不妨开拓一下思路，以正向态度，从关注问题到关注优势，从关注分神到关注值得鼓励的好行为，在分神学生有专注表现或为此正努力时立即肯定，反复鼓励强化，有助于行为效率提高。同时，使用忽略法，不给予学生东张西望、多余动作以关注。老师还可以面向全体，多加肯定课堂上高效听课的现象，也会对“喜欢”分神的学生产生正性影响。五、发现例外，重新建构老师可以想想，“喜欢”分神的学生会在什么情况下，不会出现这样的情况？即寻找例外。“例外”是指问题发生以外的时刻，应该出现的状况并未发生。因为问题不会一直在发生，总是会有例外存在。坚持了超过十分钟的专心、某节课上没有东张西望、小动作减少等情况，就是老师与学生进一步建立解决方案的关键。利用例外可以产生小改变，引发大效应。通过课上观察、课后访谈，老师与学生一起发现“他做到的”、“已经做到的”、“通过努力就能做到的”，与学生一起寻找资源与力量，确定目标，先从做好一小步开始，如：多听5分钟、多做一道题、减少1次分神，或与学生订立个小合同，强化承诺与责任等，在这个过程中，老师的及时反馈与赞美也尤为重要。帮助易分神的学生，重要的是相信每个学生都有积极成长的动力，是有能力、有资源的问题解决者，其本身就具有改变现状的资源；重要的是与学生结盟去解决问题，而不是与问题结盟去解决学生。焦点解决理论这样启发我们：如果我把焦点放在问题上，问题就增加了。如果我把焦点放在答案上，答案就增加了。推荐：《奇迹问句——闪耀的心灵之光》（美）琳达∙梅特卡尔夫 著，吴洪健译《课堂管理技巧——当代教育理论译丛》（美）戴维著，李彦译《问题学生诊疗手册》王晓春著"
怎样改掉学生做事拖拖拉垃的坏习惯,摘自《学周刊》：一、成因					（一）认识世界的好奇心		在孩子们眼中事物都是新奇有趣的， 这就是一些学生对着一窝蚂蚁都能看上半天的原因。好奇心驱使他们想了解所有感兴趣的事情， 但同样由于对世界的陌生而担心害怕，在矛盾的心情中，他们做很多事情都要犹豫，自然就费了很多时间，家长又没有及时引导，于是拖拉的习惯形成了。（二）追求事物的完美		阿玉，一个聪明的小姑娘，样样都好，只有一样不如人意，就是做事慢。 别的学生一刻钟能搞定的作业，她半小时都做不完。数字写得不好看，擦；字没写端正，擦；空白处有铅笔污垢，擦。 写完作业，她的课桌上总有一小堆的橡皮屑。 这是一个典型的、追求完美而造成的拖拉。有些家长和教师对学生的要求比较高，使得学生不敢马虎，这样的结果就是学生做事慢一拍，形成了拖拉的习惯。（三）时间观念的缺乏			一些学生对时间还没有一定的认识，当他们投入到自己喜欢的事情中时就完全沉浸其中了，根本没把时间放在心上。 时间久了，如果没有得到正确引导， 家长教师没有进行干预，他们也会形成拖拉的习惯。（四）能力限制和兴趣使然有一些学生做作业拖拉，可能是没有能力完成。 他们可能是想按时完成作业，但因为某些原因不会做。 也有可能是对这些作业没兴趣，内心里就根本不想做，潜意识地拖延时间，以致很晚才能写完作业。（五）家长的过量任务王浩，各方面都不错的一个学生。 可最近一段时间，他的作业都要很晚才写完，他的妈妈很着急。 我找他谈了才知道，学校的作业对成绩优秀的王浩来说是“小菜一碟”，他妈妈看他有大把时间上网玩游戏，就买了很多试卷让他做，可王浩看试卷和学校的练习大同小异，不想做又不敢“违抗妈妈的旨意”就故意磨蹭，好像作业很多的样子。二、对策			（一） 从学生角度出发帮助他们建立时间观念			对初识世界的小学生来说，引导他们探索世界的同时，家长教师多帮助他们树立正确的观念。教会他们合理运用时间。 比如，刷牙洗脸 20 分、早饭 20分、 看电视 30 分……要运用手段让学生知道超过时间会有什么样的后果，没有按时吃好饭只好饿着；看电视超时就要取消游戏时间等等来帮助学生树立起时间观念。 当然，这是一项需要耐心和爱心的伟大工程， 在这一过程中，我们不能因为怕麻烦、借口工作忙而忽略学生的养成教育。			（二）培养学生的多种能力，激发学生的学习兴趣	如果学生因为不会不明白而拖拉，家长和教师要找到原因，从根本上解决问题。 每个学生的能力都是不一样的。 我们要仔细观察，认真研究，对症下药。 家长可以根据学生的实际情况提出学习要求，教师可以多关注学生在课堂上的表现，根据学生的学习状况布置分类作业。 告诉学生学习做事有困难可以寻求帮助，不要不好意思。 而受到请求的成人必须热心地帮助学生，不要嘲笑、责骂学生，打击学生的求知欲， 让他们感到寻求帮助是丢脸的事情，认为自己很没用，产生羞耻感，内心就会形成宁愿不做也不去问的消极学习心理。 其实我们可以用成人的实际例子告诉学生， 当大人有不懂、不会做的事情时是怎么处理的，让他们明白不会可以学习， 激发学生学习的积极性，使他们愿意并勇于尝试、尽心专注地学习，提起学习的兴趣。 教会他们懂得：自信、谦虚、助人、求教于人……都是学习做事的良好方法。		（三）鼓励支持，做学生成长的引路人		和学生观看电影《天才机器狗》后，我问他们有什么感想，学生七嘴八舌说得很开心。一直站在边上的一个女生小雨慢悠悠地说： 我最喜欢狗爸爸对儿子说的话，他永远站在他的后面支持他。 一句话，说到了我的心窝里，得到了大家的大力支持。 由此可见，对学生来说，家长和教师的支持是多么重要！						给学生鼓励，他们就会有信心；给学生支持，他们就有力量。 我们要把对学生的关注放在他们做事的热情和过程上，不能只看到考试的分数、学生的拖拉而是要找到问题的所在。
在学校里，怎样才能更好的开展美育教学？,到生活中去认真感悟。
学生不小心磕伤，其爷爷、奶奶、爸爸、妈妈齐到校兴师问罪，应怎样处理较合适？,学生碰伤不管在家里还是学校都会发生，但家里发生家长能接受，在学校发生有的家长就依依不饶。只要学生碰伤，不管伤的是否严重，第一时间与家长取得联系，并把碰伤的来龙去脉弄的清清楚楚。千万不要觉得伤小不告知家长，我们认为那点伤没什么，可家长不会这样认为。
如何引导孩子树立正确的人生观?,正确的人生观的养成绝非一蹴而就。它是观念性的东西！需要从小父母嗯言传身教，更要营造良好的班级氛围，个人觉得，可以通过阅读健康向上的文学作品，看那些正能量的影视作品，主题班会的讨论或辩论等，当然还要根据年龄特点采用不同的形式来达成目标！
对于变相体罚，你是怎么理解的？,师者，心存善念，并非要那样，只是恨铁不成钢。
孩子厌学怎么办？,孩子厌学的原因很多，其中，有的家长忙于挣钱，忽视对子女的教育。只管给子女足够的零花钱，却从来不问他们用钱干什么。一些孩子拿着零花钱吃喝玩乐，学习成绩每况愈下，导致厌学。
对于家长把孩子送到学校，从来不闻不问孩子作业情况及孩子在校表现出的任何情况，应该怎么办？,有些家长是需要老师培养的，给家长建立微信群，随时通报班级学校的活动及结果，多上传没个学生的优点闪光点，给家长报喜，告诉他孩子的作业情况，如果与孩子在一起就坚持签字，如果打工在外就发视频给家长看，让他跟孩子通话，鼓励孩子及时按时完成，督促总比不闻不问强，几次三番后，家长有关心管教孩子意识了，就达到共同教育的目的啦。
教师心理健康的标准是什么？,心理学家认为心理健康的10大标准，其中包含充分的安全感、充分了解自己，并对自己的能力作适当的评价、生活的目标切合实际等。心理健康的人都能够善待自己，善待他人，适应环境，情绪正常，人格和谐。心理健康的人并非没有痛苦和烦恼，而是他们能适时地从痛苦和烦恼中解脱出来，积极地寻求改变不利现状的新途径。他们能够深切领悟人生冲突的严峻性和不可回避性，也能深刻体察人性的阴阳善恶。他们是那些能够自由、适度地表达、展现自己个性的人，并且和环境和谐地相处。他们善于不断地学习，利用各种资源，不断地充实自己。他们也会享受美好人生，同时也明白知足常乐的道理。他们不会去钻牛角尖，而是善于从不同角度看待问题。
实际工作中总有一些学生，老师讲过的课对于他来说，就像没有听说过一样，是哪个环节出了问题？,是偶尔这样，还是经常这样？是有的课这样，还是大部分课都这样？1.学生兴趣问题  2.心智游移（走神）、注意力不集中  3. 阻抗        可以约谈学生，问一下具体情况
农村小学的家长为什么对自己孩子的学习不是那么关注，需要班主任反复地做工作？,农村家长因为环境和文化，限制了他对孩子教育问题的认知，再加上承重的生活负担，让他们没有太多的经历去教育孩子，因此也是一种恶性循环。
评价一个好老师的标准是什么？,首先要有高尚的人格，其次是一颗爱孩子的心，然后是教学能力。
怎样提高学困生学习的兴趣？,这个问题因人而异吧，得看看孩子什么原因造成的学困。
如何规范一年级学生的自我管理及行为习惯？,上好开学第一课，就专门训练自我管理的习惯和行为习惯，习惯不是一朝一幕就能形成的，第一课以后要经常训练，持之以恒。
运用新教育理念评价一节好课的标准是什么?,我认为一节好课一定不是教师自己的舞台。教师主导学生主体已经成为课堂良性发展的根本，要激发学生的自主性，给学生发挥的舞台，教师更重要的不再是传道授业解惑，而是做一个引导者，辅助者。
请教新教育理念下评价一节好课的标准是什么？,1、看老师与学生的互动情况，教学目标是否完成。2、老师的课堂预设是否注重不同的学生。3、教师的过渡语、评价语，是否调动学生学习的兴趣。
如何搞好幼小衔接，让孩子尽快适应小学一年级的学习？,请一些上了小学的孩子到家中，让他们讲讲小学里有趣的事情，激发幼儿上小学的兴趣，对小学生活产生期待。带孩子到小学参观，看看带着红领巾的哥哥姐姐们，背着书包拿着课本，让孩子产生当小学生的光荣感、自豪感，从心理上提前让孩子做好准备，以免进入小学出现惊慌失措的状态。上了小学，孩子们上学放学需要自己整理课本，上课需要拿出对应的课本和练习，在学校里很多事情都要孩子自己完成，那么就要培养孩子的动手能力和自己事情自己做的态度。幼儿以主观形象思维为主，我们可以看到很多幼儿图书都是图片篇幅比例较大，而到了小学，文字是孩子们学习的重点，相对于图片和实物来说文字是抽象的，那就需要入学前让孩子进行阅读能力的准备，多看一些书，和孩子进行亲子阅读等进入小学需要孩子们有健康的体质去面对与幼儿园截然不同的环境和氛围，学习上和生活上的不同需要孩子有更强健的身心去面对。让孩子多多锻炼，跑步，打球，游泳
如何培孩子的写作，让孩子背作文好吗？,个人认为不应该让孩子背作文，作文应该是孩子真实情感的流露，背来的作文失去了作文的意义。但可以让孩子多阅读大家的作品，习得写作的方法与技巧，积累语言。
怎样指导一年级的孩子写好汉字？,先学习写好笔画，再指导每一笔在田字格中的位置，按位置书写效果好。
怎样鼓励和树立有特长却不愿、不敢参加活动的孩子的自信心？,培养自信心需要您的正向鼓励和及时对她好的行为进行强化。当她多次体验到自己可以的时候，自信心自然会得到提高。
学生自主管理能力较差，有没有什么方式方法可以帮助孩子提高自主管理能力呢？,再次回答，提升孩子的自我管理能力问题很宽泛，生活习惯管理，学习习惯，情绪等都属于这个范畴。方法也多种多样，如设置不同岗位让学生自主管理，利用代币等强化手段塑造自我管理的行为习惯，利用三方评价表联合家长共同塑造等。具体如何做，案例已经请专家录制了视频，在【学习】-【模块三】就可以了解。
如果提升一年级的学生自主管理能力？,提升孩子的自我管理能力问题很宽泛，生活习惯管理，学习习惯，情绪等都属于这个范畴。方法也多种多样，如设置不同岗位让学生自主管理，利用代币等强化手段塑造自我管理的行为习惯，利用三方评价表联合家长共同塑造等。具体如何做，案例已经请专家录制了视频，在【学习】-【模块三】就可以了解。
如何管理好差下生，使之进步？,可以去学习版块看模块三的视频，讲帮助学困生的，我在看，感觉蛮有用的。
如何纠正孩子说谎话的毛病？,首先，可以给他讲说谎话的案例，让其明白说谎话后果很严重，然后找到根源，从他的心里攻破此举。其次，每次老师再跟他交流时，注意观察他说话时的神态，不说谎话会理直气壮，说谎话时会神情恍惚，若有所思。这时我们就要对他的话进行验证。时间长了，他就不好意思再说谎话了。再次，我们可以通过同伴教育交流的方式，让其不在这样，改掉坏毛病。
应该怎样组织一堂有效的一年级数学课？,课堂纪律很重要，自然教师的课就要很有吸引力，可以用奖励方式维持纪律，再在玩中学，学中玩，你控制得了他们，他们也很乐意被你控制
您认为做好家校合作的主要原因是什么？,每次召开家长会前，应充分的准备，结合实际，确立主题、方向和目标，期望达到什么效果。其次，充分发挥家委会的作用，群策群力，为班级效力，协助班主任管理班级事物，携手共同培养学生养成良好的学习习惯、行为习惯和卫生习惯。
近几年班级百分之九十五以上的学生在校外补课，为什么大部分孩子成绩还是不理想？, 成绩好的孩子 比别人专注时间更长，无论做什么事，都很容易“进入状态”，而且不容易受到外界的干扰。         注意力是伴随孩子一生的课题，是孩子最容易获取也是最容易丢失的隐形财富。           在学习生活中，注意力集中会如虎添翼般进步神速，注意力不集中则会成为错放的垃圾，一文不值。
是什么让孩子获得幸福感和取得成功？,完成一次手工作品做好一次值日考试取得好成绩超越自己的跳绳或者踢毽子记录帮助了别人得到同学和老师的表扬以上这些事情都会让孩子获得幸福感和成就感
“雄起爸爸团”的故事令人印象深刻。在您的班上，有哪些类似的主题班会或沙龙呢？,为了培养孩子们的阅读习惯，鼓励与巩固学生的阅读行为，倡导亲子阅读，并在班级定期开设了亲子读书分享会。在读书分享会上，让孩子与父母们按小组轮流分享自己的读书收获与心得。这类主题班会对巩固学生的阅读行为非常的不错呢！
您认为在帮助问题学生时最关键的是什么？,我认为帮助问题学生最关键的是找到形成问题学生的根源，只有找到根源，才能从根治起。教师要通过调查、观察、分析，找到形成问题学生的根源：       一、家庭根源。1.父母的离异；2.教育方法的失当；3.监管的缺失。      二、社会的根源。各种社会不良因素的影响和误导。      三、学校因素。1.同学的欺凌；2.老师处理问题的方法；3.学习上的困难。      当然，找到问题学生的根源后，疏导问题学生的方法也非常重要，那就需要教师的个人智慧了。
该校是如何做到家委会的活动体系话的呢？欢迎分享促进家委会常态化、体系化的方法。,学校家委会的活动体系有：（1）共同制定家委会的制度、方案、计划等；（2）家委会可积极参与学校的文化建设、德育、管理等方面，并提出合理化的建议；（3）可协助调节各班家校之间的矛盾。（4）开展道德讲堂、育子经验分享等活动。
学习课程后，请老们尝试结合本班情况，总结帮助问题学生时可以采用哪有效策略？,"一、正确认识问题学生的存在凡问题学生,都有其不同的原因,或生活上、学习中遭受过某种挫折和打击,或家庭发生过意外的变故和不幸,或受到过社会上某种不良现象的影响和毒害,或生理、心理上有着某种缺陷和不足等等。教师要理解他们的苦衷,同情他们的遭遇,给他们以热情关怀和帮助,决不能盲目地指责、呵斥、嘲讽和挖苦,使他们孤独、苦闷、无望,从而产生不思进取的思想乃至逆反心理。“人非圣贤,孰能无过。”对待学生的过错,班主任要满腔热情地帮助他们改正错误,即使是经常犯错误的问题学生,也不能冷落和抛弃他们。班主任应以自己的仁爱之心、宽容之心,唤醒学生的改过之心。二、深入调查研究,弄清问题学生的心理状态,主动关心爱护,真诚平等。班主任对问题学生的教育要满腔热情、诚心诚意,要动之以情、晓之以理。要诚恳地帮助他们做自我剖析、自我检查,对他们提出真诚的希望和具体的要求,鼓励他们扬长避短,树立自尊心和自信心。“精诚所至,金石为开”,只有用诚心打动他们、感化他们,才能使他们“亲其师,信其道”,收到良好的教育果。班主任要克服“恨铁不成钢”的浮躁情绪,做耐心细致的转化工作,要认真观察问题学生的心理动态,把握他们的行为趋向,挖掘他们潜在的积极因素,捕捉他们身上的闪光点,因势利导,循循善诱,充分利用其本身的内动力,去完成工作。在问题学生的转化过程中,时常会出现反复,旧的问题解决了,新的问题又出现了。面对这种情况,教师不能灰心,要有“反复抓、抓反复”的恒心,不然将前功尽弃。三、因材施教,为学生创设成功机会,增强自信心。学习、生活中对问题学生主动要求做的事,教师要尽量满足他们,让他们成为成功者,享受一些成功者的喜悦。比如对他们降低难度提问,让他们担任班干部,让他们帮老师做些力所能及的事,让他们担任课代表等,这样就会使问题学生有自我表现的机会,从而增强他们在各方面都进步的愿望。"
请问什么样的孩子是义务教育阶段学校可以拒收的？,不具备自主学习能力的适龄儿童，义务教育学校可以拒收
学校管理中，怎样激发中层的工作热情，使其被动工作变主动工作？在考评与评优选先中如何与教师平等对待而不会引起情绪？,在学校管理中，中层干部的思想意识很重要，能够作为学校的中层干部，剔开人为因素，都是在某一方面有能力才被提拔起来的，所以意识形态很关键。除了树立愿景，还要积极肯定，其所负责的工作不要过于干预，对工作中出现的失误，不要过于指责，要有一定的容错心态，这就是我对学校管理中的一些初浅的看法。
家长为什么会站在老师的对立面？这样做对他孩子的教育有好处吗？问题家长一定会造化出一个问题孩子。,一直以来，老师们习惯了家长和自己站在一起。现在的家长已经不同，社会舆论环境也不同，对教师和学校教育的要求也不同，所以，我们得接受家长站在我们的对立面。其次，无论家长站在哪里，关心自己的孩子，关注孩子的健康成长，这是与教师和学校共通的。存同，尊重差异，相信老师和家长，最后会走到一起。
如何引导家长认同学校的教育理念？,崇文实验学校每位即将入校的孩子，教师及时与家长沟通，交流中传递学校的育人理念等。我校一年级新生在入学前，教师就与家长建立了联系，登记新生学籍，到新生家中家访，及时与家长交流、沟通，请家长参与新生入泮仪式，与教师达成共识，携手共育孩子成人成才。
期末了，如何帮助孩子有效的复习？,有效的利用思维导图，引导学生加强重点复习，同时精选题目，达到讲练结合、系统掌握的目的。
如何培养学生学习积极性和主动性？,1.营造积极向上的学习氛围，多给予学生鼓励和肯定。2.在教学中突出学生的主体地位，培养学生自主学习的意识，让学生主动参与到教学活动中来。3.注意教学手段的多样化和创新性，充分利用网络资源，丰富课堂形式，调动学生学习的积极性和主动性。
家校沟通的策略有哪些？,1.进行家庭访问。这是班主任联系家长、了解学生最常用的方法。家访要尊重家长，要正确地反映学生实际，切忌不能搞“告状式”家访。向家长宣传家庭教育的重要性，介绍家庭教育的正确方法。使家长能与学校协调一致的教育好子女。当前，由于通讯条件好，有的班主任用电话联系的方式代替家访，这是不恰当的，应深入走进学生的家庭，实在地掌握第一手资料。2.举行课堂教学开放活动。让家长参与听课，使广大家长深入课堂，深入到学生中去，听课、评课、了解老师、了解孩子、了解学校的教育教学情况。随着新课程的推进，好多家长拿起孩子的书本开始犯疑，不知如何辅导学生的学习，举行课堂教学开放活动将有力的解决这一难题。3.参与“学生评价”。新课程倡导多元化的评价，请家长参与对学生日常的、阶段性的学习、习惯、行为等的评价，既可以督促学生完成学习（包括学业、活动等）任务，又可以增进家长与孩子的情感交流。4.召开家长会。向家长宣传国家的教育方针、教育法规以及小学的培养目标；介绍学校和班级以及学生情况，争取家长的支持配合，同时也了解学生在家庭的表现，达到相互沟通，使学校教育与家庭教育协调统一；宣传家庭教育的理论和经验，帮助家长掌握科学教育子女的方法，特别是关于独生子女的教育方法；宣讲新的人生观、育人观，帮助家长走出家教误区，转变观念，更好地实施家庭教育。举办家教经验交流活动，请家庭教育做得好的家长现身说法，交流他们成功的教子经验，起到抛砖引玉的作用。5.举办家长学校。引导家长更新观念，与时俱进，帮助家长真正了解孩子生理、心理及学习发展变化规律，让更多家长从成功的家教范例中总结经验，寻求方法，从养成孩子良好的行为习惯开始，充分发挥家庭教育在非智力因素方面的教育优势，全面提高学生素质。通过家长了解学生在家庭中的表现，以及向家长反映学生在学校的情况，以便统一认识，制定统一的教育方法，共同教育学生。
怎样让孩子树立自信，变得活泼开朗？,1.帮助孩子充分认识自身价值，发现自身长处，增强自信心。2.多用赏识和鼓励，对孩子信任、尊重，肯定孩子的进步，及时对孩子学习和生活中的闪光点进行表扬。3.帮助孩子建立合理的成功期望值，学会客观地认识自己，不能好高骛远、急于求成，逐渐建立自信心。4.鼓励孩子多多展示自我，体验成功，这对培养自信心非常重要。以上是我的回答，希望对您有所帮助。
如何做一个幸福的好老师？,平衡好个人的工作与生活，真心热爱教育事业，为每一个孩子负责，能承受生命之重，心怀感恩。
如何提高学生的自控能力？,那么如何提高自控力？（一）认识恶习：它一定曾让你获益“认识坏习惯的这一特点，是改变它的第一步。” 很多孩子都能认识到自己的坏习惯，但是无法控制，甚至当面对家长对孩子坏习惯的斥责时，会想出应该斥责的办法。因为让孩子认识到自己的坏习惯，如果孩子认识不到，那家长来引导孩子认识坏习惯！来看一个小故事：某私营公司的文秘小刘有一个坏习惯：什么文件，她都会拖到最后的一刻才会拼命做。譬如，公司周一开了次会议，老总让小刘最迟周四交上整理好的会议记录。无论周一、周二时间多么宽裕，小刘都不会先完成这份记录。她经常是一天十次、二十次地在电脑上打开一个文件，但每写几个字就会停下来，一个字都写不下去。直到周三的下午，她才会在电脑上对着键盘一通狂敲，如果下午完不成———这对小刘是家常便饭，她就会拖到晚上，搞到晚上十一二点甚至夜里一两点才下班。周四，她一定会一早来到单位，红着眼睛、带着一脸的疲惫把报告亲自交给老总。小刘下了无数次决心，发誓要改变自己这一作风，但一年年下去，没有任何效果。其实小刘知道，这是一个恶习。但她一直没有想过的是，这个恶习给她带来了不少好处。譬如，同事们都知道她是“加班大王”，这个称号传到老总耳朵里，老总也从不批评她做事拖沓。这些好处成了奖励，强化了小刘办事拖沓的习惯。这个恶习还有更深层的原因。小刘的爸爸对小刘要求很高，上学的时候，每次做完作业，她爸爸都要检查一遍，一发现差错，爸爸会狠狠地批她一顿，斥责她不努力不认真。 最后，小刘发展出应对办法：熬夜在最后一刻才把作业完成。这样，即便爸爸检查出了错误，但因为知道小刘熬过夜，不仅不斥责她，反而会夸她用功。公司里其实也一样，老总是男性，面对老总就仿佛是面对老爸，小刘害怕老总斥责自己不努力，所以用了以往的应付方法应对老总。（二）接受恶习：它必然对应着一种“次人格”恶习的对立面是自控。“自控”的表面意思就是“自己控制自己”，发誓改变恶习的人也很容易有这样的观念：我必须控制住自己。其实这是对自控力的一个最大误解。当我们说“控制”时，就是将坏习惯当作了自己的对立面或敌人来看待。我们将坏习惯当作自己生命中的一个敌人，发誓要击败它。但实际上，所谓的击败不过是压抑。但它有时会被击败，但日后它还会发起攻击。这就好比是弹簧，你压抑得越厉害，它反击的力量就越大。 这是很多胖子、酗酒者、网络成瘾者等人群在改变坏习惯时一而再、再而三失败的重要原因。对我们来说，每一个坏习惯都有其好处。不仅如此，实际上，每一个坏习惯实际上都是我们人格的一部分，都反映着我们自己的深层需要。前面说的小刘的例子，她之所以总把事情拖到最后一刻完成，既是为了逃避老总的指责，也是为了赢得老总和同事的赞誉。许多网络成瘾的孩子，他们之所以整日沉溺网络，要么是因为现实生活中缺乏爱，要么是学习压力太大了，一遍遍地重复学习实在太乏味了。因此，我们必须认识到，每一个人做任何事情最终都是为了满足自己的一些深层需要，每一个负面的、损害性的行为背后都有一个正面的动机。如果认真聆听我们内心的声音，你会发现，生命中每一部分都是你的朋友，都是为了帮助你更好地生活。当你理解这一点时，就会带着感激的心去面对你本来仇视的缺点和恶习，开始把它们当作朋友来看待。这时，你就不会再像面对敌人一样试图去击败它们，而是去接纳它，了解它。这其实就是你人格的一部分，或者说是你的一个“次人格”。当你这样做时，这个次人格中所蕴涵的能量就会被我们接受，成为我们生命中的一部分。只有当你理解了，接受了，真正的改变才会发生。这个过程被称为“次人格整合法”。把恶习当朋友来接纳。你有过这样的经验吗？你必须在周末写出报告，否则会付出代价。但你却呆呆地坐在电脑前，脑子里空空如也，一个字也不愿意敲。你一会儿打开旅游网站，一会儿打开爬山网站，所有的内容你都看过了，但你还是一遍遍地刷新网页。你强烈地谴责自己，发誓再也不做这些无聊事了。但过了一会儿，刚写了几个字，你又开始刷新电脑网页了。那么，换个方式。仔细地聆听一下你内心的声音，你会听见，你心中有一个部分在大喊：你整天做烦躁和劳累的工作，你太需要休息和娱乐了。现在，你要感谢这个“次人格”对你的关心和帮助，告诉它你一定会去。但此时此地，你必须先把手头的工作完成。这个时候，你会发现，那些曾经让你分心的想法不再纠缠你了，它相信了你的承诺。真正能自控的人是内心和谐的人，他们将自己内心的每一部分需求都当作朋友来看待，这样每一部分都不会捣乱。这样的人不是试图控制或压制一些缺点，而总能从它们当中找到正面的信息。 如果不这样做，而是整天强迫自己完成这个义务，完成那个责任，那么，一个人就会发展出很多个与自己的主人格相敌对的次人格。从意识上看，这个人似乎很负责，很正常。但从潜意识看，这个人的内心中会有很多冲突。碰到这种情况，他就会尝试用“次人格整合法”对他进行治疗。这个方法的宗旨就是：我们生命中的每一部分对我们都是有帮助的，我们必须把它们当作朋友来接纳。但多数人没有这样的意识，他们对自己的胆怯、苦恼、恐惧、愤怒等脆弱的一面采取无视或排斥的态度。比方说，有一天早上醒来，你不想上班，有人可能教过你，要忘掉这种不好的感觉，对自己大喊几声“我很好”“我很棒”“我一定能行”等口号，用这种积极暗示压下内心那个无助而孤独的自己。这会起到一定效果，但最终会造成次人格与主人格的分裂。次人格并没有消失，而是被压抑下去，但说不定哪一天，它会来一个大爆发。与其这样，不如仔细的聆听内心的声音，然后接受它。（三）寻找动力：发现你内心的使命感做了决定，但却迟迟不去执行，或者执行了一段时间就放弃了，而恶习仍在继续。之所以屡屡出现这种情况，其根源是没有找到使命感。强大的使命感才是促使我们改变的发动机。譬如，很多人都下定决心减肥，但却屡屡失败，一个很重要的原因是，他们到底是为了什么而减肥？或者说，减肥的动力是什么？为了保持健康，从而让自己生活得更美好，更好地帮助家庭，养育子女？还是就是为了看上去更漂亮？如果减肥的动力只是外部动力———让自己看起来更苗条。那么，减肥是很容易失败，因为周围人的评价总是七嘴八舌、意见不一，减肥者很容易受到周围 人的打击而自暴自弃。并且，这样的理由也不足以让一个人全身心地奉献。很多人发誓减肥后没几天就放弃了目标，只好屡屡抱怨“我就是没办法自律”。实际上，任何人都做不到“随便做一个决定，然后就能100％地实施”。要保证自己的誓言得到坚持，就必须给这个决定找到足够的理由。一名摔跤队的选手考上了北京大学，当时他的体重是210斤。在大一大二期间，他多次发誓减肥，但每次都是没坚持几天就放弃了。两年过去了，他的体重没有任何变化。但进入大三后，他只用半年的时间就将体重减到了160斤。为什么会这样呢？原因很简单，他谈恋爱了，爱情给他的减肥找到了足够的理由，这催发了他的使命感。其实，最大的问题不是自律，而是我们没有花费工夫确定愿景———为什么要改变？我们没有求助于内心深处的价值观和动力，没有求助于我们生命中最重要的。” 听听你内心的声音，了解一下，你真正想做的是什么？那才是你的动力之源泉。初恋的时候，和心爱的人初次约会时，你会拖延吗？当你热衷于一个电子游戏时，你会拖延吗？答案很简单。当你真正想做一件事情时，动力会从内心自动产生，你自然会获得自律。不要从外界去寻找迫使你改变习惯的东西，因为它们很容易被你放弃。“当你真正喜欢做一件事时，自律就会成为你的本能。”这就像玫瑰要绽放，茉莉有芬芳，鸟儿会飞翔一样。所以，请记住，增强自控力的唯一根本在于要找到你真正爱做的事情是什么？真正想成为怎样的人？也就是要找到你的人生使命。”（四）培育好习惯：兑现承诺，从小处做起学会了和“次人格”对话，又找到了改变习惯的使命，是不是就OK了呢？绝非如此。尽管最重要的问题解决了，但改变恶习仍需要一点：立即去做。因为，每一个旧习惯对应着的神经回路是无法消失的，只能靠新习惯打造更强大的新神经回路，用新的神经回路去战胜旧的神经回路。新的神经回路一开始必然是脆弱的，要用它战胜旧的神经回路，最好采取一些聪明的策略。第一、从最容易的事情开始。一开始不要给自己太大的压力，只规定一些小的任务。譬如，查出明天要拨打的电话号码，记下来，今天的事情就完成了；拿出所需要的资料，放到桌子上，不用急着开始工作。一开始不要急着作大的决定，要慢慢开始，在一些小的方面向自己作出承诺并且遵守这些承诺。让你的内心引导你作出承诺。承诺一旦作出了，无论是怎样微不足道，都要遵守下去。知道这样做的意义何在呢？因为当你作出承诺并履行承诺时，你会对自己越来越满意，你作出及履行更大承诺的能力就会增加，简单地说就是你会越来越自信……我们每个人肯定都有过这样的经验：你知道什么该做，并真的那样做了，你会觉得很开心，你会对自己很满意，会获得心灵的宁静。”在这个世界上，分裂是最大的痛苦，堤坝分裂会导致洪灾，地表的分裂会导致地震，山峦的分裂会带来山崩，爱情的分裂会带来离婚，同样你和自我的分裂会带来一生的痛苦和遗憾。人生最大的痛苦莫过于知道该怎么做却没有去做，你会自责，你会对自己不满意，你会觉得自己是渺小的、不讲信誉、不可信， 总而言之，就是你开始不信任自己，自信心降低了。第二、每天必须做一件事情。你可能曾经给自己作过很多承诺，但都没有坚持下来。那么，不要想一天把它们全实现。试着每天只规定自己必须完成一件事。这很容易实现，而实现的喜悦就是一种强化，会使你的新习惯更强大。第三、每天必须不做一件事情。你可能有很多坏习惯，你成了它们的奴隶。不要企图一天把它们全消灭，试着规定自己每天必须不做其中一个习惯。第四、不要积累太多的未完成事件。每个未完成事件都会吞噬你部分心理能量，无论这些事情多么不起眼。第五、有决定胜过没有决定。你可能有太多的想法，但很多想法相互矛盾，所以他干脆一年一年地什么都不去做。你试图去梳理你的这些想法，却一直没有梳理清楚。那么，无妨随机选择其中一个想法，只要它是你内心的愿望，不是你要做给别人看的。就从它开始去做，去为它努力，一步一个脚印地去实现它。做，总比坐着想更能提高你的自信。明确使命和目标是增强自控力的唯一根本。如果没有没有清晰的使命和目标，你会缺乏动力、激情，变得懒散。你每天懒得起床，对一天的生活没有充满兴奋的期待，生活中缺乏宝贵的成就感和满足感。但是，只要你发现了自己的人生使命，你有明确的人生目标，那么你的生活就充满了电。你有了紧迫感，有一种等不及第二天太阳升起的神圣感觉。许多伟大的人物都有过这样的感觉。所以，最后我想强调，明确价值观、发现使命、制定目标是增强自控力的根本，更是人生的根本。
为什么周末、节假日学生作业比较差？,1.周末及节假日期间精神较为放松，所以对待功课不如平日认真。2.老师不在学生身边时对学生的督促作业不足，而家长也会因为休息日期间放松对孩子学业上的督促。
如何培养学生学习的兴趣，积极主动学习？,培养学生的学习兴趣和学习积极性这个问题归根结底就是要培养学生的学习动机，学习动机极大地影响学生的学习效果，动机的“培养”需要学生自己、教师和家长共同发挥作用，而不是单靠一方努力就可以成功的，在此我就教师这一方简单地展开讨论。        首先，教师需要树立正确的教学观，以人为本、全面发展。教导学生并不是简单的“成绩论”，而是要让学生找到所学课程的价值，树立自己的目标，并逐渐建立现阶段学习和未来需求之间的联系，能够帮助自己学有所成，从而产生学习需要、激发学习兴趣。         其次，就教学方法上而言，以课堂、课本、教师为中心的传统教学方法已经无法满足时代发展的需要，翻转课堂、小组讨论等新型的教学方法逐渐普及，让学生成为课堂的主体，认识到自己可以产生的作用和价值，有趣且有用的课堂形式也是激发学生兴趣的方法。教师还应注意对待学生犯错时的方法，一味的批评只会挫败学生的成功感、降低自信心，从而降低学生兴趣，而应耐心帮助学生建立新知识和已有知识之间的联系，从而更好地培养学习兴趣。        最后，良好的师生关系也起到很大的作用。课堂实践也表明学生会更偏向喜爱教师的课程、学业成就也更高，虽然这种关系不是必然的，但良好的关系可以帮助老师和学生进行正确的情感交流，更好提升学生的学习积极性。         希望我的建议对您有用！
怎样才能做到赏识教育？,赏识教育是指赏识孩子的行为结果以强化孩子的行为，赏识孩子的行为过程来激发孩子的兴趣，同时适当提醒，纠正孩子的不良行为。赏识教育的六大原则是“尊重、信任、理解、包容、激励、提醒”，首先要具备赏识教育的态度，对孩子做到尊重、信任和理解，真正懂得孩子。在具体的操作中要做到包容、激励和提醒，以指明孩子的发展方向，促进生命的成长。
有什么办法可以帮助初三学生更快更准的记住方程式？,1.掌握正确的记忆方法。通过理解记忆、对比记忆、关联记忆以及规律记忆等方法，提高记忆效率。2.课堂教学中体现方程式记忆。方程式的记忆需要在日常的教学中逐步渗入，带领学生分析并逐步书写，让学生真正体验书写过程，再当堂练习加以巩固。3.联系实验现象记忆。化学方程式可通过编制口诀等方法联系实验现象记忆，并时常加以温习巩固。以上是我的回答，希望对您有所帮助。
如何培养小学生养成喜欢看书的好习惯？,1.兴趣是基石。兴趣是最好的老师，需要从小培养，家长首先要懂得孩子喜欢听什么、喜欢做什么，再顺势引发孩子读书的兴趣，多给予孩子鼓励，让孩子做到好读书、乐读书。2.发挥榜样的作用。可以在家中设立每日读书时间，并坐在一个专门的位置读书。家长和教师平时多多读书，拓宽自己的知识面，孩子自然会耳濡目染养成读书的好习惯。3.教师的恰当引导。随着年级升高，孩子自主阅读的能力越来越强，教师可以根据学生的兴趣、心境以及阅读能力，向学生推荐不同的书目，并指导学生感悟书中的道理、联系生活注意观察、积累好词好句等等，做到学以致用。以上是我的回答，希望对您有所帮助。
学生在课堂上总控制不住与周围同学讲小话，有何妙招可解决?,教师应对学生和同学说小话的问题时首先应该了解背后的原因，具体问题具体分析。      教师需要注意了解原因的方式方法，课堂中首先应该运用委婉的方式提醒学生，如“让我来看看还有哪位同学没有看老师呀？”，如果还是继续讲话就需要采取比较直接的方式，比如让说话的同学回答问题。下课后可以采取让那两位同学帮老师拿东西的方式把他们叫出教师，然后耐心和他们交流，了解原因并针对性采取方法。       1.对课堂内容不感兴趣。教师首先需要反思自己的教学内容和教学方法，并咨询同事的建议，针对性改进，更好地调动学生的学习积极性。2.课下有没有聊完的话题。耐心沟通，告诉学生交流需要注意场合，这也是对老师和同学起码的尊重，告诉他们可以课下继续交流。3.恶意扰乱课堂。这个性质就比较严重，特别是在学生屡教不改的前提下需要采取必要的措施，可以抽查学生课堂的知识点，当学生回答不上来的时候就可以以此教育学生，在之后的课堂活动中更积极地提问这类学生，帮助他们集中课堂。        以我的课堂经验来看，教师应对这类学生最好的方式就是改进自己的教学方法，以更丰富有趣的形式传授抽象的知识，和学生的实际相结合能更好地调动学生学习的积极主动性。
如何激发班主任工作活力？,1.从班主任的需要入手，调动其工作积极性。管理者要从班主任工作的特点出发，注重荣誉、进修等精神需要以及工资待遇等物质需要，采取有效措施，合理满足其正确需要，从而激发其工作积极性。2.加强教师对班主任工作的重视程度，学校要不断提升教师觉悟，树立作为班主任的责任感，激发教师工作热情。以上是我的回答，希望对您有所帮助。
如何培养孩子自觉自愿读书？,课堂要生动，教师要和蔼，要求要严格，惩罚十奖励，退让有原则。
如何培养低年级孩子学会认真倾听与思考,李玉贵老师的倾听技术与策略 文静清秀的李玉贵老师，已然成为我们大家共同的偶像。工作期间，他拿下了包括“师铎”奖在内的几乎台湾基础教育阶段所有最高奖项。她退休后跑到上海读博士，他不仅研究学生、教学生而且研究教师，教老师。她在数十所学校开设教师培训工作坊，工作坊主要聚焦“共同备课”与“课堂研究”。共同备课重点在课前的文本解读、教学设计；课堂研究包括现场给学生上课，老师们进学生小组观课、记课与课后议课。敏锐的她发现了一个问题：即使是观课老师们即便进入学生的学习小组，他们的耳朵专注的还是授课老师说什么、怎么说，他们的眼睛看到的还是授课老师在主导什么、做什么、写什么。而学生，这个课堂的主体却被忽视了。于是，她研究佐藤学先生的学说，致力于植根于中国传统文化的安静倾听的课堂建设。她一语戳中了许多老师的要害：“自己不是一名好的示范者，却还在怪小孩不会听。是的，孩子是我们教出来的，最没有资格批评小孩没能力的就是老师，他们的不足正是我们专业成长的空间。”李玉贵老师认真地说，“我们让学生安静听、专心听、好好听、仔细听时，要先教他们怎么听、听什么、听到什么程度？比如，学生必须知道听的时候要做什么。”两岸四地的语文老师名家中，如果说有那么一个人，只要他往那里一站，不用自己说：“我就是语文！”而大家公认她就代表语文。这其中，一定少不了李玉贵老师。第一步 像向日葵一样把身体转向听话的人；第二步 眼睛看着讲话的人；第三步 微笑聆听；第四步 听懂的话点点头；第五步 有问题的话，在别人说到一段的时候提出来，跟他说：“你刚刚讲得那个我不会哎，你可不可以换一种方式，再试着说给我们听听看，也许我能多懂一些”；第六步 别人的话要听到最后。她真诚地呼吁：不仅要教给小孩这些动作和回应的语言，更重要的是老师每天都要示范给小孩看。  
如何提高学生的阅读能力?,学生阅读能力的培养需要从三点切入：提升学生的阅读兴趣、培养学生的阅读习惯、指导学生的阅读方法。首先，兴趣是学生学习最直接的动机，不同学生的阅读兴趣激发点有所差异。部分学生对童话书感兴趣，部分学生对名著感兴趣。兴趣培养的初期可以从学生差异化的阅读取向出发，比如先让学生选取自己最喜欢的一本书制定阅读计划，定期在班级分享，教师及时给予肯定和赞赏，或者以小组的形式积累阅读积分等，学生在这个过程中可以体会到阅读的乐趣和成就感，多样化的阅读形式有助于保持学生阅读兴趣的稳定性。其次，学生“想读书”之后就需要培养学生正确的阅读习惯，教师在这点中需要发挥重要的作用。不论是阅读书目的类型、阅读的时间场合，还是阅读的方法等，都需要教师指导。教师可以和学生讨论决定阶段性的阅读书目、阅读进度（个人或小组）、分享形式和奖励方式等，以集体的形式帮助学生逐渐化兴趣为习惯。最后，阅读方法和阅读习惯其实是关联在一起的。教师需要指导学生根据自身发展和阅读材料的实际情况选择阅读内容。从写作内容、写作特点、段落级别等，明确阅读目标。教师应根据文章内容、学生实际情况及所需信息，指导学生选择不同的阅读方式，积极引导学生培养阅读自主权，充分调动学生阅读主动性，启动学生的大脑，从而培养学生自律、自主、自学的能力，激发其丰富的想象力和创新精神。
如何教育留守儿童？,1. 学习成绩较差，作业不认真完成，无心向学。2. 性格内向、孤僻、胆小怕事，遇到问题不敢向老师或亲属反映，长期积压在内心深处，心理压力很大，容易造成心理障碍。3. 不关心班集体，经常违反纪律且屡教不改，对待他人冷漠，我行我素。 作为教师，我们有责任教育好这些学生，为他们创造良好教育和健康成长的环境。
如何培养学生的行为习惯？,① 在班级教育目标中建立行为习惯的标准，为同学们养成良好行为习惯提供方向和动力。组织具体的班级活动来实现这一目标，让同学们意识到良好行为习惯的重要性。② 教师的言传身教十分重要，良好的行为习惯需要从生活的点滴小事中逐渐培养。教师要言传身教，做好榜样，学生受到影响也会自觉坚持学习。③ 通过激励机制及时进行强化，班级中可以建立相应的评比制度，并组织班干部相互督促检查，对表现好的同学或小组进行表扬和奖励，逐步培养学生良好的行为习惯。
如何培养学生的受挫能力？,首先，要让学生学会正确认识自我。通过分析自己的兴趣、长处、不足，客观地评价自己，并确立与自身实际水平相符的目标，从而逐步建立内在的自信。其次，教师要把握好挫折教育的时机，帮助学生正确认识和对待挫折。人生的道路并不是一帆风顺，挫折可以通过个人的努力被利用和转化。引导学生从失败的经历中吸取经验教训，并掌握一些疏导压力的方法。最后，挫折教育在促进家校联合方面具有重要作用。要让家长认识到培养学生健全人格的重要性，引导孩子在面对困难时学会解决。引导家长改善家庭教养方式，加强与孩子的交流沟通。
怎样才能去了解学生的情感价值观？,虽然赵俊丽从事教育工作22年，一直工作在教育的第一线。和学生打成一片，一路虽然艰心，不忘初心，牢记史命。保持一颗忠爱教育事业的心。
如何培养学生自主习作的习惯？,培养学生的写作兴趣，提高写作能力，在日常教学中增加学生的阅读积累是培养写作兴趣的基础，引导学生养成阅读习惯，并注意好词好句等写作素材的积累，使学生作文能够有话可说。此外要引导学生注意从社会实践中汲取素材，留意日常生活中的人和事，不断增强写作能力。最后教师要进行恰当的激励和表扬，认真批改学生的作文，逐步培养其写作兴趣。
如何做一个学生喜欢的老师？,走进学生的心里，朋友互动式教学。
好学校会是什么样?,好学校，总能为教师的成长找到一个支点，让教师做一个精神丰富的人，精神灿烂的人，时刻呈现站立着、蹲下去、跪下来最美的姿态。也正因为如此，温暖的亲情，美丽的爱情，优雅的闲情，才有可能。
面对每日繁琐的工作教师应该如何来调节自己的心态？,首先，教师要对自己的学生有清晰、明确的认知，合理调整期望值，看到学生每一次的进步，这也能够对教师的工作起到很好的激励作用。其次，教师要处理好与同事的人际关系，营造温暖的工作氛围，有利于缓解工作压力。最后，教师要加强与学生的沟通交流，了解学生想法的同时也让学生认识到自己的良苦用心，培养师生之间的信任感，和学生成为好朋友，实现教学相长。
如何培养学生的写作兴趣？,培养学生的写作兴趣，提高写作能力，在日常教学中增加学生的阅读积累是培养写作兴趣的基础，引导学生养成阅读习惯，并注意好词好句等写作素材的积累，使学生作文能够有话可说。此外要引导学生注意从社会实践中汲取素材，留意日常生活中的人和事，不断增强写作能力。最后教师要进行恰当的激励和表扬，认真批改学生的作文，逐步培养其写作兴趣。
如何培养学生的学习积极性性？,培养学生的学习积极性，首先要在班级中营造良好的学习氛围，勤学好问，促进班级同学间的互帮互助。其次要建立良好的师生关系，培养师生之间的信任感，并在课堂教学中将主动权还给学生，让学生真正参与到学习中。最后可以记录学生的进步并给予一定奖励，善于发现学生的闪光点，增强学生的自信心和积极性。
怎样组织学生的合作兴趣？,培养学生的合作意识，教师可以在日常教学中引导学生进行合作学习，让同学们认识到合作的意义。在推进合作学习的过程中，教师要注意分组的合理性，促进小组内成员互相学习、取长补短、共同进步，同时各组之间也要有一定的可比性，提高学生合作学习的积极性。此外教师可以通过主题班会、参加学校集体活动等方式培养学生的合作技巧，增强合作能力，并合理安排学习内容的难度。太简单会使合作学习失去意义，太难又会让学生失去合作学习的热情，合理设置探究内容才能组织学生的合作兴趣。 
小学生做作业磨蹭怎么办？,首先，要使孩子树立正确的时间观念，懂得珍惜时间。可通过学习一些珍惜时间的名言警句、寓言故事等，逐步提高写作业的效率；其次，父母要注重家庭环境的改善。在孩子写作业时，家长要提供一个安静的学习氛围。同时家长也要给孩子树立榜样，做事认真高效，不断地培养孩子的学习能力；最后，建立一定的奖惩机制，让孩子意识到不能按时完成作业的后果，并制定学习评价表，在其取得进步时给予奖励，调动孩子写作业的兴趣。每个孩子做作业拖拉磨蹭的原因都会有所不同，老师和家长要找到根本原因并对症下药，而不是一味批评，这样才有利于问题的解决。
如何提高学生的自控力？,自控力，即学生的自我管理能力，自控力的培养需要家校配合进行。学生自控力的培养可以通过设立学习目标、合作教学、管理班级等形式逐渐提升。自控力不足的一大表现是学生在课堂不集中注意力，这种情况教师在正式上课前可以布置个人或小组任务、课后检查，或者教师可以根据教学内容适当安排学生讲课、表演等，发挥学生自主性、循序渐进提高自控力。班级管理也是提升自我管理能力的一大方法，班主任可以充分发挥学生的自主性，和学生讨论决定班级管理队伍和每个人的职责。在一段时间放手让学生管理班级，提升学生的责任心和自控力。学生面对诸多诱惑时无法拒绝，这时候需要老师和家长以身作则，并引导学生制定学习和生活计划，计划列表也是监督孩子自我管理的一种方式。对于自控力差的学生教师可以采取激励法，适当表扬或奖励有进步的学生，提升学生改进的动力。5. 怎样培养学生的向心力？培养学生的向心力，一方面要注重对学生集体主义观念的培养，另一方面也要通过丰富多彩的班级活动来增强学生的凝聚力。教师要了解自己学生的特点，发现每位学生身上不同的闪光点，因势利导，使学生形成让集体以我为荣的良好心态；并鼓励学生参与班级的民主管理，创设良好的班级文化氛围；同时班主任也要言行一致、以身作则，做到理解与信任学生，从而增强学生的向心力。培养学生的向心力也要充分发挥集体活动的教育作用，让学生以班级或小组为单位完成一项任务，在活动中学会分享与协作，并建立相应的奖励机制，班主任也要抓住机会进行表扬教育，逐渐培养学生的集体荣誉感。自控力，即学生的自我管理能力，自控力的培养需要家校配合进行。学生自控力的培养可以通过设立学习目标、合作教学、管理班级等形式逐渐提升。自控力不足的一大表现是学生在课堂不集中注意力，这种情况教师在正式上课前可以布置个人或小组任务、课后检查，或者教师可以根据教学内容适当安排学生讲课、表演等，发挥学生自主性、循序渐进提高自控力。班级管理也是提升自我管理能力的一大方法，班主任可以充分发挥学生的自主性，和学生讨论决定班级管理队伍和每个人的职责。在一段时间放手让学生管理班级，提升学生的责任心和自控力。学生面对诸多诱惑时无法拒绝，这时候需要老师和家长以身作则，并引导学生制定学习和生活计划，计划列表也是监督孩子自我管理的一种方式。对于自控力差的学生教师可以采取激励法，适当表扬或奖励有进步的学生，提升学生改进的动力。5. 怎样培养学生的向心力？培养学生的向心力，一方面要注重对学生集体主义观念的培养，另一方面也要通过丰富多彩的班级活动来增强学生的凝聚力。教师要了解自己学生的特点，发现每位学生身上不同的闪光点，因势利导，使学生形成让集体以我为荣的良好心态；并鼓励学生参与班级的民主管理，创设良好的班级文化氛围；同时班主任也要言行一致、以身作则，做到理解与信任学生，从而增强学生的向心力。培养学生的向心力也要充分发挥集体活动的教育作用，让学生以班级或小组为单位完成一项任务，在活动中学会分享与协作，并建立相应的奖励机制，班主任也要抓住机会进行表扬教育，逐渐培养学生的集体荣誉感。
如何提高学生的阅读能力？,平时让孩子们养成读书的好习惯，这样日久天长会对孩子们阅读有很大提升的空间！
接手一学期的班级，学生行为习惯和学习积极性还是很差怎么办？,教师需要知道行为习惯和学习积极性的改善不是短时间可以解决的事情，班主任更需要了解班主任这个角色对于班级的重要性，首先需要改善班级的整体氛围。第一，班主任想真正发挥作用需要赢得学生的信任和尊敬，这就要求师生之间有充分的沟通，交流意见、联络情感、团结力量。但是班主任在与学生沟通的时候需要权衡彼此之间的距离，关心、沟通、尊重学生的同时保持一定距离，提高班主任的威信。第二，行为习惯和学习积极性无法改善可能和班级的班风学风有关，这就需要班主任充分发挥自己的引导作用。在发现班级中存在不正之风，如打架、偷东西、抄作业等，教师及时召开班会表明立场、教育学生，矫正学生行为习惯。班主任还可以设立良性的竞争制度，激发学生的竞争意识和忧患意识，帮助学生提升学习积极性。第三，班主任在管理班级时可以设置激励制度。通过表扬、奖励等方式可以激发学生的积极性、帮助学生重新认识自己。教师可以设置多样化的奖项，充分发现每位学生身上的闪光点，激励每位学生的进取心，以一种积极的方式帮助改善学生的行为习惯、提升学生积极性，有时消极的惩罚方式反而适得其反。
怎么培养学生的情感价值观？,情感是人对客观事物是否满足自己的需要而产生的态度体验，而价值观是基于人的一定的思维感官之上而作出的认知、理解、判断或抉择，培养学生正确的情感、态度、价值观，需要家庭、教师和社会多方面的配合，在此主要介绍教师该如何做。首先，教师需要树立正确的教育理念，关注学生学习成绩的同时不能忽视学生的思想状态，教学的同时传达正确的价值理念，并通过与学生的互动观察学生状态，发现学生状态有异常时及时沟通交流，帮助学生解决思想和情感上的困惑，并及时反馈给家长。其次，在课程方面，学校可以设置相应的课程，制定阅读书目，课程形式可以多样化，比如表演教学、翻转课堂等，充分发挥学生的自主性、寓教于乐，帮助学生在形象有趣的参与中学会如何正确地管理自己的情感，树立正确的价值观。此外，师生关系对学生的情感价值观有重要的影响，教师和学生相处的过程中需要一视同仁，不能以成绩作为评定学生优劣的标准，秉持开放多元的观念尊重每位学生，发现每位学生身上的闪光点，作为培养价值观的切入点。教师面对学生的错误时需要宽容对待、妥善处理，和学生充分沟通了解前因后果之后再下结论，不能先入为主，更不能因为一个错误否定学生的全部。
如何克服教师工作中的倦怠感？，增加灵感？,干一行，爱一行，专一行！古有卖油翁，今有工匠精神！往大了讲，教书育人，关系国家百年大计，往小是说，一个孩子，可以改变一个家庭！当你真地认识到自己工作的伟大与神圣时，你就会拥有抵御外来的风风雨雨，更会主动克服自身的职业倦怠！当你明白了这一点，你会发现天天与孩子在一起，每天对我来说都是崭新的，充满无限生机的！
如何对学生进行正确评价？,评价对于教师来说是一门艺术！掌握了这门艺术，会让自己的教育教学效果事半功倍。相反不恰当的评价，不但起不到激励的作用，有时还会影响孩子的学习情绪，大大降低了自己的教育教学效果！要想给孩子正确评价，我以为首先那就要评价准确！认真研究孩子所说所做的创新之处，可取之处，哪怕是错误的答案，也足以证明他认真思考了，只是方向不对，请换个方向重新思考，如有可能一会再给他一次机会！相信这样一来，孩子的信心会大增！其次，那就要精炼，点到为止，切不可长篇大论！最后，就要体现公平，公正！每个孩子都是鲜活的个体，允许有不同意见，公平，客观，公正地评价每一名学生！
音乐课上怎样快速提升学生的视唱音准能力？,1.多听多唱。2.多媒体课件学习。3.图片配合。4.教师领唱和学生小组学习配合。5.鼓励表扬为主。
面对多动的孩子应怎样做？,老师在面对孩子的过程中要注意保护孩子的自尊心、自信心和求知欲望。尤其是低年级的老师，要多了解一些幼儿心理发育的特点，让孩子在从幼儿园到小学之间能很好的衔接。积极去引导和观察孩子的心理发展。
如何让老师提高职业幸福感？让自己的孩子更愿意相信自己爱自己的老师？,幸福来源于人的一种主观感受，是对生活的一种体验。就是人的目的性自由实现的一种主体生存状态。“当个体感觉到他找到人之为人的目的，并且他觉得自己的行为是在践行这一目的时，他就会有一种主观上的践行天命的愉悦，这就是幸福感。”教师是一项职业，他的主要责任来自教育教学，那么可以说教师的幸福感就是教师在从事教育教学工作中感受到需要得到满足，潜能得到发挥，能够实现自我生命价值时所获得的持续快乐体验。                                                               
如何解决学生学习中的困惑？,根本原因就是学习没积极性，没学习的意识跟欲望，在作为教育者我们一定要培养学生的学习重要性方面特别加强，不是为了学习而学习，是为了提升而学习。
怎样指导一年级的孩子们写好看图写话？,1.指导学生看图。2.直到学生在提问题中尝试表达。3.训练学生写话。
如何树立孩子的自信心？,1、指出优点。不要忽略他的任何优点，哪怕是今天帮你拿了杯子，倒了水，也不要忘记可以在家中找一个醒目的地方，挂一块小黑板，记录下孩子的优点，所做的一些小事。2、在其他人面前，特别是在众人面前，绝不带着埋怨的口气说孩子这不好那不好，就算有不好的地方也千万不要说出来，这会让孩子很没面子，甚至要赞扬孩子的一些小优点。3、孩子出现错误的时候，理性冷静对待，虽然很难，不过还是要控制好自己的情绪，跟孩子沟通为主。如果大人一直强迫她或者大吼大叫，到头来还是解决不了问题，只会让孩子和你对着干。4、不以奖励交换为条件，比如说承诺孩子表现好或者拿高分就给他买一些什么东西，学习是他自己的事他要自己负责，这样做反而会起反作用，以为学习只是大人的一种交易。5、让孩子做真实的自我，实事求是，比如见到长辈朋友孩子不愿意叫叔叔、阿姨的时候不要强迫。如果他看到了自己慢慢会学会，而不是必须要求他说一些违心的话。
怎样做留守儿童的心理辅导？,首先让学生感受到关爱，经常与她们聊天谈心，解决她们遇到的苦恼和问题。
教师咋样处理好自己和孩子的关系？,我想想，您提出的问题的确应该重视！总结起来，努力学习做孩子不同年龄所需要的伙伴儿，学长，家长朋友，良师益友，与孩子共同成长！
如何培养后进生？,我对后进生的辅导就是课上多关注，课下多辅导，平时对沟通，与孩子建立深厚友谊，了解他落后的原因，在进行思想教育。
怎样让教师节过的更有纪念意义？,这个节日，浓浓的师生情总会溢满九小校园！温馨的氛围中，孩子们给老师一个拥抱，给老师亲手制作贺卡，懂得了尊师、爱师和感恩。学校也会为每位老师准备一束花，一个贴心的礼物。老师们在收获浓浓的尊师情同时，也更深地体验到了职业所带来的光荣感、使命感和幸福感！[图片][图片][图片][图片]
