3003,生物工作者为了估计一片山林中雀鸟的数量设计了如下方案：先捕捉100只雀鸟给它们做上标记后放回山林；一段时间后再从中随机捕捉500只其中有标记的雀鸟有5只请你帮助工作人员估计这片山林中雀鸟的数量约为###10000
3005,如图小华为了测量所住楼房的高度他请来同学帮忙测得同一时刻他自己的影长和楼房的影长分别是0.5米和15米已知小华的身高为1.6米那么他所住楼房的高度为###48
3006,我国古代数学家赵爽的“勾股圆方图”是由四个全等的直角三角形与中间的一个小正方形拼成的一个大正方形（如图所示）如果大正方形的面积是13小正方形的面积是1直角三角形的两直角边分别为ab则直角边为###2，3
3007,常用数集及其记法自然数集正整数集整数集有理数集实数集###N\({N}^{*}|{N}{+}\)ZQR
3008,写出一条正方形具备但矩形不具备的性质###例如：正方形四条边长度相等
3010,已知抛物线与y轴的交点为则c###-2
3011,阅读下面材料：数学课上老师提出如下问题：尺规作图：经过已知直线上一点作这条直线的垂线已知：直线AB和AB上一点C求作：AB的垂线使它经过点C小艾的作法如下：如图（1）在直线AB上取一点D使点D与点C不重合以点C为圆心CD长为半径作弧交AB于DE两点；（2）分别以点D和点E为圆心大于长为半径作弧两弧相交于点F；（3）作直线CF所以直线CF就是所求作的垂线老师表扬了小艾的作法是对的请回答：小艾这样作图的依据是###等腰三角形三线合一；两点确定一条直线
3012,如图作一个角等于已知角其尺规作图的原理是###SSS
3013,已知有理数ab满足（1直接写出：a=b=；（2利用以上的结果先化简再求值：###-1，2；
3014,在长方体\(ABCD-{A1}{B1}{C1}{D1}\)中\(AB={A1}A=3\)则二面角\({A1}-BC-A\)的大小为###\(\frac{\pi}{4}\)（或\({45^\circ}\)）
3015,不解方程进行快速判断：下列各方程后面括号内所给的数均是该方程的解满足上述条件的方程编号为###（4）
3019,据气象预报某天的最低气温零下1℃最高气温是18℃则该天的最大温差是℃###19
3020,已知abc是△ABC三边的长且关于x的一元二次方程有两个相等的实数根则三角形的形状是###直角三角形
3022,已知是二元一次方程组的解则2m﹣n###4
3023,某班共29人其中17人喜爱篮球运动12人喜爱乒乓球运动10人对这两项运动都不喜爱则喜爱篮球运动但不喜爱乒乓球运动的人数为###7
3024,=25a2-4b2###5a-2b
3025,使用因式分解进行计算###1000000
3026,抛物线\({y^2}=4x\)上到其焦点的距离为\(1\)的点的个数为###详见答案
3028,如图是的角平分线交于则的度数为###15°
3029,当且仅当\(x=\)时函数\(y=x+\frac{1}{{4x}}(x>0)\)取得最小值###1/2
3031,圆柱的底面半径为1高为2则该圆柱体的表面积为###6π
3032,在平面直角坐标系中二次函数与反比例函数-的图象如图所示若两个函数图象上有三个不同的点其中为常数令则的值为（用含的代数式表示）###-\(\frac{{\rm{1}}}{{\rm{m}}}\)
3036,如图直角三角形纸片ABC∠ACB=90°AC边长为10cm.现从下往上依次裁剪宽为4cm的矩形纸条如果剪得第二张矩形纸条恰好是正方形那么BC的长度是cm###20
3037,如图所示能与∠1构成同位角的角有###3
3039,根据下表所给信息某地在2019年1月第一周的日最高和最低气温如下表温差最大的是日###5
3040,多项式的次数是###3
3046,已知向量a=（1m）b=（21）且a⊥b则m###详见答案
3048,1-1.4的相反数是绝对值是倒数是2.将807000用科学计数法表3.5.609精确到0.01后约是4.\(-\frac{{a}^{2}{b}^{3}c{d}^{2}}{3}\)的系数是次数是2a3bc-3a4b+2abc-1是次项式常数项是4已知：x=1是关于x的方程3(x+k)-1=2(x+3)的解则k=5.到银行存入三年期定期存款已知年利率为3.82%到期后一共取出了1200元若设当初存入了x元则此题可列出方程6.某商品按进价加价25%后定价然后又按8折售出售价为127元若设进价为x元则此题可列方程7.对有理数ab规定运算\(\backsimeq\)的意义是a\(\backsimeq\)b=a-2b则方程1\(\backsimeq\)x=x-2的解是###1.41.4\(-\frac{5}{7}\)8.07\(\times{10}^{5}\)5.61\(-\frac{1}{3}\)854-12\(3.82\%x\times3+x=1200\)\(25\%x\times80\%=127\)x=1
3051,设等差数列\(\left\{{{{\rm{a}}{\rm{n}}}}\right\}\)的前n项和为\({{\rm{S}}{\rm{n}}}\)若\({{\rm{S}}{11}}{\rm{=}}22\)\({{\rm{a}}7}{\rm{=}}1\)则数列\(\left\{{{{\rm{a}}{\rm{n}}}}\right\}\)的公差等于###-1
3052,"写出下列一元二次方程的根（1）\({x}^{2}-5x=0\)（2）\(\left({x+1}\right)\left({x-1}\right)=2\)\(\left({3}\right)\\\left({x-2}\right)^{2}-\left({2x+5}\right)^{2}=0\)\(\left({4}\right)x\left({x-3}\right)=3x-9\)\(\left({5}\right)\left({2x-1}\right)^{2}-2\left({2x-1}\right)=3\)###x=0,x=5\(x=\sqrt{3},\,\,\,x=-\sqrt{3}\)x=-1,x=-7\({x}{1}={x}{2}=3\)x=0,x=2"
3053,一种商品按成本价提高40%后标价再打8折销售售价为240元设这件商品的成本价为元可列方程为###（1+40%）x·80%=240
3054,1.现在规定一种新运算：对于任意实数对（ab）满足a*b=a2﹣2b若3*m=1则m=2.请你认真观察和分析图中数字变化的规律由此得到图中所缺的数字应为?size=960###429
3057,直线L为△ABC的对称轴交BC于点D则AD为三角形的线线线###中线高线角平分线
3058,如果函数\(\left({m-2}\right){x}^\left|{m-1}\right|\)是正比例函数则m###m=0
3059,如图把Rt△ABC放在直角坐标系内其中∠CAB=90°BC=5点A、B的坐标分别为（10）、（40）将△ABC沿x轴向右平移当点A落在直线y=2x﹣6上时线段BC扫过的面积为###16
3060,若关于xy的方程组的解满足则m的值是###m=3
3061,数学课上老师提出问题：任画两条长度不等的线段、利用尺规作图作Rt△ABC使所画线段分别为三角形的一条直角边和斜边.在交流讨论环节小明看到小勇所作之图如下在以下作图步骤中小勇的作图顺序可能是###⑤①③②④
3066,请写出一个解为的二元一次方程组###其他答案正确也可得分
3068,如果汽车向东行驶30千米记作+30千米那么-50千米表示###向西行驶50
3069,如图已知OC、OD是∠AOB内的两条射线OE平分∠AOCOF平分∠BOD.若∠EOF＝α∠COD＝β则∠AOB的度数为.（用含αβ的代数式表示）###2α-β
3070,如果关于的方程的解是那么的值是###4
3071,1.-2.8的相反数的倒数是2.已知|a|=2|b|=6且ab<0则a-b=3.关于x的方程x-1=a与关于x的方程2x+a=3同解则a=4.把每千克a元的糖果x千克和每千克b元的糖果y千克混在一起则混合后的糖果售价是每千克元5.一组按规律排列的数：1357等⋯⋯则第10个数是###\(\frac{5}{14}\)\(\pm8\)\(\frac{1}{3}\)\(\frac{ax+by}{x+y}\)19
3072,1.如图已知点C是线段AD的中点AB=10cmBD=4cm则BC=cm.?size=9602.ab是有理数它们在数轴上的对应点的位置如下图所示：把a-ab-b按照从小到大的顺序排列?size=960###7-b<a<-a<b
3073,方程的解是###4
3074,如图所示将长方形纸片对折为折痕.将点折叠到上其对应点为点折痕为连结则的度数为###30°
3075,如右图已知在中平分于若则的周长为###15
3076,小明学习了等式的性质以后打算自己试着应用等式的性质解方程这是他写的解题步骤：…………………①…………………②…………………③…………………④…………………⑤请你判断小明所写的步骤正确吗？如果出现了错误请你指出他错在###①
3077,甲、乙两车从相距120千米的两地同时出发同向而行甲车5小时追上乙车；如果两车相向而行乙车先出发0.25小时甲车出发0.9小时后相遇两车相遇设甲车的平均速度为x千米/小时乙车的平均速度为y千米/小时根据题意列出方程组是###\(\left\{\begin{gathered}{5x-5y=120}\\{0.9x+1.15y=120}\end{gathered}\right.\)
3079,1所含字母相同并且相同字母的也相同的项叫做同类项2把多项式中的同类项合并成一项叫做合并同类项合并同类项后所得项的系数是合并前各同类项的系数的且字母连同它的指数不变###指数和
3080,据气象预报某天的最低气温零下1℃最高气温是18℃则该天的最大温差℃###19
3083,如图将一副三角尺的直角顶点重合在一起若叠合所成的∠BOC=n°（0<n<90）则∠AOD的补角的度数与∠BOC的度数之比是###1:1
3087,按要求画图并回答问题：如图1同一平面上有四点\(A\)\(B\)\(C\)\(D\).①画出直线\(AB\)射线\(DC\)；延长线段\(DA\)至点\(E\)使\(AE=AD\)；画一点\(P\)使点\(P\)既在直线\(AB\)上又在线段\(CE\)上；④用量角器量得\(\angleAEP\)的大小约为°.（精确到度）###\(30^\circ\left({\pm2^\circ}\right)\)------------------------------------------------8分；
3088,已知且那么的值为###-4
3089,-a3b6c的系数是次数是###-110
3090,阅读下面的信息根据要求填空。中国是世界水土流失最为严重的国家之一。根据资料显示：中国现有水土流失面积大约三百五十六万平方千米占国土面积的37%。横线上的数写作平方千米###3560000
3093,你能比较两个数和的大小吗？为了解决这个问题我们先写出它的一般形式即比较与的大小(是自然数)然后我们分析…在尝试中发现规律经归纳猜想得出结论经过尝试及归纳后你得到的结论是###>
3094,计算：\({4^{\frac{3}{2}}}{\rm{=}}\)；\(\lg2+\lg5=\)###81
3096,下列关于角的说法：①两条射线组成的图形叫做角；②有公共端点的两条射线组成的图形叫做角；③角可以看作是由一条射线绕着它的端点旋转而形成的图形；④角可以看作是由一条线段绕着它的端点旋转而形成的图形正确的是###②③
3097,在3.140.161616…-50中分数有###3
3098,1.如图\(\angle1=15°\)\(\angleAOC=90°\)点B、O、D在同一直线上则\(\angle2\)的度数为2.如图点A、O、E在同一直线上∠AOB=40°∠EOD=28°OD平分∠COE则∠COB的度数为3.某宾馆在重新装修后准备在大厅的主楼梯铺设某种红色地毯已知主楼梯道宽3米其侧面如图所示地毯每平方米售价30元则购买地毯至少需要元###10584756
3099,方程的解是###x=ab
3100,如图点O是直线AD上的点∠AOB∠BOC∠COD三个角从小到大依次相差25°则∠BOC的度数是°###60°
3102,如图若则###45
3103,小明每天睡眠时间是8小时占全天时间的###（三分之一）
3104,不等式组的解集是x＞4那么的取值范围###m≤4
3105,某食品包装袋上标有“净含量385克5克”这包食品的合格净含量最大是克###390
3106,二次函数y=kx2-2x+1的图像与轴有交点则k的取值范围是###k≠0
3107,设集合A＝{－301}B＝{t2－t＋1}若A∪B＝A则t＝###0或1
3109,1.若代数式x2-x+2的值为5则2x-2x2+1的值是2.某班的男生人数比女生人数的3倍多16人若男生人数是a则女生人数为3.火车从甲地开往乙地每小时行v千米则t小时可到达若每小时行x千米则可提前小时到达.4.一种书包经两次降价10%现在售价a元则原售价为元###-5\(\frac{a-16}{3}\)\(t-\frac{vt}{x}\)\(\frac{a}{81\%}\)
3112,1.多项式\(3{x}^{2}-2x-7{x}^{3}+1\)是次项式最高次项是常数项是2.－a+2bc的相反数是3.如果x=5是方程ax+5=10－4a的解那么a###34-7x31a-2bc\(\frac{5}{9}\)
3115,\(-\frac{3}{2}\)的相反数是绝对值是倒数是###\(\frac{3}{2}\)\(\frac{3}{2}\)\(-\frac{2}{3}\)
3116,若向量a＝2i−j+3k则向量a在此坐标系中的坐标为###（2，−1，3）
3117,能说明“若\(f\left(x\right)\)是奇函数则\(f\left(x\right)\)的图象一定过原点”是假命题的函数是\(f\left(x\right)=\)###\(\frac{1}{x}\)
3119,如图甲、乙两盏路灯相距20米一天晚上当小刚从路灯甲走到距路灯乙底部4米处时发现自己的身影顶部正好接触到路灯乙的底部已知小刚的身高为1.6米那么路灯甲的高度为###8
3120,实数在数轴上的对应点如图所示则的化简结果为###-b
3123,如图线段AB上有两点M、N点M将AB分成2︰3两部分点N将线段AB分成2︰1两部分且MN=2cm则AB的长为###15/2
3126,写出满足下列条件的一个双曲线的方程：①焦点在x轴上y轴是对称轴；②一条渐近线方程是###（答案不唯一）
3129,如图是房梁的一部分立柱BC垂直于横梁AC∠A=30º∠ABC=###60°
3130,如图是ABCD四位同学的家所在位置以A同学家的位置为坐标原点建立平面直角坐标系如果C同学家的位置的坐标为（15）那么BD两同学家的坐标分别为###（3，2），（﹣2，3）
3132,已知x﹣2y=3那么代数式3﹣2x+4y的值是###-3
3135,据气象预报某天的最低气温零下1℃最高气温是18℃则该天的最大温差###19
3136,如果汽车向东行驶30千米记作+30千米那么-50千米表示千米###向西行驶50
3137,使用简便方法计算###996004
3139,风力发电机是将风能转换为机械功机械功带动转子旋转最终输出交流电的电力设备。风力发电机一般有风轮、发电机(包括装置)、调向器(尾翼)、塔架、限速安全机构和储能装置等构件组成.如图所示是一个风轮图形这个图形旋转至少###120°
3141,用边长为1的正方形纸板制成一副七巧板（如图①）将它拼成“小天鹅”图案（如图②）则图②中∠ABC+∠GEB=###270°
3142,下图是九（1）班学生某次外出活动中出行方式分别采用乘车、步行、骑车人数的条形统计图的一部分和扇形统计图.下列说法：①九（1）班外出活动中步行有8人；②在扇形统计图中步行人数所对应的扇形圆心角的度数为82°；③九（1）班此次外出的学生共有40人；④若该校九年级外出的学生共有500人那么估计全年级外出骑车的人约有150人.其中正确的结论是###①③④
3143,勾股定理阐述了直角三角形三条边之间的数量关系请结合图形用符号语言叙述勾股定理###在Rt△ABC中，∠C＝90°，那么a2＋b2＝c2．
3145,如图将一把两边都带有刻度的直尺放在半圆形纸片上使其一边经过圆心O另一边所在直线与半圆相交于点D、E量出半径OC=5cm弦DE=8cm则直尺的宽度为cm###3
3146,下列关于角的说法：①两条射线组成的图形叫做角；②有公共端点的两条射线组成的图形叫做角；③角可以看作是由一条射线绕着它的端点旋转而形成的图形；④角可以看作是由一条线段绕着它的端点旋转而形成的图形正确的是###②③
3150,已知\(a>0b>0a+b=1\frac{1}{a}+\frac{1}{b}\)的最小值###4
3151,1.如果数轴上的点A对应的数为-1.5那么与A点相距3个单位长度的点所对应的有理数为2.观察下列各式：\(1\times5+4={3}^{2}\\\\\\2\times6+4={4}^{2}\\\\\\3\times7+4={5}^{2}\\\\\\4\times8+4={6}^{2}\)请观察到规律后填空：\(\times\)+=502###1.5和-4.548524
3152,已知\({\rm{a}}{\rm{b}}{\rm{a+m}}\in{{\rm{R}}{\rm{+}}}\)给出下列五个论断：①a＞b②a＜b③m＞0④m＜0⑤\(\frac{{{\rm{b+m}}}}{{{\rm{a+m}}}}>\frac{{\rm{b}}}{{\rm{a}}}\).以其中的两个论断为条件余下的论断中选择一个为结论请你写出一个正确的命题###1和3推出5（答案不唯一。合理即可）
3153,如图若将两个同样的直角三角尺60°锐角的顶点A重合在一起则∠DAB与∠CAE之间的数量关系为###∠DAB+∠CAE＝120°
3154,命题“偶函数的图象关于y轴对称”的否定是###“有些偶函数的图象关于y轴不对称
3155,在中分数有个###3
3156,小李以每千克0.8元的价格从批发市场购进若干千克西瓜到市场去销售在销售了部分西瓜之后余下的每千克降价0.4元全部售完.销售金额与卖瓜千克数之间的关系如图所示那么小李赚了###36元
3157,对于同一平面内的三条直线给出下列五个结论：①a∥b②b∥c③a⊥b④a∥c⑤a⊥c以其中的两个论断为条件一个论断为结论组成一个你认为正确的命题###答案不唯一，如如果①②，那么④；或者如果②③，那么⑤等
3159,若不等式\({x}^{2}-ax-b<0的解集是\left\{{x/2<x<3}\right\}则a+b=\)###-1
3162,"已知A（03）B（23）是抛物线上两点该抛物线的顶点坐标为###（1,4）"
3163,如右图在平面内有ABC三点。（1根据下列语句画图：①画直线AC线段BC射线BA；②在线段BC上任取一点D（不与点B和点C重合）连接AD.（2此时图中共有条线段###；6
3164,函数表达式y=2x(x>0)可以表示的实际意义是###例如：每升水2元，使用了x升水，一共花了2x元
3166,如图所示直线ABCD相交于点O∠AOE=90°OF平分∠AOC且∠EOC=∠AOC则∠DOF###105°
3167,89°06′-57°36′###31°30′
3173,如图A、B两点在双曲线上分别经过A、B两点向轴作垂线段已知S阴影=1则S1+S2###6
3174,如图某长方体的表面展开图的面积为430其中BC=5EF=10则AB###11
3176,如图已知∠AOE是平角OC是从点O出发的射线OB平分∠AOC且∠COD：∠BOC=2:3∠DOE=20°则∠AOC的度数为###120°
3177,已知向量a=（1m）b=（21）且a⊥b则m###详见答案
3178,1.如果数轴上的点A对应有理数为-2那么与A点相距3个单位长度的点所对应的有理数为2.如果a、b互为倒数c、d互为相反数且m=-1则代数式2ab-（c+d）+m2###-5，13
3182,1.将数字263000用科学计数法表示将数字7.9423精确到0.1后约是2.-2.8的相反数是绝对值是倒数是3.单项式\(-\frac{2}{5}{x}^{3}{y}^{2}z\)的系数是次数是4.多项式\({a}^{2}-2ab+{b}^{2}-1\)是次项式5.方程2x+1=3与\(2-\frac{a-x}{3}=0\)的解相同则a的值是###\(2.63\times{10}^{5}\)7.92.82.8\(-\frac{5}{14}\)\(-\frac{2}{5}\)6247
3184,已知底边a和底边上的高h在用尺规作图方法作等腰△ABC时使BC=aAD=h时需用到的作法有：①在MN上截取AD=h；②作线段BC=a；③作线段BC的垂直平分线MN与BC交于点D；④连接ABAC△ABC就是所求的等腰三角形则正确作图步骤的序号是###②③①④
3186,已知关于x、y的方程组和的解相同则的值为###-1
3188,已知向量\(a=(1m)\)\(b=(2\;1)\)且\(a\botb\)则\(m=\)###详见答案
3189,1将832000000000用科学计数法表示3.3.696精确到0.01后约是2.若3xmy与-4x5yn+2是同类项则m-n=3.-\(\frac{3}{4}\)ab2c的系数是次数是-a2bc-3a4b+2a2bc-3是次项式常数项是4已知：x=3是关于x的方程mx+6=3x-6的解则m=5.根据“x的一半倍比y的10%多1”可列出方程6.存三年期定期储蓄年利率是2.43%到期后可取出利息10000元若设当初一共存进x元则根据条件可列出方程7.一件商品按进价加价10%后再打八折售出可盈利4%若设进价为x元根据条件可列出方程8.已知代数式x+4与2x-1的值互为相反数则x=9.已知：\(-1\frac{1}{2}\\\\\\\2\frac{1}{4}-3\frac{1}{8}\\cdots\cdots\)则第5个数是###\(8.32\times{10}^{11}\)3.706\(-\frac{3}{4}\)454-3-10.5x=10%y+1\(2.43\%x\times3=10000\)\(\frac{(1+10)x\times80\%-x}{x}=4\%\)-1\(-5\frac{1}{32}\)
3191,在某个整点时针和分针的夹角可能会等于90°写出一个可能的时刻###3:00或9:00（写对一个即可）
3194,单项式的次数是###3
3196,如图线段为射线上一点过点作平行交射线于点当四边形为菱形时线段的长为###5
3198,已知关于xy的方程是二元一次方程则m-n=###1
3200,△ABC的三边长为AB=10AC=17BC=21则△ABC的面积为###84
3201,已知在同一平面内有两个角：α=28°32′18′′β=61°27′42′′且α与β有公共边则这两角另两边夹角为###90°或32°55′24′′
3203,如图所示在一个三角点阵中从上向下数有无数多行其中各行点数依次为246…2n…请你探究出前n行的点数和所满足的规律.若前n行点数和为930则n＝###30
3205,一株美丽的勾股树其中所有的四边形都是正方形所有的三角形都是直角三角形.若正方形A、B、C、D的边长分别为3、5、2、3则最大正方形E的面积是?size=960###47
3206,菱形周长为52cm一条对角线长为10cm则其面积为cm²###120
3211,如图某城市中心花园的边界是圆心为O直径为1千米的圆花园一侧有一条直线型公路l花园中间有一条公路AB（AB是圆O的直径）规划在公路l上选两个点P、Q并修建两段直线型道路PB、QA规划要求：道路PB、QA不穿过花园已知\({\rm{OC}}\bot{\rm{L}}\)\({\rm{BD}}\bot{\rm{L}}\)（C、D为垂足）测得OC=0.9BD=1.2（单位：千米）已知修建道路费用为m元/千米.在规划要求下修建道路总费用的最小值为m元###2.1
3212,什么是函数的定义域判断函数定义域有哪些方法请举例说明如何判断是相同函数请举例说明###能使函数式有意义的实数x的集合称为函数的定义域分式的分母不等于0，偶次方被开方数非负，等①定义域一致(化简前)②表达式相同（与表示自变量和函数值的字母无关）；
3213,如图在锐角∠AOB内部过点O画1条射线可得3个锐角；画2条不同射线可得6个锐角；画3条不同射线可得10个锐角；…按此规律画n－2条不同射线使图中包括角的两边共有n条射线可得锐角个###n(n-1)/2
3214,在3.140.161616…中分数有###3
3216,如图的顶点在矩形的边上点B与点EF不重合若△ACD的面积为3则图中阴影部分两个三角形的面积和为###3
3217,已知直角三角形的三边长的关系式为：其中c是直角三角形的斜边。若一个直角三角形桌子的直角边分别为2m和4m则桌子的对角线长为###2
3218,1.写出一个系数是-3的含字母x和y的且次数是5的单项式2.已知|a|=1|b|=2且ab>0则a-b=3.已知a-2b=3则4b-2a=4.方程2x-1=1与关于x的方程3x-2=2+kx同解则k=5.x的21%与y的一半的差用代数式表示6.某船的静水速度为x千米/时水的流速为2千米/时该船顺水航行y小时共行千米这段行程若逆水航行共需小时7.把每千克2元的糖果a千克和每千克3元的糖果b千克混在一起则混合后的糖果售价是每千克元8.一组按规律排列的数：\(\frac{3}{1}\\\frac{5}{4}\\\frac{7}{9}\\\frac{9}{16}\cdots\cdots\)则第n个数是9.某人3年前存入三年期定期储蓄人民币a元今年到期后共取出利息1200元则年利率是###不唯一\(\pm1\)-6-121%x-0.5y(x+2)y\(\frac{\left({x+2}\right)y}{x-2}\)\(\frac{2a+3b}{a+b}\)\(\frac{2n+1}{{n}^{2}}\)\(\frac{400}{a}\)
3220,已知是方程的解那么的值是###-5
3222,如图把一个长方形ABCD沿AE对折点B落在F点EF交AD于点G如果则的度数为###14°
3223,如图在正方形网格中点O、A、B、C、D均是格点若OE平分∠BOC则∠DOE的度数为度###22.5
3224,a2+2ab+b2=（+）2###ab
3225,如图在直角坐标系中已知点对连续作旋转变换依次得到三角形①、②、③、④、…则在得到第2017个直角三角形后轴上距离原点最远的点的横坐标为###8068
3226,菱形的周长为40cm若邻边度数之比为1:2则较长的对角线的长为###\(10\sqrt{3}\)
3228,某水库大坝的横断面是梯形坝内斜坡的坡度坝外斜坡的坡度则两个坡角的和为###75°
3230,如图：PC∥ABQC∥AB则点P、C、Q在一条直线上理由是###过直线外一点有且只有一条直线与已知直线平行
3234,1.如果关于x的方程2x+1=3和方程\(2-\frac{k-x}{3}=0\)的解相同那么k的值为2.如果关于x的方程\(6+\left({3-k}\right){x}^{\left|{k}\right|-2}=1\)是一元一次方程则k###7-3
3235,汽车由北京驶往相距120千米的天津它的平均速度是30千米/时则汽车距天津的路程S（千米）与行驶时间t（时）的函数关系及自变量的取值范围是###S=120-30t（0≤t≤4）
3236,已知∠1=75°∠2=∠3且∠1与∠2互余则∠3=°###15
3237,已知双曲线\(\frac{{{x^2}}}{{{a^2}}}-{y^2}=1\)（a＞0）的一条渐近线方程为x+y=0则a###详见答案
3238,如图所示直线ABCD相交于点O∠AOE=90°OF平分∠AOC且∠EOC=2/5∠AOC则∠DOF=###105°
3239,"1.已知|a|=3|b|=7且ab<0则a-2b=2.已知关于x的方程2x-1=3和\(\frac{ax-1}{3}=x-3\)同解则a=3.若\(5{a}^\left|{x}\right|{b}^{3}\)与\(-0.2{a}^{3}{b}^\left|{y}\right|\)可以合并则x-y###\(\pm17\)-10,\(\pm6\)"
3240,如图有六张卡片从中抽取一张卡片上的表达式是二次函数的有###3
3243,方程的解与关于的方程的解互为倒数则的值是###1
3244,以下三个关于圆锥曲线的命题:①设\(AB\)为两个定点\(k\)为非零常数若\(\left|{\overrightarrow{PA}}\right|-\left|{\overrightarrow{PB}}\right|=k\)则动点\(P\)的轨迹为双曲线；②方程\(2{x^2}-5x+2=0\)的两根可分别作为椭圆和双曲线的离心率；③双曲线\(\frac{{{x^2}}}{{25}}-\frac{{{y^2}}}{9}=1\)与椭圆\(\frac{{{x^2}}}{{35}}{\rm{+}}{y^2}=1\)有相同的焦点其中真命题的序号为(写出所有真命题的序号)###②③
3245,填空：(1)10t－32t＝()t；(2)5a2＋15a2＝()a2；(3)3mn2－6mn2＝()mn2###-2220-3
3247,已知AB为⊙O的直径弦CD⊥AB于ECD=6AE=1则AB?size=960###10
3248,小红解方程组的解为由于她太粗心滴上了墨水遮上了两个数●和☆请你想办法帮她找回这两个数中的●＝###15
3249,估算：\(\sqrt{17}\)≈（结果精确到1）###4
3250,阅读下面的信息根据要求填空。中国是世界水土流失最为严重的国家之一。根据资料显示：中国现有水土流失面积大约三百五十六万平方千米占国土面积的37%。横线上的数写作.平方千米###3560000
3254,计算：(1)－2x＋3x＝；(2)2m＋4m－2m＝；(3)2x2－3x2＝；(4)－0.2x－0.3x＋5x＝；(5)2xy－3x＋5xy＝；(6)2a－3a+5a＝###x4m\(-{x}^{2}\)4.5x7xy-3x4a
3255,如图所示一块直角三角板放在两平行直线上则∠1+∠2###90
3258,已知点C在线段AB上再添加一个条件才能说明C是线段AB的中点那么这个条件可以是###答案不唯一，可以是AC=BC
3261,等腰三角形中一条边的长为\({\rm{4cm}}\)另一条边的长是\({\rm{10cm}}\).则这个三角形的周长是\({\rm{cm}}{\kern1pt}{\kern1pt}{\rm{.}}\)###24
3262,单项式的系数与次数之积是###-2
3263,蜂巢的构造非常美丽、科学如图是由7个形状、大小完全相同的正六边形组成的网络正六边形的顶点称为格点△ABC的顶点都在格点上设定AB边如图所示则△ABC是直角三角形的个数有###10
3265,若矩形对角线相交所成钝角为120°短边长为3.6cm则对角线的长###7.2cm
3266,中国古代数学著作《算法统宗》中有这样一段记载：“三百七十八里关初日健步不为难次日脚痛减一半六朝才得到其关”其大意是：有人要去某关口路程为378里第一天健步行走从第二天起由于脚痛每天走的路程都为前一天的一半一共走了六天才到达目的地若求此人第六天走的路程为多少里设此人第六天走的路程为x里依题意可列方程为###\(x+2x+4x+8x+16x+32x=378\)
3267,已知如图四边形ABCD内接于⊙O∠DAB=130°连接OC点P是半径OC上任意一点连接DP、BP则∠BPD可能为###52°
3269,=y2-4x2###y-2x
3271,\(\left|{x}\right|<a\)（a＞0）的解集为###-a＜x＜a
3272,不等式\({x}^{2}-ax+1>0的解集是全体实数则a的取值范围是\)###\(-2<x<2\)
3275,用圆心角为120°半径为6cm的扇形纸片卷成一个圆锥形无底纸帽（如图所示）则这个纸帽的高是cm.​​###\(4\sqrt{2}\)
3276,已知下列n（n为正整数）个关于x的一元二次方程：……第n个方程的解是###1，－n
3277,"绝对值大于1.5并且小于3的整数是###-2,2"
3279,要使\(\sqrt{x-3}\)有意义则x的取值范围是；要使\(\sqrt[{3}]{x-3}\)有意义则x的取值范围是###\(x\geq3\)x为任意数
3280,为估计池塘中鱼的数量负责人将\(50\)条带有标记的同品种鱼放入池塘几天后随机打捞条鱼其中带有标记的共条利用统计与概率知识可以估计池塘中原来有鱼条###350
3281,如图为测量学校旗杆的高度小东用长为3.2米的竹竿作测量工具移动竹竿使竹竿的顶端与旗杆顶端的影子恰好落在同一地点此时竹竿与这一点相距8米与旗杆相距22米则旗杆的高为###12
3282,自由落体的公式为（为自由落体下落距离为重力加速度值为）若物体下落的高度为720m则下落的时间是###12
3283,如图A、B是⊙O上的两点若∠AOB＝80°C是⊙O上不与点A、B重合的任一点则∠ACB的度数为###40°或140°
3284,若关于x的方程\(（m-1){x}^{2}+x+{m}^{2}+2m-3=0\)有一个根为0则m的值是###-3
3285,如图与关于直线对称则的度数为###100°
3286,已知向量\(a=(1m)\)\(b=(2\;1)\)且\(a\botb\)则\(m=\)###详见答案
3288,将一副直角三角板按如图位置摆放使含60°角的三角板的较短直角边和含45°角的三角板的一条直角边重合则∠1＝°###75
3289,写出一个含有字母m的分式（要求：不论m取任何实数该分式都有意义）​​###\(\frac{m}{{m}^{2}+1}\)|\(\frac{1}{{m}^{2}+2}\)
3293,如图某小区有一块长为30m宽为24m的矩形空地计划在其中修建两块相同的矩形绿地它们的面积之和为480m2两块绿地之间及周边有宽度相等的人行通道则人行通道的宽度为###2
3294,如图若将两个同样的直角三角尺60°锐角的顶点A重合在一起则∠DAB与∠CAE之间的数量关系为###∠DAB+∠CAE＝120°
3296,在下面的两组图片中都有一些圆被长方形纸挡住了一部分（如下图所示）那么第组的圆比较多###一
3298,某铁路桥长1000米一列火车从桥上匀速通过从上桥到离开桥共用1分钟整列火车全在桥上的时间为40秒钟那么那火车的长度为火车的速度为###200米20米/秒
3299,抛物线y²=4x上到其焦点的距离为1的点的个数为###详见答案
3300,矩形的两条对角线的夹角为60o两条对角线的和为8则这个矩形的一条较短边为###2
3302,某地赴台湾旅游人数达7.6万人某市某校九年级一名学生准备中考后全家3人去台湾旅游计划花费20000元设每人向旅行社缴纳x元费用后共剩5000元用于购物和品尝台湾美食根据题意列出方程为###20000-3x=5000
3303,如图圆锥的底面半径r为6cm高h为8cm则圆锥的侧面积为cm2。​​###60πcm2
3305,如图已知OC、OD是∠AOB内的两条射线OE平分∠AOCOF平分∠BOD.若∠EOF＝α∠COD＝β则∠AOB的度数为###2α-β
3307,根据图中三角板的一边长标出另外两边长###（提示：可以利用两块相同的三角板拼思考）
3308,写出一条正方形具备但菱形不具备的性质###例如：正方形对角线长度相等
3309,1.计算：15°37′+42°51′=2.已知a－b=2那么7-2a+2b=3.根据图中提供的信息可知一个杯子的价格是元?size=960###58°28′38
3311,1.写出一个系数系数是6含字母a和b的次数是5的单项式2.已知|a|=3|b|=2且ab<0则a-b=3.已知a+2b=3则3b+6b-7=4.方程2x-1=3与关于x的方程2(x+k)=3x-4同解则m=5.x的21%与y的3倍的差用代数式表示6.某船的静水速度为x千米/时水的流速为y千米/时该船逆水航行4小时共行小时这段行程若顺水航行共需小时7.把每千克a元的糖果6千克和每千克b元的糖果5千克混在一起则混合后的糖果售价是每千克元8.一组按规律排列的数：\(-1\frac{2}{3}\\\\\\\\2\frac{3}{4}-3\frac{4}{5}\cdots\cdots\)则第九个数是9.某城市5年前的人均收入是a元预计今年的人均收入是5年前人均手的4倍少10元那么今年的人均收入是元###不唯一\(\pm5\)2m=-121%x-3y4（x-y）\(\frac{4（x-y）}{x+y}\)\(\frac{6a+5b}{11}\)\(-9\frac{10}{11}\)4a-10
3315,将一张长方形纸片按如图的方式折叠若折叠后BG和BH在同一条直线上则折痕BCBD的位置关系是###垂直
3319,已知向量a=（1m）b=（21）且a⊥b则m###详见答案
3320,如图把△ABC沿线段DE折叠使点A落在点F处BC∥DE若∠B＝50°则∠BDF＝###80°
3321,已知双曲线\(\frac{{{x^2}}}{{{a^2}}}-{y^2}=1\)\((\a>0\)\)的一条渐近线方程为\(x+y=0\)则\(a=\)###详见答案
3322,化简：\(-\left\{{-\left[{+\left({-5}\right)}\right]}\right\}\)\(=\)###-5
3323,在矩形ABCD中E为BC的中点\(\angle\)AEC的平分线EF交AD于点F。若AB=6AD=16则FD的长度为###6
3324,在中分数有个###3
3328,已知a＜b那么###>
3329,某班共29人其中17人喜爱篮球运动12人喜爱乒乓球运动10人对这两项运动都不喜爱则喜爱篮球运动但不喜爱乒乓球运动的人数为###7
3332,一个口袋中有红球、白球共10个这些球除颜色外都相同将口袋中的球搅拌均匀从中随机摸出一个球记下它的颜色后再放回口袋中不断重复这一过程共摸了100次球发现有71次摸到红球请你估计这个口袋中红球的数量为###7
3335,已知中心在原点的双曲线的右焦点坐标为（√20）且两条渐近线互相垂直则此双曲线的标准方程为###x²-y²=1
3340,"①步骤①到步骤②的依据是；②仿照上述探求过程请你尝试把\(0.\mathop7\limits^\bullet\mathop3\limits^\bullet\)化为分数形式：步骤①设\(x=0.\mathop7\limits^\bullet\mathop3\limits^\bullet\)步骤②\(100x=100\times0.\mathop7\limits^\bullet\mathop3\limits^\bullet\)步骤③步骤④解得；③请你将化为分数形式并说明理由###①等式两边乘同一个数结果仍相等.---------------------------------2分；②\(100x=73.\dot7\dot3,则100x=73+73.\dot7\dot3\)---------------------------------3分；\(100x=73+x\);--------------------------4分；\(x=\frac{{73}}{{99}}\)---------------------------------5分；③解:\(0.3\dot8=0.3+0.0\dot8\)---------------------------------6分；设\(x=0.\dot8\)--------------------------------7分；则\(10x=10\times0.\dot8\)--------------------------------8分；\(10x=8+0.\dot8\)\(9x=8\)\(x=\frac{8}{9}\)--------------------------------9分；\(0.3\dot8=\frac{3}{{10}}+\frac{1}{{10}}\times\frac{8}{9}=\frac{7}{{18}}\)-------------------------------10分；其他答案过程合理均可给分"
3342,1.若\(\frac{1}{2}{x}^{n}y\)与\({x}^{3}{y}^{m}\)是同类项则m=n=.2.-6x+7y-3的相反数是3.已知a2+2a=1则代数式2a2+4a﹣1的值为4.太阳半径约为696000千米数字696000用科学记数法表示为5.单项式\(-\frac{{x}^{3}y}{\pi}\)的次数是系数是6.已知：\(x+\frac{1}{x}=1\)则代数式\(\left({x+\frac{1}{x}}\right)^{2}+x+\frac{1}{x}-5\)的值是7.若甲数为x乙数为y则“甲数与乙数的和除甲数和乙数的差”写成代数式是8.如图是一组有规律的图案第1个图案由4个基础图形组成第2个图案由7个基础图形组成……则第n(n是正整数)个图案中由个基础图形组成?size=960###136x-7y+31\(6.96\times1{0}^{5}\)4\(-\frac{1}{\pi}\)-3\(\frac{x+y}{x-y}\)3n+1
3344,小刚、小强两人进行百米赛跑小刚比小强跑得快如果两人同时跑小刚肯定赢现在小刚让小强先跑若干米图中的射线ab分别表示两人跑的路程与小刚追赶时间的关系根据图象判断：小刚的速度比小强的速度每秒快米###2.5
3346,如图已知请你添加一个条件使得.你添加的条件是###CD=BA，∠A=∠D，∠DBC=∠ACB，∠DBC=∠ACB或其他合理答案
3347,若则的值为###2
3348,已知ABC是数轴上的三个点且C在B的左侧点AB表示的数分别是13如图所示若BC=2AB则点C表示的数是###-1
3350,如图已知∠AOB小明按如下步骤作图：①以点O为圆心任意长为半径画弧交OA于点D交OB于点E②分别以DE为圆心大于长为半径画弧在∠AOB的内部两弧交于点C③画射线OC所以射线OC为所求∠AOB的平分线.根据上述作图步骤小明的作图依据是###三边分别相等的两个三角形全等;-------------------------------------------2分；全等三角形的对应角相等.-------------------------------------------3分；
3351,如图点O是直线AD上的点∠AOB∠BOC∠COD三个角从小到大依次相差25°则的∠BOC度数是###60°
3353,已知抛物线y=(m＋1)x2开口向上则m的取值范围是###m＞－1
3359,"已知集合A与集合B且A∩B是非空集和。则下列表述正确的为1、A∩A=A2、A∩A=∅3、A∩B\(\subseteq\)A###1,3"
3366,已知\(\{{an}\}\)是公比为的无穷等比数列其前\(n\)项和为\({Sn}\)满足\({a3}=12\)是否存在正整数\(k\)使得\({Sk}>2020\)？若存在求\(k\)的最小值；若不存在说明理由从①\(q=2\)②\(q=\frac{1}{2}\)③\(q=-2\)这三个条件中任选一个补充在上面问题中并作答注：如果选择多个条件分别解答按第一个解答计分###详见答案
3367,若和是方程mx+ny=3的两组解则m+n###0
3368,已知是定义在R上的偶函数并满足：当则###2.5
3372,"在\(-20\sqrt{4}-\frac{5}{7}\sqrt[{3}]{7}-1.732\frac{\pi}{2}+10.2323323332\cdots(每两个2之间依次多一个3)\)中无理数有###\(\sqrt[{3}]{7},\frac{\pi}{2}+1,0.2323323332\cdots(每两个2之间依次多一个3)\)"
3375,1.已知\(\left|{a}\right|\)=3\(\left|{b}\right|\)=1且ab＜0则a-b=2.已知\(3{x}^{2}-4x+6\)的值为9则代数式\({x}^{2}-\frac{4}{3}x+1\)=3.计算：15°37′+42°54′###\(\pm4\)258°31′
3376,如图一副三角尺的直角顶点重合在一起若∠COB与∠COA的度数之比是2：11则∠BOD的度数为###70°
3377,如图某校数学兴趣小组为测量学校旗杆AC的高度在点F处竖立一根长为1.5米的标杆DF如图所示量出DF的影子EF的长度为1米再量出旗杆AC的影子BC的长度为6米那么旗杆AC的高度为###9
3382,根据分式的把几个异分母的分式分别化成与原来的分式相等的同分母的分式叫做分式的###基本性质通分
3387,将抛物线y＝(x－3)2＋1先向上平移2个单位再向左平移1个单位后得到的抛物线解析式为###y＝(x－2)2＋3
3388,某校为了丰富学生的课外体育活动欲增购一批体育器材为此该校对一部分学生进行了一次题为“你喜欢的体育活动”的问卷调查（每人限选一项）根据收集到的数据绘制成如图的统计图（不完整）：根据图中提供的信息得出“跳绳”部分学生共有###50
3393,已知\(\angleAOB=30^\circ\)点\(C\)为射线\(OB\)上一点点\(D\)为\(OC\)的中点且\(OC=6\).当点\(P\)在射线\(OA\)上运动时则\(PC\)与\(PD\)和的最小值为###\(3\sqrt3\)
3394,89°06′-57°36′###31°30’
3395,\(\exists{x}{0}\)的某个邻域对于\(\forallx\in(x\\partial)\)都有\(f(x)\leqf({x}{0})\)称\({x}{0}\)为\(f(x)\)的；\(\exists{x}{0}\)的某个邻域对于\(\forallx\in(x\\partial)\)都有\(f(x)\geqf({x}{0})\)称\({x}{0}\)为\(f(x)\)的###极大值极小值
3398,如果ab互为相反数xy互为倒数则2015（a+b）—2016xy的值是###-2016
3402,如图线段AB上有两点M、N点M将AB分成2︰3两部分点N将线段AB分成2︰1两部分且MN=2cm则AB的长为###15/2
3405,如图中的垂直平分线交于点连接.若则线段的长为###3
3406,"已知函数\(f(x)=\begin{cases}-x+2\;\quadx<1\\3{a^x}\quad\;\quadx\geqslant1.\\\end{cases}\)当\(a=\frac{1}{2}\)时\(f(x)\)的值域为；若\(f(x)\)在\(R\)上单调递减则\(a\)的取值范围是###\(\left({0,+\infty}\right)\)\(\left({0,\frac{1}{3}}\right]\)"
3407,已知△ABC和△DEF相似∠A=∠DAB=6AC=4DE=3则DF的长是###2或4.5
3408,如图当光线从空气射入水中时光线的传播方向发生了改变这就是折射现象图中∠1=47°∠2=30°则光的传播方向改变的度数为###13°
3409,甲、乙两人都从光明学校出发去距离光明学校1500m远的篮球馆打球他们沿同一条道路匀速行走乙比甲晚出发4min设甲行走的时间为t(单位：min)甲、乙两人相距y(单位：m)表示y与t的函数关系的图象如图所示根据图中提供的信息下列说法：①甲行走的速度为30m/min；②乙在距光明学校500m处追上了甲；③甲、乙两人的最远距离是480m；④甲从光明学校到篮球馆走了30min；⑤甲在乙到达后16min到达篮球馆；其中正确的是（填写正确结论的序号）并说明你选择的理由###①③⑤正确，理由略
3410,y是x的反比例函数下表给出了y与x的一些值.则下列说法中正确的是###②③
3411,地图上1厘米代表5千米A地与B地在地图上相距6.8厘米则A地与B地实际相距千米###34
3412,如图线段AB=BC=CD=DE=1cm图中所有线段的长度之和为###20
3415,设集合A＝{－113}B＝{a＋2a2＋4}A∩B＝{3}则实数a＝###1
3420,函数\(y=-{x}^{2}+x那么使y<-2成立的x的取值范围是\)###\(（-\infty，-1）\cup（2，+\infty）\)
3421,下面现象中是属于图形平移的是###③⑤
3423,当时分式\(\frac{{x}^{2}-36}{x+6}\)值为0###\(x=6\)
3426,绝对值小于100的数的和为###0
3427,一个不透明的摇奖箱内装有20张形状大小质地等完全相同的卡片其中只有5张卡片标有中奖标志.在2020年新年联欢会的抽奖环节中贝贝从这个摇奖箱内随机抽取一张卡片.则贝贝中奖的概率是###\(\frac{1}{4}\)
3428,用度、分、秒表示91.34°为###91°20′24″
3430,如图是正方体盒子的展开图那么展开前a所对的面为###c
3431,如图一块直角三角板的直角顶点放在直尺的一边上且∠1=35°那么∠2的度数是###55°
3432,将线段一端无限延伸能得到将线段两端都无限延伸能得到###两条射线一条直线或四条射线
3433,观察下列图形照此规律第九个图形中共有###28
3434,当x时分式\(\frac{x}{x+3}\)无意义###=-3
3435,若菱形的两条对角线长分别为10cm和24cm则它的边长为面积为###13cm120\({cm}^{2}\)
3436,在平面直角坐标系中点点则线段的长为###5
3437,如图要在长100米宽90米的长方形绿地上建宽度相同的道路下面的问题可以用一元二次方程解决的有###②
3438,有一组整数数据：7、10、4、a、9、5、a若该组数据的众数和中位数相等则a的可能取值有###5
3439,把3690000用科学计数法表示###\(3.69\times{10}^{6}\)
3445,甲乙二人都从a地出发到b地甲步行而乙骑车如果甲先行6000米后乙再动身则乙走0.75小时后恰好与甲同时到达b地如果甲先行1小时那么乙用1/2小时可追上甲则a、b两地的距离是千米###9
3446,\(y=\sqrt{1-x}+\sqrt{x}\)的定义域是###0≤x≤1
3448,三个数\({1.7^{0.3}}\)\({\log{0.5}}1.1\)\(\sin1\)按由小到大的顺序排列是###\({\log{0.5}}1.1\)\(<\sin1<\)\({1.7^{0.3}}\)
3449,\(已知0<x<6则x(6-x)的最大值\)###9
3451,1.若a:b:c=2:3:4则代数式\(\frac{2a+5b-c}{3a+4b-2c}\)的值是2.四点一刻时时针与分针的夹角是度###\(\frac{3}{2}\)37.5
3453,化简：\(\frac{{x}^{2}-1}{x-1}\)###\(x+1\)
3454,如图△ABC≌△A′B′C′点A和点A′点B和点B′是对应顶点∠A=36°∠C′=24°则∠B的大小=（度）?size=960###120°
3456,把一副三角板如图所示拼在一起图中∠ABC和∠EDC的大小关系是：∠ABC###<
3458,1.关于x的方程（a+2）x|a|﹣1﹣2=1是一元一次方程则a=2.若x=2是关于x的方程2x+3m﹣3=0的解则m的值等于3.如果关于x的方程2x+1=5和方程\(2-\frac{k-x}{3}=0\)的解相同那么k的值为###2\(-\frac{1}{3}\)8
3460,如图AB、CD为某公路的的一部分AB∥CD∠BCD=115°.晚上一辆汽车由在AB上行驶过度到BC上行驶时汽车的灯光扫过了###65°
3461,函数表达式可以表示的实际意义是###例如，每升水2元，使用了升水，一共花了元
3467,函数f(x)＝ax2＋2ax＋c(a≠0)的一个零点为1则它的另一个零点是###－3
3468,下图是两棵小树在同一时刻的影子.根据它们的投影请判断他们的投影来自于###太阳的光线
3470,已知向量a=（1m）b=（21）且a⊥b则m###详见答案
3471,设\(A\)是整数集的一个非空子集对于\(k\inA\)若\(k-1\notinA\)且\(k+1\notinA\)则称\(k\)是\(A\)的一个“孤立元”集合\({\rm{T=}}\left\{{1235}\right\}\)元素中T的“孤立元”是；对给定集合\({\rm{S=}}\left\{{123456}\right\}\)由\(S\)中的3个元素构成的所有集合中含“孤立元”的集合有个###516
3472,是方程的解则###1
3473,△ABO与△A1B1O在平面直角坐标系中的位置如图所示它们关于点O成中心对称其中点A（42）则点A1的坐标是###（-4，-2）
3476,已知：在△中则的长为###1或7
3477,如图已知点是射线上一动点.当###60°或90°
3478,分解因式：49x2-25y2=（）2-（）2=（+）（-）###7x5y7x5y7x5y
3480,解方程x2＋2x=3时下列变形错误的有###①②④
3482,比较大小：.（填“＞”、“=”、“＜”）###＜
3483,一组数据387y5的平均数为6这组数据的中位数为众数为###77
3485,四边形内角和等于\(^\circ\)###360
3486,如果ab互为相反数xy互为倒数则2015（a+b）—2016xy的值是###-2016
3488,已知集合则集合A的非空真子集个数是###6
3489,若则代数式的值为###6
3492,如图在锐角∠AOB内部过点O画1条射线可得3个锐角；画2条不同射线可得6个锐角；画3条不同射线可得10个锐角；…按此规律画n－2条不同射线使图中包括角的两边共有n条射线可得锐角###n(n-1)/2
3495,现有长度分别为的木棒从中任取三根能组成三角形的个数为###3
3496,京津冀一体化是中国国务院总理李克强在2014年3月5日作政府工作报告时指出的方案目的是加强环渤海及京津冀地区经济协作.下图是京津冀地区地图每一个小方格表示1万平方千米则京津冀地区的总面积约为万平方千米###17--23
3498,\(-\frac{2}{3}{a}^{2}{b}^{3}c\)的系数是次数是###\(-\frac{2}{3}\)6
3500,已知双曲线\(\frac{{{x^2}}}{{{a^2}}}-{y^2}=1\)（a＞0）的一条渐近线方程为x+y=0则a###详见答案
3501,1.有理数-8920000用科学计数法表示是8.3975精确到0.01后约是2.–a2b2c的系数是次数是1-2ab6cd+4a3b-+2a2b+5a4是次项式3.-0.8的相反数是绝对值是倒数是###\(8.92\times{10}^{6}\)8.40-15940.80.8\(\frac{5}{4}\)
3503,某小区规划在一个长30m、宽20m的长方形土地上修建三条等宽的通道使其中两条与AB平行另外一条与AD平行其余部分种花草要使每一块花草的面积都为78m2那么通道宽应该设计为多少？设通道宽为xm则由题意列的方程为​​###(30-2x)(20-x)=6×78
3509,让我们进行一个数字游戏：第一步：取一个自然数计算得a1；第二步：算出a1的各位数字之和得n2计算得a2；第三步：算出a2的各位数字之和得n3计算得a3；……以此类推则a2020=###26
3510,已知如图正方形ODBC中OC=1OA=OB则数轴上点A表示的数是###\(-\sqrt{2}\)
3512,如图在△ABC中AB=AC∠A=36°BD平分∠ABC交AC于点D下列结论中：①BC=BD=AD；②；③点D是AC的黄金分割点；④；⑤若AB=2则BC=-1.其中结论正确的是###①②③④⑤
3514,若反比例函数在同一象限内y随x的增大而减小则m满足###m＞﹣1
3515,如图点A、B是x轴上的点分别过点A、B作x轴的垂线交反比例函数的图象于C、D两点若OB=AB则BD与AC的比值为###2
3517,若则锐角＝度###30
3518,某商品的进价是500元标价为750元商店要求以利润不低于5%的售价打折出售售货员最低可以打###7
3520,\(\sqrt{11}\)的整数部分是小数部分是###3\(\sqrt{11}-3\)
3521,1.x＝3是方程4x－3（a－x）＝6x－7（a－x）的解那么a＝2.规定a﹡b=5a+2b-1则(-4)﹡6的值为###4.5-9
3522,下列各式中哪些是最简二次根式？（1）；（2）；（3）；（4）；（5）1；（6）.最简二次根式###（3）（6）
3525,如图AB、CD为某公路的的一部分AB∥CD∠BCD=115°.晚上一辆汽车由在AB上行驶过度到BC上行驶时汽车的灯光扫过了###65°
3528,已知圆锥的底面半径为3母线长为6则此圆锥侧面展开图的圆心角是###解：∵圆锥底面半径是3，∴圆锥的底面周长为6π，设圆锥的侧面展开的扇形圆心角为n°，nπ×6180=6π，解得n=180．故答案为180°．
3529,一个三角形的三内角的度数比是3∶2∶1那么这个三角形是###直角
3530,A中任意元素都属于B用集合表示\(A\subseteqB\)且B中至少有一元素不属于A用集合表示\(A\subseteqB\)且\(B\subseteqA\)则集合A与集合B的关系###\(A\subseteqB\)\(A\subsetneqqB\)A=B
3532,若函数\(f(x)=a\cosx+\sinx\)在区间\((\pi/6\pi/4)\)上单调递减则实数a的取值范围是###a≥√3
3533,1.写出一个系数是\(-\frac{2}{3}\)的含字母x和y的且次数是5的单项式2.已知|a|=1|b|=4且ab<0则a-b=3.已知2a-3b=2则1-4a+6b=4.关于x的方程2x-1=2a-3与关于x的方程x+1=4-a同解则a=5.x的20%与y的一半的差用代数式表示6.某船的静水速度为x千米/时水的流速为y千米/时该船顺水航行5小时共行千米这段行程若逆水航行共需小时7.把每千克5元的糖果x千克和每千克3元的糖果y千克混在一起则混合后的糖果售价是每千克元8.一组按规律排列的数：2361015⋯⋯则第8个数是9.一件商品进价x元按进价加价30%后打7折售出则利润率是###不唯一\(\pm5\)-3220%x-0.5y5(x+y)\(\frac{5(x+y）}{x-y}\)\(\frac{5x+3y}{x+y}\)36\(\frac{(1+30\%)x\times70\%-x}{x}\)
3536,二次函数y＝ax2＋bx＋c中a·c＜0则函数零点的个数是###2
3538,如图所示阴影部分所示的是一块从一边长为50cm的正方形材料中裁出的垫片现测得FG＝22cm求这块垫片的周长###244
3539,已知点P的坐标为（2﹣a3a+6）且点P到两坐标轴的距离相等那么点P的坐标是###（3，3）或（6，-6）
3541,在过直线外一点P作已知直线l垂线的过程中根据提示完成步骤。1）以点P为圆心作弧使其与直线l交于AB两点；2）###分别以A、B点为圆心，大于1/2AB为半径作弧
3543,点A从数轴上表示数2的点开始连续移动第一次先向左移动1个单位再向右移动2个单位；第二次先向左移动3个单位再向右移动4个单位；第三次先向左移动5个单位再向右移动6个单位……①写出第五次移动后这个点在数轴上表示的数为；②写出第n次移动后这个点在数轴上表示的数为###7\(n+2\)
3545,如图AB∥CDOE平分∠BOCOF⊥OEOP⊥CD∠ABO＝40°则下列结论:①∠BOE＝70°;②OF平分∠BOD;③∠POE＝∠BOF;④∠POB＝2∠DOF.其中正确结论有###①②③
3547,已知二次函数的图象与x轴只有一个交点请写出一组满足条件的ab的值：a=b=###12（答案不唯一）
3548,如果要在一条直线上得到10条不同的线段那么在这条直线上至少要选用###5
3550,如图若则###95
3551,二进制由德国数理哲学大师莱布尼兹发现是当前的计算机系统使用的计数方式在人们的日常生活中起到了不可替代的作用.它只使用01两个数字符号逢2进位非常简单方便易于用电子方式实现.例如十进制中的1~10在二进制中的表示如下表所示：根据表中的规律十进制中的“12”在二进制中应表示为###1100
3553,1.如图点O在直线AB上射线OD平分∠AOC若∠AOD=20°则∠COB的度数为度?size=9602.把两块三角板按如图所示那样拼在一起则∠ABC等于度?size=960###140120
3554,抛物线y²=4x上到其焦点的距离为1的点的个数为###详见答案
3555,李阿姨家的营养早餐配方：200ml牛奶50g面包40g坚果20g牛肉.某日早餐她准备了200g面包按照营养早餐配方她需要准备g牛肉###80
3557,如图已知AB=ACEB=ECAE的延长线交BC于D则图中全等的三角形共有对?size=960###3
3558,“阅读让自己内心强大勇敢面对抉择与挑战.”某校倡导学生读书下面的表格是该校九年级学生本学期内阅读课外书籍情况统计表.请你根据统计表中提供的信息求出表中a、b的值：a=b###1500.35
3559,在矩形ABCD中对角线ACBD相交于点O若\(\angle\)AOB=60°AC=10cm则AB=BC###55\(\sqrt{3}\)
3562,某灯泡厂在一次质量检查中从3000个灯泡中随机抽查了50个其中有5个不合格则出现不合格灯泡的频率是在这3000个灯泡中估计有个为不合格产品###0.1300
3565,如图为垂直固定于地面的大树在距地面一定高度的树干上支了三个木头支架若∠BAC=90ºADAE三等分∠BACBC=5m∠C=AE=###30º2.5m
3568,写出一个经过点的一次函数###例如：
3572,如图已知∠AOE是平角OC是从点O出发的射线.OB平分∠AOC且∠COD：∠BOC=2:3∠DOE=20°则∠AOC的度数为###120°
3574,1.刚开学整理教室时老师总是先把每一列最前和最后的课桌摆好然后再依次摆中间的课桌一会儿一列课桌摆在一条线上整整齐齐这是根据2.已知线段AB＝5cmC为线段AB上一点且BC＝3cm则线段AC＝cm3.已知∠AOB＝50°∠BOC=30°则∠AOC＝°4.若\(\left|{x-y}\right|+\left({y+2}\right)^{2}=0\)则x+y=5.如果x=5是方程ax+5=10－4a的解那么a###两点确定一条直线220或80-4\(\frac{5}{9}\)
3575,当k＝1时关于\(xy\)的二元一次方程组\(\left\{\begin{gathered}{2x+3y=k}\\{3x+2y=k+2}\end{gathered}\right.\)的一组解之和是###4/5
3576,对于一个矩形ABCD及⊙M给出如下定义：在同一平面内如果矩形ABCD的四个顶点到⊙M上一点的距离相等那么称这个矩形ABCD是⊙M的“伴侣矩形”如图在平面直角坐标系xOy中直线l：交x轴于点M⊙M的半径为2矩形ABCD沿直线l运动（BD在直线l上）BD=2AB∥y轴当矩形ABCD是⊙M的“伴侣矩形”时点C的坐标为###或
3577,如图方格纸中有一四边形（四点均为格点）若方格纸中每个最小正方形的边长为1则该四边形的面积为###12
3579,如图1大正方体上截去一个小正方体后可得到图2的几何体设原大正方体的表面积为S图2中几何体的表面积为S′那么S′与S的大小关系是S′###=
3580,已知向量n=（2-4-2）m=（-121）分别是两个不同平面\(\alpha\beta\)的法向量可得向量n与m的数量关系是进而得到平面\(\alpha\beta\)的位置关系是###\(n=-2m\)平行
3581,在某个整点时针和分针的夹角可能会等于90°写出一个可能的时刻###3:00或9:00（写对一个即可）
3582,三个小队植树第一队种x棵第二队种的树比第一队种的树的2倍还多8棵第三队种的树比第二队种的树的一半少6棵三队共种树###4x+6
3583,下面是“经过已知直线外一点作这条直线的垂线”的尺规作图过程请回答：该尺规作图的依据是###到线段两个端点距离相等的点在这条线段的垂直平分线上，直径所对的圆周角是直角，两点确定一条直线
3585,如图△ABC的两条直角边AC、BC的长分别为8cm、6cm在AB的同侧分别以ABBCAC为直径作三个半圆点C在以AB为直径的圆周上。则阴影部分的面积为###24
3587,如图在Rt△ABC中∠ACB=90°∠A＜∠BM是斜边AB的中点将△ACM沿直线CM折叠点A落在点D处如果CD恰好与AB垂直则∠A###30°
3589,在公差不为零的等差数列{an}中a1=2且a1a3a7成等比数列那么数列{an}的前n项和Sn等于###n²/2+3n/2
3591,如图已知小明按如下步骤作图：①以点为圆心任意长为半径画弧交于点交于点②分别以为圆心大于长为半径画弧在的内部两弧交于点③画射线所以射线为所求的平分线.根据上述作图步骤小明的作图依据是###证明△OCD≌△OCE∴∠DOC=∠EOC
3592,已知∠1=35°且∠1与∠2互余∠2与∠3互余则∠3=###35°
3593,为解决停车难的问题在如图一段长56米的路段开辟停车位每个车位是长5米、宽2.2米的矩形矩形的边与路的边缘成45°角那么这个路段最多可以划出个这样的停车位###17
3596,福州站和福州南站是福州的两个铁路客运中心如图ABC分别表示五一广场、福州站、福州南站经测量福州站在五一广场的南偏西77°方向福州南站在五一广场的南偏西18°方向.则∠BAC=°###59
3598,如图所示扇形AOB的圆心角为120°半径为2则图中阴影部分的面积为.​​###\(\frac{4}{3}\pi-\sqrt{3}\)
3600,1.-3.8的绝对值是相反数的倒数是2.绝对值不大于2.1的整数是3.280000用科学记数法表示是7.96精确到0.1后约是4.若a<-1则\(a\\\\\frac{1}{a}{\\\\\\a}^{2}\)的大小关系是5.−5a2b2c3\(-\frac{{x}^{3}{y}^{2}z}{4}\)的系数是次数是6.已知数列：\(\sqrt{2}\sqrt{5}\\\\\sqrt{10}\sqrt{17}\sqrt{26}\cdots\cdots\)则第个数是\(\sqrt{82}\)7.一件商品售价75元获利50%则进价是元###3.8\(\frac{5}{19}\)\(\pm2，\pm1，0\)\(2.8\times{10}^{5}\)8.0\(a<\frac{1}{a}<{a}^{2}\)\(-\frac{1}{4}\)6950
3602,"已知函数f(x)＝2x－3x∈{x∈N|1≤x≤5}则函数f(x)的值域为###\(\left\{{-1,1,3,5,7}\right\}\)"
3603,如图已知ABcmC是线段AB上一点且AC点D是线段AC的中点点E是线段BC上一点且CECB求线段DE的长度###7
3607,如果盈利5万元记作＋5万元那么亏损6万元记作万元###-6
3610,1用正数与负数表示具有意义的量20既不是数也不是数3某年深圳市生产总值同比增长9%记作＋9%而尼日利亚国内生产总值同比减少2.24%应记作.4在电视上看到的天气预报中绵阳王朗国家级自然保护区某天的气温为－5℃表示的意思是5在－78＋1.50－823.2－9.7－3中(1)正数有(2)负数有.6如果向东走60m记为＋60m那么向西走80m应记为m.7在跳远测试中甲同学超过达标线20cm我们记为＋20cm乙同学还差10cm达标应记为cm.8如果水位下降3m时水位变化记作－3m那么水位升高4m时水位变化记作m水位不升不降时水位变化记作m.9跳绳比赛中以跳100个为标准多跳或少跳的个数分别用正数与负数表示如果跳了120个记作＋20个那么跳了90个记作个###相反正数负数-2.24%零下5摄氏度8，3.2-7，-82，-9.7-3-80-10+4-10
3611,1.876000用科学计数法表示将3.697精确到0.01后约是2.已知（a﹣3）2+|b+6|=0则方程ax=b的解为x=3.公元前1700年的古埃及纸草书中记载着一个数学问题：“它的全部加上它的七分之一其和等于19”此问题中“它”的值为4.代数式5m＋\(\frac{1}{4}\)与5(m－\(\frac{1}{4}\))的值互为相反数则m的值等于5.若单项式5a2x+1b2与8ax+3b1-y是同类项则\({y}^{x+3}\)###\(8.76\times{10}^{5}\)3.70-2\(\frac{133}{8}\)0.1-1
3613,观察下列分母有理化的计算：；从计算结果中找出规律并利用这一规律计算###2014
3614,我校七年级学生计划前往博物馆参观全年级学生加上带队教师一共423人.若一辆大客车可以坐40人为了让全年级师生都可以尽快赶到博物馆需要预约大客车辆###11
3618,如下表从左到右在每个小格子中都填入一个整数使得其中任意三个相邻格子中所填整数之和都相等则第2016个格子中的数为###2
3619,已知a+bi=\(\frac{{2{\rm{-i}}}}{{\rm{i}}}\)(i为虚数单位ab∈R)则a+b###-3
3620,如果自然数A是B的3倍（A、B是不为0的整数）那么A与B的最小公倍数是最大公因数是###AB
3621,已知在同一平面内有两个角：α=28°32′18′′β=61°27′42′′且α与β有公共边则这两角另两边夹角（小于平角的角）为###90°或42°55′24′′
3624,已知x=1是关于x的方程\({x}^{2}\)+mx+n=0的一个根则\({m}^{2}+2mn+{n}^{2}\)的值为###1
3625,1.已知关于x的方程\(\frac{mx-1}{3}-1=x\)的解是x=-4则m=.2.已知代数式\(\frac{1-3x}{2}\)的值是1则x=.3.已知三个连续奇数的和是243则中间的那个数是.4.已知代数式2x-1与7-5x互为相反数则x=.5.x与y的平方差可以表示为###-4\(-\frac{1}{3}\)812\({x}^{2}-{y}^{2}\)
3626,在△ABC中AB=15AC=13高AD=12则边BC的长为###4或14
3627,如图“回”字形的道路宽为1米整个“回”字形的长为4米宽为3米—个人从入口点A沿着道路中央走到终点B他共走了###12
3628,轮船顺水行驶36千米用3小时逆水行驶24千米也用3小时设轮船在静水中的速度为x千米/小时水流速度为y千米/千米则轮船顺水行驶的速度为千米/时逆水行驶的速度为千米/时根据题意列方程组为###x+yx-y\(\left\{\begin{gathered}{3(x+y)=36}\\{3(x-y)=24}\end{gathered}\right.\)
3630,在矩形ABCD中AB=2BC=3对角线AC的垂直平分线分别交ADBC于点E点F连接CE则CE###\(\frac{13}{6}\)
3631,已知单项式－3a²b与是同类项则k的值是###2
3632,下列图中的△ABC都表示一块质地均匀的木板.图①中点D、E、F分别是BC、AC、AB的中点；图②中AD、BE、CF分别是△ABC的三条高线；图③中AD、BE、CF分别是△ABC的三条角平分线；图④中a、b、c分别是△ABC的三边的垂直平分线.用一根细针顶住O点能使三角形木板ABC保持平衡的图是###①
3633,小李以每千克0.8元的价格从批发市场购进若干千克西瓜到市场去销售在销售了部分西瓜之后余下的每千克降价0.4元全部售完.销售金额与卖瓜千克数之间的关系如图所示那么小李赚了元###36元
3634,写出一个系数为负数且次数为4的单项式要求其中所含字母只有###答案不唯一，如，，
3635,某人以八折优惠价购买了一套服装节省了25元那么买这套服装实际用了元###100
3636,数据8081828384的方差为###2.5
3637,奇函数具有哪些性质偶函数具有哪些性质在公共定义区内两个奇函数的和或差是一个偶函数与奇函数的积（或商）是###填写表达式，或奇函数关于原点对称填写表达式，或偶函数关于y周对称奇函数奇函数
3639,在\(\triangle\)ABC中\(\angle\)ACB=90°AC=5BC=3则AB边上的中线CD###\(\frac{\sqrt{34}}{2}\)
3640,"抛物线\({x^2}=-8y\)的准线方程是焦点坐标是###\(y=2,\left({0,-2}\right)\)"
3641,若抛物线y=x2－2x－3与x轴分别交于A、B两点则线段AB的长为###4
3642,\({a}^{4}{b}^{2}c-2{a}^{2}b+3a-1\)是次项式其中常数项是###74-1
3646,将一张∠BAC=120°的三角形纸片ABC按照图示方式折叠：将△ABD△ACE分别沿ADAE折叠到△AB'D△AC'E（折叠后B'C'两点仍落在原三角形ABC所在平面内）若∠B'AC'=30°则∠DAE###75°
3648,如图在中是的角平分线则###4:3
3649,如图在平面直角坐标系中已分别画出函数与的图象请你观察图象写出两个函数的交点坐标是###(-1，2)或(2，-1)
3651,如图小明同学测量一个光盘的半径他只有一把直尺和一块三角板他将直尺、光盘和三角板如图放置于桌面上并量出AB=3cm则此光盘的半径是###3√3
3652,5.398精确到0.01后约是###5.40
3653,怎样准确地作平行线呢？课本介绍可以利用三角尺与直尺照图7-22的方法去做.第一步：作直线AB并用三角尺的一条边贴住直线AB；第二步：用直尺紧靠三角尺的另一条边；第三步：沿直尺下移三角尺；第四步：沿三角尺的边作出直线CD.这样就得到AB∥CD.请写出这样画图得到AB∥CD的依据是###同位角相等，两直线平行
3656,1.-0.5的相反数是绝对值是倒数是2.绝对值不大于3.1且不小于1.2的整数是3.39790000用科学记数法表示是6.94精确到0.1后约是4.若0<a<1则\({a}^{2}\\\a\\\\frac{1}{a}\)的大小关系是5.\(-\frac{5{a}^{2}{b}^{3}c}{7}\)的系数是次数是6.多项式\(-5+2{x}^{2}{y}^{3}-{x}^{7}+5{x}^{4}yz\)是次项式7.一件商品售价60元获利20%则进价是元1###0.50.5-2±2、±33.979\(\times{10}^{7}\)6.9\({a}^{2}<a<\frac{1}{a}\)\(-\frac{5}{7}\)67450
3659,某食品包装袋上标有“净含量385克5克”这包食品的合格净含量最大是克###390
3660,是方程的解则关于的方程的解是###x=-2
3661,代数式\(-\frac{3}{2}x\)\(\frac{4}{x-y}\)\(\frac{x+y}{3}\)\(5x+m\)\(\frac{x+y}{ab}\)\(\frac{{x}^{2}}{x}\)\(\frac{1}{\pi}\)中分式有###\(\frac{4}{x-y}\)，\(\frac{x+y}{ab}\)，\(\frac{{x}^{2}}{x}\)
3663,右图是某月的日历表在此日历表上可以用一个“十”字圈出5个数（如39101117）.照此方法若圈出的5个数中最大数与最小数的和为46则这5个数的和为###115
3664,设x>-1则\(y=\frac{(x+5）（x+2）}{x+1}\)的最小值###9
3666,甲、乙两人连续7年调查某县养鸡业的情况提供了两方面的信息图（如图）甲调查表明：养鸡场的平均产鸡数从第1年的1万只上升到第7年的2.8万只；乙调查表明：养鸡场的个数由第1年的46个减少到第7年的22个现给出下列四个判断：①该县第2年养鸡场产鸡的数量为1.3万只；②该县第2年养鸡场产鸡的数量低于第1年养鸡场产鸡的数量；③该县这7年养鸡场产鸡的数量逐年增长；④这7年中第5年该县养鸡场出产鸡的数量最多根据甲、乙两人提供的信息可知其中正确的判断有###④
3667,不等式\(\frac{x-3}{x-2}\gg0的解集是\)###\(\left\{{x/2<x\ll3}\right\}\)
3668,有理数a、b在数轴上的位置如图所示则化简|a-b|+|a+b|的结果为?size=960###-2b
3671,某校为了解学生喜爱的体育活动项目随机抽查了100名学生让每人选一项自己喜欢的项目并制成如图所示的扇形统计图.如果该校有1200名学生则喜爱跳绳的学生约有###360
3672,如图正方形ABCD的边长为8E是AB的中点点MN分别在BCCD上且CM=2则当CN=时△CMN与△ADE相似。?size=960###1或4
3673,计算的结果是###-a²
3674,1.已知关于x的方程\(\frac{kx-1}{3}-1=x\)的解是x=-4则k=.2.已知代数式2x-1与7-5x互为相反数则x=3.已知代数式\(\frac{1-3x}{2}\)的值是1则x=4.三个连续奇数的和是243则中间的数是5.x与y的平方差可以表示为###22\(-\frac{1}{3}\)81\({x}^{2}-{y}^{2}\)
3675,用描点法画二次函数的图象时列表如下：根据表格上的信息判断该二次函数图象的开口方向为###开口向下
3676,如图在△ABC中AB=ACAD=4BC=6AD是BC边上的中线点E、F、M、N是AD上的四点则图中阴影部分的总面积是###6
3677,已知△ABC和△DEF相似∠A=∠DAB=6AC=4DE=3则DF的长是###2|4.5|2或4.5
3678,已知∠1=35°且∠1与∠2互余∠2与∠3互余则∠3###35°
3679,\(\sqrt{2}\)sin45°+tan230°-cos60°×tan45°###\(\frac{5}{6}\)
3682,已知线段a画一条线段AB=a的步骤是###作射线AP；在射线AP上，以A为圆心，以a长为半径截取AB=a．
3687,某正方体每个面上都有一个汉字如图是它的一种展开图那么在原正方体中与“我”字所在面相对的面上的汉字是###国
3688,1.青藏高原是世界上海拔最高的高原它的面积约为2500000平方千米将2500000用科学记数法表示应为平方千米2.已知a－b=2那么2a－2b+5###\(2.5\times{10}^{6}\)9
3689,已知抛物线的顶点在原点准线方程为\(y=-2\)那么抛物线的标准方程是###x²=8y
3690,使用简便方法计算###999991
3691,如图一块直角三角板的直角顶点放在直尺的一边上且∠1=35°那么∠2的度数是###55°
3694,把一副三角板如图所示拼在一起图中∠ABC和∠EDC的大小关系是：∠ABC∠EDC.（填“>”、“<”或“=”）###<
3697,已知圆的直径为13cm如果直线和圆心的距离为4.5cm那么直线和圆有###2
3698,用边长为1的正方形纸板制成一副七巧板（如图①）将它拼成“小天鹅”图案（如图②）则图②中∠ABC+∠GEB###270°
3699,已知a＞0b＜0且a+b＜0试将a-b-|a|-|b|用“＜”号按从小到大的顺序连接起来###-|b|＜-|a|＜a＜-b
3700,如图点A在双曲线上点B在双曲线上且AB//轴点P是轴上的任意一点则△PAB的面积为###1
3701,如图用8块完全相同的小长方形地砖拼成一个大长方形则每个小长方形地砖的面积是###300cm2
3703,抛物线y²=4x上到其焦点的距离为1的点的个数为###详见答案
3704,要从4名男生和4名女生中选出2人参加两项不同的活动有种不同的选法###28
3706,已知双曲线\(\frac{{{x^2}}}{{{a^2}}}-{y^2}=1\)（a＞0）的一条渐近线方程为x+y=0则a###详见答案
3709,在△ABC中∠C=90°a=6b=8则sinA###\(\frac{3}{5}\)
3711,如图点A在双曲线上且若△ABO的面积为3则的值为###-6
3713,直角三角形的两条直角边长分别为5和12则斜边长为###13
3717,下列各式中哪些是最简二次根式？（1）；（2）；（3）；（4）；（5）1；（6）.最简二次根式###（3）（6）
3719,若分式\(\frac{{x-1}}{x}\)的值为0则\(x\)的值为###1
3720,用计算器求值：tan32°###0.6249
3722,已知椭圆\(C:\frac{{{x^2}}}{{{a^2}}}+\frac{{{y^2}}}{{{b^2}}}=1\left({a>b>0}\right)\)的右焦点为\(F\left({30}\right)\)过点\(F\)的直线交椭圆\(C\)于\(AB\)两点.若线段\(AB\)的中点坐标为\(\left({1-1}\right)\)则椭圆\(C\)的方程为###\(\frac{{{x^2}}}{{18}}+\frac{{{y^2}}}{9}=1\)
3723,交通警察通常根据刹车后车轮滑过的距离估计车辆行驶的速度所用的经验公式是.其中表示车速（单位：km/h）d表示刹车后车轮滑过的距离（单位：m）f表示摩擦系数在某次交通事故调查中测得d=24mf=1.5则肇事汽车的车速大约是###96
3726,如图学校内有个正六边形的花坛。学校需要在校内修一条小路因空间所限需要截掉六边形花坛的一个角。请问在截掉一个角后花坛会变成###五或六或七
3727,在\(\triangleABC\)中DE分别是边ABAC的中点若DE=3则BC###6
3728,函数\(y=\sinx+\sqrt3\cosx\)的最小值是###\(-2\)
3729,已知如图①小敏利用课余时间制作了一个脸盆架如图②为它的截面图垂直放置的脸盆与架子的交点为ABAB=40cm脸盆的最低点到AB的距离为10cm则该脸盆的半径为###25cm
3730,若函数f(x)的定义域是[01]则函数f(2x)＋f(x＋\({2/3}\))的定义域为###\(\left[{0，\frac{1}{3}}\right]\)
3732,在直线上依次摆放着七个正方形（如图所示）已知斜放置的三个正方形的面积分别是1、2、3正放置的四个正方形的面积依次是、、、则###4
3733,张大伯从报社以每份0.4元的价格购进了a份报纸以每份0.5元的价格售出了b份报纸剩余的以每份0.2元的价格退回报社则张大伯卖报收入###0.3b-0.2a
3734,"不等式\(\frac{x-2}{3}<1\)的非负整数解是###0,1,2,3,4"
3735,等腰三角形底边长10cm从底边的一个端点引腰上的中线分此三角形周长为两部分其中一部分比另一部分长4cm则该等腰三角形的腰长为​​cm###14或6
3736,如图在平面直角坐标系中矩形AOCB的两边OA、OC分别在x轴和y轴上且OA=2OC=1在第二象限内将矩形AOCB以原点O为位似中心放大为原来的倍得到矩形A1OC1B1再将矩形A1OC1B1以原点O为位似中心放大倍得到矩形A2OC2B2…以此类推得到的矩形AnOCnBn的对角线交点的坐标为###（—，）
3737,等腰三角形中一条边的长是1另一条边的长是3则这个三角形的周长是###7
3738,已知m是方程\({x}^{2}-x+1=0\)的一个根则代数式\({5m}^{2}-5m+2017\)的值为###2012
3740,已知∠B为锐角1-2sinB=0.则∠B###30°
3742,1.-2.5的相反数是绝对值是倒数是2.将98600000用科学计数法表示3.79489精确到百分位后约是3.-a7b2c的系数是次数是-a2bc+3a2b3+2a2bc+a2-2的最高次项是常数项是4.已知：方程2x-1=2-x与6x-1=1-k解相同则k=5.根据“x与y的和的平方”可列出代数式根据“x的一半比y小2”可列出方程###2.52.5-0.4\(9.86\times{10}^{7}\)3.79-110+3a2b3-2-4\(（x+y{）}^{2}\)\(\frac{1}{2}x=y-2\)
3743,在平面直角坐标系中点（2—4）在第###四
3747,已知函数y=\(4x+\frac{a}{x}(x>0a>0)\)在x=1时取得最小值那么a###4
3750,已知单项式-3x1-my与2x3yn-2是同类项则n-m###5
3752,​x的3倍比y的一半大7用方程表示为：###\(3x-\frac{1}{2}y=7\)
3753,在期中测试中抽取了五名学生的成绩（满分为100分）如下：9886938988计算这五名学生的平均成绩为###90.8
3758,方程3(2x－1)＝15的解是###x=3
3759,有理数-37800000用科学计数法表示是###\(-3.78\times{10}^{7}\)
3762,如图AB∥CDEF⊥AB于点EEF交CD于点F已知∠1=60°则∠2###30°
3765,为了解中学生课外阅读情况现从某中学随机抽取200名学生收集了他们一年内的课外阅读量（单位：本）等数据以下是根据数据绘制的统计图表的一部分下面有四个推断：①这200名学生阅读量的平均数可能是26本；②这200名学生阅读量的75%分位数在区间\({\rm{[3}}0\;{\rm{40)}}\)内；③这200名学生中的初中生阅读量的中位数一定在区间\({\rm{[2}}0\;{\rm{30)}}\)内；④这200名学生中的初中生阅读量的25%分位数可能在区间\({\rm{[2}}0\;{\rm{30)}}\)内.所有合理推断的序号是###②③④（错选0分，漏选3分）
3766,若－2≤x≤3时则###5
3767,已知双曲线\(\frac{{{x^2}}}{{{a^2}}}-{y^2}=1\)（a＞0）的一条渐近线方程为x+y=0则a###详见答案
3769,交通警察通常根据刹车后车轮滑过的距离估计车辆行驶的速度所用的经验公式是.其中表示车速（单位：km/h）表示刹车后车轮滑过的距离（单位：）表示摩擦系数在某次交通事故调查中测得则肇事汽车的车速大约是###96
3770,小亮解方程组的解为由于不小心滴上了两滴墨水刚好遮住了两个数●和★请你帮他找回★这个数★###-2
3771,若与互为相反数则的平方根是###±3/2
3775,等腰三角形中一条边的长是1另一条边的长是3则这个三角形的周长是###7
3776,某食品包装袋上标有“净含量385克±5克”这包食品的合格净含量最大是###390
3780,等比数列的前n项和为s​n​已知a​1​​​​​​=2a​4​=-2则数列的通项公式为​​；​s​​9​=​​​###2（-1）n-12
3781,如图P是直线l外一点从点P向直线l引PAPBPCPD几条线段其中只有PA与l垂直.这几条线段中最短的是依据是###PA垂线段最短
3782,如果关于的不等式组有解那么实数的取值范围是###a＞－1
3783,"已知△ABC的三边长分别是2\(\sqrt{3}\)3△DEF的一条边为\(\sqrt{3}\)要使△DEF与△ABC相似则另两边的长分别是###2,3或\(\frac{3}{2}，\frac{3\sqrt{3}}{2}\)或\(\sqrt{3}，1\)"
3784,阅读下面材料：在数学课上老师提出如下问题：小云的作法如下：老师说：“小云的作法正确”请回答：小云的作图依据是###四条边相等的四边形是菱形；菱形的对边平行
3785,把一些圆柱形木材按照右图的方式进行摆放第六堆中有根这样的圆柱形木材###21
3786,三角尺在灯泡O的照射下在墙上形成影子（如图所示）.现测得OA=20cmOA′=50cm这个三角尺的周长与它在墙上形成的影子的周长的比是###2:5
3787,已知D、E分别是△ABC的边AB和AC上的点若△ADE和△ABC相似且AB=6AC=8AD=4DE=5则EC=BC=###\(\frac{16}{3}\)或3\(\frac{15}{2}\)或10
3788,如图为测量学校旗杆的高度小东用长为3.2米的竹竿作测量工具移动竹竿使竹竿的顶端与旗杆顶端的影子恰好落在同一地点此时竹竿与这一点相距8米与旗杆相距22米则旗杆的高为米###12
3789,在平面直角坐标系xOy中二次函数的图象如图将二次函数的图象平移使二次函数的图象的最高点与坐标原点重合请写出一种平移方法：###向左平移1个单位，再向下平移4个单位（答案不唯一）
3790,甲乙两人在200米的圆形跑道上练习竞走当他们从某处同时出发背向行走时每30秒相遇一次同向行走时每隔四分钟相遇一次则两人速度分别为###\(\frac{15}{4}\)米/秒，\(\frac{35}{12}\)米/秒
3791,如果ab互为相反数xy互为倒数则2015（a+b）—2016xy的值是###-2016
3793,对于同一平面内的三条直线给出下列五个结论：①a∥b②b∥c③a⊥b④a∥c⑤a⊥c以其中的两个论断为条件一个论断为结论组成一个你认为正确的命题###答案不唯一，如如果①②，那么④；或者如果②③，那么⑤等
3794,已知小明的年龄是m岁小红的年龄比小明的年龄的2倍少4岁小华的年龄比小红的年龄的1/2还多1岁这三名同学的年龄的和为###4m-5
3796,写出一条菱形具备但平行四边形不具备的性质###例如菱形的对角线互相垂直
3797,点A、B、C为数轴上三点如果点C在A、B之间且C到A的距离是C到B的距离的3倍那么称点C是{AB}的奇点。例如如图1点A表示的数为点B表示的数为；表示的点C到点A的距离是到点B的距离是那么点C是{AB}的奇点；又如表示的点D到点A的距离是1到点B的距离是那么点D就不是{AB}的奇点但点D是{BA}的奇点。（1如图2MN为数轴上两点它们表示的数分别为。若点P是{MN}的奇点则点P表示的数为；若点Q是{NM}的奇点则点Q表示的数为；（2如图3AB为数轴上两点它们表示的数分别为。现有一动点C在数轴上运动点C运动到数轴上的什么位置时A、B、C中恰有一个点为其余两点的奇点？请直接写出所有满足条件的点C表示的数###3，-1；
3798,据气象预报某天的最低气温零下1℃最高气温是18℃则该天的最大温差℃###19
3799,绝对值等于8的数是###-8，+8
3800,多项式ab－2ab2－a的次数为###3
3801,在△ABC中a=3b=2√6∠B=2∠A则cosB###1/3
3802,如图是小凡同学在体育课上跳远后留下的脚印他的跳远成绩是线段###BN
3804,如图已知AB⊥GH于点MCD⊥GH于点O直线CDEFGH相交于一点O若∠1=42°则∠2等于###138°
3805,写出一个经过第一、三、四象限的一次函数###例如：
3806,△ABC为等腰三角形如果∠A=a°（0<a<90）则∠B###a°或者（180-2a）°或（180-a）°/2
3809,如图将一副三角尺的直角顶点重合在一起若叠合所成的∠BOC=n°（0<n<90）则∠AOD的补角的度数与∠BOC的度数之比是###1:1
3810,如图在中于则与互余的角是###或
3811,如图∠AOB=∠COD则∠AOC∠DOB.（填“>”“<”或“=”）###=
3813,"1.若x+y=﹣1且（x+y）2﹣3（x+y）a=7则a2+2=2.若代数式a﹣b-1=0那么代数式2a﹣（3+2b）的值等于3.已知a、b互为相反数c、d互为倒数m的绝对值为2则m2+a+b+\(\frac{cd}{m}\)###6-14.5,3.5"
3815,已知∠AOB＝60°以点O为端点作射线OC使∠BOC＝20°再作∠AOC的平分线OD那么∠AOD的度数为###20°或40°
3816,有一台单功能计算器对任意两个整数只能完成求差后再取绝对值的运算其运算过程是：输入第一个整数只显示不运算接着再输入整数后则显示的结果比如依次输入12则输出的结果是；此后每输入一个整数都是与前次显示的结果进行求差后再取绝对值的运算小琪依次输入345则最后输出的结果是；小婷将-12m这3个整数按照任意的顺序输入计算器后得到的结果为0则m的所有可能的取值为###4；-3，3或1
3817,2sin45°###\(\sqrt{2}\)
3818,"已知函数\(y=a+\cos\omegax\)\(x\in\left[{-\pi\pi}\right]\)（其中\(a\)\(\omega\)为常数且\(\omega>0\)）有且仅有3个零点则\(a\)的值为\(\omega\)的取值范围是###\(-1\)\(\left[{2,4}\right)\)"
3819,1.三个小队植树第一队种x棵第二队种的树比第一队种的树的2倍还多8棵第三队种的树比第二队种的树的一半少6棵三队共种树棵2.计算－a2＋3a2的结果为###4x+62a2
3821,如图中点在边上以为折痕将向上翻折点正好落在上的点若的周长为8的周长为22则的长为###7
3822,阳光通过窗口照到室内在地面上留下2.7米的亮区已知亮区到窗口下的墙脚距离EC=8.7m窗口高AB=1.8m则窗口底边离地面的高BC为###4
3823,50名学生参加甲、乙两项体育活动每人至少参加了一项参加甲项的学生有30名参加乙项的学生有25名则仅参加了一项活动的学生人数为###45
3824,不等式x－1≤x的解集是###x≤2
3825,“神舟”十一号飞船圆满完成了我国第六次载人飞行任务创造了我国航天员太空驻留新纪录标志着我国航天工程取得新的重大进展.请你观察“神舟”十一号飞船的发射架上面有许多焊接成三角形的图形.为什么要焊接成这样的形状呢？你的理由是###三角形的稳定性
3826,下列图形不是由①通过旋转得到的是###E
3827,如图线段BD、CE相交于点ADE∥BC如果AB=4AD=2DE=1.5那么BC的长为###3
3828,A、B两地相距80千米一船从A出发顺水行驶4小时到B从B出发逆水行驶5小时才能到A。设船在静水中的航行速度为xkm/h水流速度为ykm/h则依题意可得方程组###\(\left\{\begin{gathered}{4（x+y）=80}\\{5（x-y）=80}\end{gathered}\right.\)
3829,如图AB∥CDOE平分∠BOCOF⊥OEOP⊥CD∠ABO＝40°则下列结论:①∠BOE＝70°;②OF平分∠BOD;③∠POE＝∠BOF;④∠POB＝2∠DOF.其中正确结论有###①②③
3830,地图上1厘米代表5千米汕尾市政府与光明小学在地图上相距6.8厘米则汕尾市政府与光明小学实际相距千米###34
3832,已知x+y=5xy=-4则###41
3833,若三角形的三个外角的比是则这个三角形的最大内角的度数是###100°
3835,如图一副三角尺的直角顶点重合在一起若∠COB与∠COA的度数之比是2：11则∠BOD的度数为###70°
3836,已知反比例函数若点A（x1y1）B（x2y2）C（x3y3）都在其图象上且x1＞x2＞0＞x3用“＞”连接y1、y2、y3为###y3＞y1＞y2
3837,观察下列分母有理化的计算：；从计算结果中找出规律并利用这一规律计算###2014
3839,当x＝时代数式\(\frac{4x-5}{3}\)的值是1###2
3841,如图平行四边形ABCD的面积为24E为BC中点DE、AC交于F点△AFD的面积为###8
3843,已知AB=7在直线AB上有一点C且BC=2点M是线段AC的中点则BM的长等于###4.5或2.5
3844,59.8*60.2=（-）（+）=（）2-（）2###600.2600.2600.2359.96
3845,已知三角形的周长为3a＋2b其中第一条边长为a＋b第二条边长比第一条边长小1求第三边的边长###a+1
3847,如图平行四边形ABCD的面积为12E为BC中点DE、AC交于F点△EFC的面积为###1
3848,如图AB是⊙O的直径过点B作⊙O的切线BM已知∠M=60°则∠A###30°
3849,如图∠AOB=∠COD则∠AOC###=
3850,请你举例说明“两个数的乘积一定大于两个数的和”是错误的.这样的两个数可以为###任意符合题目要求的答案均可，例如：1和0
3852,函数\(f(x)\)的定义域为\([-11)\)其图象如图所示函数\(g(x)\)是定义域为\(R\)的奇函数满足\(g(2-x)+g(x)=0\)且当\(x\in(0{\kern1pt}{\kern1pt}1)\)时\(g(x)=f(x)\)给出下列三个结论：①g（0）=0；②函数\(g(x)\)在\((-1{\kern1pt}{\kern1pt}{\rm{5)}}\)内有且仅有\({\rm{3}}\)个零点；③不等式\(f\left({-x}\right)<0\)的解集为\(\{x|-1<x<0\}\)其中正确结论的序号是注：本题给出的结论中有多个符合题目要求。全部选对得5分不选或有错选得0分其他得3分###详见答案
3854,在数列1abc4是等比数列则b的值是###2
3857,轮船顺水航行112千米和逆水航行70千米所用的时间恰好相等水的流速是3千米/时则轮船在静水中的速度是###13
3858,B3—1如图在矩形纸片ABCD中已知AD＝8折叠纸片使AB边与对角线AC重合点B落在点F处折痕为AE若AB＝6求BE的长为###3
3859,1.写出一个系数系数是6含字母a和b的次数是5的单项式2.已知|a|=3|b|=2且ab<0则a-b=3.已知a+2b=3则3b+6b-7=4.方程2x-1=3与关于x的方程2(x+k)=3x-4同解则m=5.x的21%与y的3倍的差用代数式表示6.某船的静水速度为x千米/时水的流速为y千米/时该船逆水航行4小时共行小时这段行程若顺水航行共需小时7.把每千克a元的糖果6千克和每千克b元的糖果5千克混在一起则混合后的糖果售价是每千克元8.一组按规律排列的数：\(-1\frac{2}{3}\\\\\\\\2\frac{3}{4}-3\frac{4}{5}\cdots\cdots\)则第九个数是9.某城市5年前的人均收入是a元预计今年的人均收入是5年前人均手的4倍少10元那么今年的人均收入是元###不唯一\(\pm5\)2m=-121%x-3y4（x-y）\(\frac{4（x-y）}{x+y}\)\(\frac{6a+5b}{11}\)\(-9\frac{10}{11}\)4a-10
3860,设集合A＝{x|－1≤x≤2}B＝{x|－1<x≤4}C＝{x|－3<x<2}且集合A∩(B∪C)＝{x|a≤x≤b}则a＝b＝###-43
3862,如图线段AB=BC=CD=DE=1cm图中所有线段的长度之和为cm###20
3865,如果一个二元一次方程的一个解为那么这个方程可以是###(不唯一)
3867,为通分要先确定各分式的公分母一般取各分母的所有因式的最高次幂的积做公分母它叫做###最简公分母
3868,DE分别为\(\triangleABC\)的ACBC边的中点将此三角形沿DE折叠使点C落在AB边上的点P处。若\(\angleCDB=48°\)求\(\angleAPD\)###48°
3869,已知是方程组的解那么的值为###1
3870,已知向量\(\overrightarrow{\rm{a}}{\rm{=}}\left({3{\rm{-}}2}\right)\)\(\overrightarrow{{\rm{b=}}}\left({1{\rm{m}}}\right)\)若\(\overrightarrow{\rm{a}}\bot\left({\overrightarrow{\rm{a}}{\rm{-}}\overrightarrow{\rm{b}}}\right)\)则m=###-5
3871,当时分式\(\frac{2}{x-5}\)有意义###\(x≠5\)
3872,一种电子计算机每秒可以做6×108次运算它工作8×102秒可做次运算###4.8×1011
3873,已知\(\{{an}\}\)是公比为q的无穷等比数列其前\(n\)项和为\({Sn}\)满足\({a3}=12\)是否存在正整数\(k\)使得\({Sk}>2020\)？若存在求\(k\)的最小值；若不存在说明理由从①\(q=2\)②\(q=\frac{1}{2}\)③\(q=-2\)这三个条件中任选一个补充在上面问题中并作答注：如果选择多个条件分别解答按第一个解答计分###详见答案
3874,有一个两位数除以它各个数位上的数的和得商6余3.如果把它十位上的数与个位上的数对调后所得的新数除以它各个数位上的数的和得商4余9.求这个两位数###75
3875,如图所示是两个反比例函数的部分图象观察图象发现k10k20（填“＞”或“＜”）?size=960###>＜
3876,在四边形中。请你添加一个条件###或
3877,1).简答（5分）食盐水的浓度会（填“增大”、“降低”、“不变”）（5分）###不变
3878,在等差数列中a​2​​​=-5a​6​=11则公差d###4
3880,如图是由两个长方形组成的工件轴能完全覆盖这个平面图形的圆面的最小半径是###50mm
3881,如图垂足分别为、为的中点且于若则的长度为###8
3887,若\({x}^{2}+px+16\)是一个完全平方式则P的值是###\(\pm8\)
3889,"已知函数f(x)＝2x－3x∈{x∈N|1≤x≤5}则函数f(x)的值域为###{－1,1,3,5,7}"
3890,"在平面直角坐标系中孔明做走棋的游戏其走法是：棋子从原点出发第1步向右走1个单位第2步向左走2个单位第3步向上走1个单位第4步向右走1个单位…依此类推第n步的走法是：当n能被3整除时则向上走1个单位；当n被3除余数为1时则向右走1个单位；当n被3除余数为2时则向左走2个单位当走完第100步时棋子所处位置的坐标是###（-32,33）"
3891,把高10厘米的圆柱按下图切开拼成一个近似的长方体表面积增加了60平方厘米这个圆柱的半径是厘米###3
3894,在同一时刻身高1.6m的小强的影长是1.2m旗杆的影长是15m则旗杆高为###20
3896,小高认为：若\(a>b\)则\(\left|a\right|>\left|b\right|\).小高的观点正确吗？（填“正确”或“不正确”）###不正确
3897,如图已知在中是的中点且.则###72
3898,用度、分、秒表示91.34°为###91°20′24″
3899,在平面直角坐标系中点P的坐标为（﹣40）半径为1的动圆⊙P沿x轴正方向运动若运动后⊙P与y轴相切则点P的运动距离为​​###3或5
3900,函数f（x）的定义域为[-11）其图象如图所示函数g(x)是定义域为R的奇函数满足g（2-x）+g（x）=0且当x∈（01）时g（x）=f（x）给出下列三个结论：①g（0）=0；②函数g（x）在（-15）内有且仅有3个零点；③不等式f（-x）＜0的解集为{x|-1＜x＜0}其中正确结论的序号是注：本题给出的结论中有多个符合题目要求。全部选对得5分不选或有错选得0分其他得3分###详见答案
3901,使用因式分解进行计算###1200
3903,如图小区中有一片直角三角形的草地小路AB、BC互相垂直小路AC长为10m想在小路AC的中点D和点B之间再修一条小路则新修的小路的长度为###5m
3904,在不透明的袋子中有黑棋子10枚和白棋子若干（它们除颜色外都相同）现随机从中摸出10枚记下颜色后放回这样连续做了10次记录了如下的数据:根据以上数据可以估计袋中的白棋子数量大约为###40
3906,直角三角形中两边长分别为12则第三边的长为###或
3908,分解因式：-0.36a2+0.01b2=（）2-（）2=（+）（-）###0.1b0.6a0.1b0.6a0.1b0.6a
3909,如图从小华家去学校共有4条路第条路最近理由是###③两点之间线段最短
3910,函数f（x）=sin2x的最小正周期是###π
3913,如图在中为对角线边上的高为4则图中阴影部分的面积为###12
3914,1.-2.6的相反数是绝对值是倒数是2.将98200用科学计数法表示5.69289精确到0.01后约是3.-3a5bc的系数是次数是-a2bc+3a3b2+2abc+a7-2的最高次项是常数项是4.已知：方程4-x=2（x-1）与\(\frac{mx+3}{5}=x-1\)解相同则m=5.根据“x与y的平方和”可列出代数式根据“x的45%比y的2倍小7”可列出方程###2.62.6\(-\frac{5}{13}\)\(9.82\times{10}^{4}\)5.69-37\({a}^{7}\)-21\({x}^{2}+{y}^{2}\)45%x=2y-7
3917,1.当x=时代数式2x+3与6-4x的值相等2.某市一县城为鼓励居民节约用水对自来水用户按分段计费方式收取水费：若每月用水不超过7立方米则按每立方米1元收费；若每月用水超过7立方米则超过部分按每立方米2元收费如果某居民户今年5月缴纳了17元水费那么这户居民今年5月的用水量为立方米。3.在一次主题为“学会生存”的中学生社会实践生活中春华同学为了锻炼自己他通过了解市场行情以每件6元的价格从批发市场购进若干件印有2008北京奥运标志的文化衫到自由市场去推销当销售完30件之后销售金额达到300元余下的每件降价2元很快推销完毕此时销售金额达到380元春华同学在这次活动中获得纯收入元。4.关于x的方程\(\frac{1}{3}x=5-k\)的解是x=-3则k=5.已知a2+3a=1则代数式2a2+6a﹣1的值为###\(\frac{1}{2}\)1214061
3919,若a-b+c=0（a不等于0）则方程a\({x}^{2}\)+bx+c=0必有一个根是###-1
3921,若\(\sqrt{x+2}\)在实数范围内有意义则实数\(x\)的取值范围是###\(x\geqslant-2\)
3923,“斐波那契数列”是数学史上的一个著名的数列在斐波那契数列\(\{{an}\}\)中\({a1}=1\)\({a2}=1\)\({a{n+2}}={an}+{a{n+1}}\)\(\left({n\in{N^*}}\right)\)设数列\(\{{an}\}\)的前\(n\)项和为\({Sn}\)若\({a{99}}=\lambda\)\({S{99}}=\mu\)\(\left({\lambda\mu\inR}\right)\)则\({a{100}}=\)###\(\mu-\lambda+1\)
3924,二次函数y＝x2＋4x－3的最小值是###-7
3926,根据不等式的基本性质将“mx＜3”变形为“x＞”那么m的取值范围是###m＜0
3927,1.某村庄和小学校分别位于两条交叉的大路边可是每年冬天麦田里总会走出一条小路来（如图）这是因为?size=9602.在直线m上取三点A、B、C其中AB=16BC=3则AC###两点之间，线段最短。13或19
3930,如图在中于于若的周长为40则平行四边形的面积为###48
3931,在四边形中如果添加一个条件即可推出该四边形是矩形那么这个条件可以是###例如
3933,小刚、小强两人进行百米赛跑小刚比小强跑得快如果两人同时跑小刚肯定赢现在小刚让小强先跑若干米图中的射线分别表示两人跑的路程与小刚追赶时间的关系根据图象判断：小刚的速度比小强的速度每秒快###2.5
3938,直角三角形中一个锐角α与另一个锐角β之间的关系式为###α+β=90°
3941,3.2的相反数是倒数是绝对值是###-3.2\(\frac{5}{16}\)3.2
3943,抛物线y²=4x上到其焦点的距离为1的点的个数为###详见答案
3944,下图中△ABC为等腰三角形AC=ABCD=BD则线段AD为###中线，高线，角平分线
3945,1.标价为ｘ元的某件商品按标价八折出售仍盈利ｂ元已知该件商品的进价是ａ元则ｘ＝元.2.若m=n﹣5则5m﹣5n+5###\(\frac{5}{4}a+\frac{5}{4}b\)-20
3947,按先后顺序抛两枚均匀的硬币则出现一正一反的概率为###\(\frac{1}{2}\)
3948,将一副直角三角板按如图位置摆放使含60°角的三角板的较短直角边和含45°角的三角板的一条直角边重合则∠1＝###75
3949,中国“一带一路”倡议给沿线国家和地区带来很大的经济效益沿线某地区居民2017年年人均收入300美元预计2019年年人均收入将达到y美元.设2017年到2019年该地区居民年人均收入平均增长率为x那么y与x的函数关系式是###y=300（x+1）²
3950,在平面直角坐标系中把A（1）绕原点顺时针旋转90°得到P1则P1坐标是###（1，-）
3952,如图∠ACB=90º∠A=40ºBD=CD∠DCE=90º则∠ACE=###50°
3953,已知函数\(f\left(x\right)={\loga}x\left({a>0a\ne1}\right)\)在\(\left[{14}\right]\)上的最大值与最小值的和是2则\(a\)的值为###\(2\)
3955,若则代数式的值为###6
3956,如图∠AOB的一边OA为平面镜∠AOB=37°36′在OB上有一点E从E点射出一束光线经OA上一点D反射（其中∠ODE=∠ADC）反射光线DC恰好与OB平行则∠DEB的度数是###75°12′
3957,"用列举法表示集合A＝{x|x∈Z8/6-x∈N}＝###{5,4,2，－2}"
3958,比较大小：\(-\frac{1}{3}\)\(-\frac{1}{4}\)###\(<\)
3959,函数\(f(x)\)的定义域为\([-11)\)其图象如图所示函数\(g(x)\)是定义域为\(R\)的奇函数满足\(g(2-x)+g(x)=0\)且当\(x\in(0{\kern1pt}{\kern1pt}1)\)时\(g(x)=f(x)\)给出下列三个结论：①；②函数\(g(x)\)在\((-1{\kern1pt}{\kern1pt}{\rm{5)}}\)内有且仅有\({\rm{3}}\)个零点；③不等式\(f\left({-x}\right)<0\)的解集为\(\{x|-1<x<0\}\)其中正确结论的序号是注：本题给出的结论中有多个符合题目要求。全部选对得5分不选或有错选得分其他得3分###详见答案
3961,将点A（-21）向右平移5个单位长度得到的点B在第###一
3963,函数f（x）的定义域为[-11）其图象如图所示函数g(x)是定义域为R的奇函数满足g（2-x）+g（x）=0且当x∈（01）时g（x）=f（x）给出下列三个结论：①g（0）=0；②函数g（x）在（-15）内有且仅有3个零点；③不等式f（-x）＜0的解集为{x|-1＜x＜0}其中正确结论的序号是注：本题给出的结论中有多个符合题目要求。全部选对得5分不选或有错选得0分其他得3分###详见答案
3967,函数y=\(\sqrt{{x}^{2}-4}的定义域是\)###\(（-\infty，-2】\cup【2，+\infty）\)
3968,"1.-2.2的相反数是绝对值是倒数是2.绝对值不大于2.1的整数是3.387000用科学记数法表示是6.94精确到0.1后约是4.在数轴上与表示-1的点距离3个单位长度的点所表示的数是5.\(-\frac{2}{7}\)a2bc3的系数是次数是6.多项式−1+2x2y−x3+2x2yz是次项式7.一件商品售价80元获利60%则进价是元8.已知：\(\frac{1}{3}\frac{4}{5}\frac{9}{7}\frac{16}{9}\cdots\cdots\)则第八个数是9.已知x=2是关于x的方程2ax-1=3则a###2.22.2\(-\frac{5}{11}\)\(\pm2，\pm1,\,\,\,\,0\)\(3.87\times{10}^{5}\)6.9-4，2\(-\frac{2}{7}\)64450\(\frac{64}{17}\)1"
3969,如图在Rt△ABC中∠ABC=90ºD、E、F分别为AC、AB、BC的中点若BD=10则EF=###10
3970,"已知点\(A(01)B(25)C(x-3)\)则向量\(\overrightarrow{AB}\)的坐标是；若\(ABC\)三点共线则实数\(x=\)###\(\left({2,4}\right)\)-2"
3971,在平面内若直线a∥ba⊥c则直线b与c的位置关系为###垂直
3973,如图平分平分则的度数为###40°
3974,已知函数y=\(\frac{{x}^{2}+x+4}{x}\)\((x>0)\)的最小值###5
3978,函数\(y=9-4{x}^{2}\)当x=时y有最大值###09
3982,在数学课上老师提出如下问题：小明的作法如下：老师说：“小明的作法正确。”请回答：小明的作图依据是###对边相等的四边形是平行四边形
3985,已知反比例函数若该反比例函数的图象与直线y＝kx＋4（k≠0）只有一个公共点则函数y=kx2－2x＋1的最大值是y###－2
3986,画线段AB；延长线段AB到点C使BC=2AB；反向延长AB到点D使AD=AC则线段CD###6
3988,为了解某一路口某一时段的汽车流量小明同学10天中在同一时段统计通过该路口的汽车数量（单位：辆）将统计结果绘制成如下折线统计图：由此估计一个月（30天）该时段通过该路口的汽车数量超过200辆的天数共###12
3989,在等差数列中已知a​4​+a​​6​​​=12则s​9​​​###54
3990,若不等式组有解则m的取值范围是###m＜2
3992,已知向量\(a=(23)b=(4-3)\)则向量\(a\)在\(b\)方向上的投影为###1/5
3996,植树时要确定一行树的位置只需确定这一行树中任两棵树的位置其中体现的数学道理是###两点确定一条直线
3997,如图在△ABC中AB=ACAD⊥BC垂足为DE是AC的中点若DE=7则AB的长为‎###14
