7,在平面直角坐标系中下列四个点在直线上的是
8,用“加减消元法”将方程组中的消去后可以得到的方程是
13,如图1△ABC中∠C=90°AB的垂直平分线交AC于点D连接BD.若AC=2BC=1则线段BD的长为?size=960
14,分式方程的解是
18,下列方程组中是二元一次方程组的是
20,如图所示小明和小龙做转陀螺游戏他们同时分别转动一个陀螺当两个陀螺都停下来时与桌面相接触的边上的数字都是奇数的概率是
21,如果函数y=kx+b(k≠0)的图象在第一、二、三象限那么函数y=kx²+bx+1的图象大致为
32,3的倒数是
42,将分式方程转化为一元一次方程时方程两边需同乘
46,已知数列中则
47,我国明代著名数学家程大位的《增删算法统宗》记载“绳索量竿”问题：“一条竿子一条索索比竿子长一托.折回索子却量竿却比竿子短一托.”其大意为：现有一根竿和一条绳索用绳索去量竿绳索比竿长5尺；如果将绳索对半折后再去量竿就比竿短5尺.设竿长为x尺根据题意列一元一次方程正确的是
52,某校九年级共有1、2、3、4四个班现从这四个班中随机抽取两个班进行一场篮球比赛则恰好抽到1班和2班的概率是
61,下列方程组中是二元一次方程组的是
71,下列各式中能用完全平方公式分解因式的是
86,某蓄水池的横断面示意图如下图所示分深水区和浅水区如果这个注满水的蓄水池以固定的流量从底部把水全部放出下面的图象能大致表示水的深度h和放水时间t之间的关系的是
87,从边长为的正方形内去掉一个边长为的小正方形（如图1）然后将剩余部分剪拼成一个矩形（如图2）上述操作所能验证的等式是
88,如图已知BC是圆柱底面的直径AB是圆柱的高.一只蜗牛从A点出发绕圆柱的侧面爬行到C点再回到A点时所爬过的最短路线的痕迹如图所示.若将圆柱侧面沿AB剪开所得的圆柱侧面展开图是
112,如图所示在矩形纸片中为边上两点且；为边上两点且沿虚线折叠使点落在点上点落在点上；然后再沿虚线折叠使落在点上点落在点上叠完后剪一个直径在上的半圆再展开则展开后的图形为
114,如图1△ABC中AB的垂直平分线交AC于点D连接BD.若AC=2BC=1则线段BD的长为
119,已知那么下列式子正确的是
121,下表是一项试验的统计数据表示皮球从高处落下时弹跳高度的关系.下面式子中正确表示这种关系的是
126,下列运算正确的是
132,如图在△ABC中DE∥BCAD=6DB=3则的值为
143,下列各项中同一函数的是
148,若α是第二象限角为其终边上一点且则sinα的值
151,如图右面的平面图形绕直线l旋转一周可以得到的立体图形是
153,若则sin2α＝
163,如图在等边三角形ABC中AB=2动点P从点A出发沿三角形边界按顺指针方向匀速运动一周点Q在线段AB上且满足AQ+AP=2设点P运动的时间为xAQ的长为y则y与x的函数图像大致是
165,若为一次函数则的取值是
177,下列各式是最简二次根式的是
186,将一个直角三角形绕它的最长边（斜边）旋转一周得到的几何体为
187,数轴上ab两点的位置如下图所示下列说法正确的是
198,已知满足方程组当取不同数值时那么之间一定成立的关系式是
200,王叔叔自驾车上班开始时匀速行驶途中因交通拥堵有一段时间无法行驶拥堵结束后为了赶时间提高了速度.下面图描述的是王叔叔上班途中的情况
212,已知数列满足则的前10项和等于
218,用科学记数法表示0.000567正确的是
219,用三角板作△ABC的边BC上的高下列三角板的摆放位置正确的是
220,在边长为a的正方形中挖去一个边长为b的小正方形（a＞b）（如图1）把余下的部分拼成一个长方形（如图2）根据两个图形中阴影部分的面积相等可以验证
226,在一个不透明的袋中装有3个红球和1个白球这些球除颜色外其余都相同搅匀后从中随机一次摸出两个球这两个球都是红球的概率是
230,下列图中是太阳光下形成的影子是
238,用配方法解一元二次方程时下列变形正确的是
249,如图正方形ABCD边长为1从某时刻起将线段AB、BC、CD、DA分别绕点A、B、C、D顺时针旋转相同角度若旋转后的四条线段所围成的封闭图形面积为则
250,已知则的值是
252,若偶函数f(x)在(-∞-1]上是增函数则下列关系式中成立的是
260,已知α∈(0π)若则sin2α＝
272,下列实数中是无理数的是
274,下列运算中正确的是
283,有一个长方形长为25宽为15在四个角上截去四个相同的小正方形然后把四个角折起来做成一个底面积为231的无盖长方体盒子求截去的小正方形的边长是多少？若设截去的小正方形的边长为x则可列方程为
291,若tanθ=0.8972用科学计算器求锐角θ的度数的正确按键顺序是
303,下列各图中∠1与∠2是对顶角的是
304,下列各式从左到右的变形正确的是
305,在△ABC中∠ABC＜20°三边长分别为abc.将△ABC沿直线BA翻折得到△ABC1；然后将△ABC1沿直线BC1翻折得到△A1BC1；再将△A1BC1沿直线A1B翻折得到△A1BC2；…….在翻折15次后所得图形的周长为
310,如图将沿方向向右平移得到若的周长为则四边形的周长为
313,如图所示的阴影部分是由x轴直线x=1以及曲线围成现向矩形区域OABC内随机投掷一点则该点落在阴影区域的概率是
316,已知k＞0那么函数的图象大致是
326,如图点的坐标为点是轴正半轴上的一动点以为边作等腰使设点的横坐标为点的纵坐标为能表示与的函数关系的图象大致是
335,某学生离家去学校由于怕迟到所以一开始就跑步等跑累了再走余下的路程.在下图中纵轴表示离学校的距离横轴表示出发后的时间则下图中的四个图形中较符合该学生走法的是
338,在如图所示的四个汽车标志图案中能用平移变换来分析其形成过程的图案是
339,若有意义则x应满足的条件是
340,如图这个几何体是由哪个图形绕虚线旋转一周形成的
344,比较两个数的大小下列式子中错误的是
345,在一个晴朗的上午乐乐拿着一块长方形木板在地面上形成的投影中不可能的是
347,在中若点D满足则有
359,计算结论正确的是
361,化简二次根式的结果是
363,如图在平面直角坐标系中点P在单位圆上的弧上角以为始边为终边则以下关系正确的是
366,在平面直角坐标系中二次函数的图象可能是
367,下列计算过程正确的是
370,妈妈为女儿做了一个正方体礼品盒（如右图）六个面上各有一个字连起来就是“预祝中考成功”其中“祝”的对面是“考”“成”的对面是“功”则它的平面展开可能是
374,a为有理数下列式子成立的是
393,下列方程是一元二次方程的是
394,不等式x≤2的解集在数轴上表示为
395,下列图形是轴对称图形的是
398,如图所示在一幅长宽的矩形风景画的四周镶一条金色纸边制成一幅矩形挂图如果要使整幅挂图的面积是设金色纸边的宽为那么满足的方程是
403,把二次函数y=x²-2x+4化为y=a(x-h)²+k的形式下列变形正确的是
406,如图是一个骰子的四幅展开图第四幅展开图中缺少圆点“？”处填涂正确的是
413,的计算结果是
416,如图四幅图象分别表示变量之间的关系请按图象的顺序将下面的四种情境与之对应排序.①②③④运动员推出去的铅球（铅球的高度与时间的关系）静止的小车从光滑的斜面滑下（小车的速度与时间的关系）一个弹簧由不挂重物到所挂重物的质量逐渐增加（弹簧的长度与所挂重物的质量的关系）小明从A地到B地后停留一段时间然后按原速度原路返回（小明离A地的距离与时间的关系）正确的顺序是
418,如图1正方形的边长为1动点从正方形的顶点出发沿着正方形的边长运动设点移动的路程为的面积为表示与之间函数关系的图象大致如图2所示则在以下四个选项中点的运动路线为.图1图2
422,命题的否定为
430,下列计算中正确的是
433,若函数在区间[a2a]上的最大值是最小值的3倍则的值为
438,若反比例函数的图象经过点（3-2）则该反比例函数的表达式为
443,函数的图像一定经过下列四个点中的
454,不等式≤的解集在数轴上表示正确的是
458,下列各式去括号正确的是
463,掷两次1元硬币至少有一次正面（币值一面）朝上的概率是
465,已知函数的部分图象如图所示则函数图象的一个对称中心是
466,用数轴表示不等式2-x>0解集正确的是
472,下列计算正确的是
476,下列图形中是中心对称图形的是
483,如图一只蚂蚁以均匀的速度沿台阶爬行那么蚂蚁爬行的高度随时间变化的图象大致是
484,是以下哪个一元二次方程的解
490,对式子进行配方变形正确的是
492,下列软件图标中是轴对称图形的是
493,如图△ABC中∠A=78°AB=4AC=6将△ABC沿图示中的虚线剪开剪下的阴影三角形与原三角形不相似的是
494,二次函数的图象上最低点的坐标是
497,下列函数中的偶函数是
504,定义运算若则下列等式中不正确的是
506,如果函数的图像关于点中心对称那么的最小值为
511,三个数的大小关系是
520,下列是我国四座城市的地铁标志图其中是中心对称图形的是
521,将分式方程转化为一元一次方程时方程两边需同乘
522,如图在中则下列说法中正确的是
523,在等边三角形、平行四边形、矩形、等腰直角三角形这些几何图形中既是中心对称图形又是轴对称图形的是
528,如图圆弧型声波DFE从坐标原点O向外传播若D是DFE弧与x轴的交点设OD=x（0≤x≤a）圆弧型声波DFE在传播过程中扫过平行四边形\(OABC\)的面积为y（图中阴影部分）则函数y=f（x）的图象大致是
543,下列各式与是同类二次根式的是
544,用图中两个可自由转动的转盘做“配紫色”游戏：分别旋转两个转盘若其中一个转出红色另一个转出蓝色即可配成紫色那么可配成紫色的概率是
546,已知向量则与向量同方向的单位向量是
547,下列标志是轴对称图形的是
548,数据显示2015年全国新建、改扩建校舍约为51660000平方米全面改善贫困地区义务教育薄弱学校基本办学条件工作取得明显成果.将数据51660000用科学记数发表示应为.[来源:Z+xx+k.Com]
551,如图：直角三角形纸片的两直角边长分别为68现将如图那样折叠使点与点重合折痕为则的值是
552,如图在中是形内任意一点.的面积分别为.则一定成立的是()
555,下列标志是轴对称图形的是
558,老北京的老行当中有一行叫做“抓彩卖糖”：商贩将高丽纸裁成许多小条用矾水在上面写上糖的块数最少一块多的是三块或五块再将纸条混合一起游戏时叫儿童随意抽取一张然后放入小水罐中浸湿即现出白道儿按照上面的白道儿数给糖一个商贩准备了10张质地均匀的纸条其中能得到一块糖的纸条有5张能得到三块糖的纸条有3张能得到五块糖的纸条有2张从中随机抽取一张纸条恰好是能得到三块糖的纸条的概率是
567,用代数式表示“m的3倍与n的差的平方”正确的是
573,已知α是第二象限角那么tanα的值等于
585,下列4个图形中线段BE是△ABC的高的是
588,在同一平面直角坐标系中函数y=mx+m与y=（m≠0）的图象可能是
596,清明节是中国传统节日它不仅是人们远足踏青的日子更是祭奠祖先、缅怀先人的节日。市民政局提供的数据显示今年清明节当天全市213处祭扫点共接待群众264000人将264000用科学计数法表示应为
602,如果函数的图象在第一、二、三象限那么函数的图象大致为
604,小明在书上看到了一个实验：如右图一个盛了水的圆柱形容器内有一个顶端拴了一根细绳的实心铁球将铁球从水面下沿竖直方向慢慢地匀速向上拉动.小明将此实验进行了改进他把实心铁球换成了材质相同的别的物体记录实验时间t以及容器内水面的高度h并画出表示h与t的函数关系的大致图象.如左下图所示.小明选择的物体可能是
607,如图所示将矩形纸片先沿虚线按箭头方向向右对折对折后的纸片沿虚线向下对折然后剪下一个小三角形再将纸片打开则打开后的展开图是
608,如图所示将两个圆柱体紧靠在一起从上面看这两个立体图形得到的平面图形是
611,下面每个表格中的四个数都是按相同规律填写的：根据此规律确定x的值为
615,在平面直角坐标系中第1个正方形ABCD的位置如图所示点A的坐标为（10）点D的坐标为（02）延长CB交x轴于点A1作第2个正方形A1B1C1C；延长C1B1交x轴于点A2作第3个正方形A2B2C2C1…按这样的规律进行下去第2011个正方形的面积为
618,在一段坡路小明骑自行车上坡的速度为每小时千米下坡时的速度为每小时千米.小明从坡底骑到坡顶再回到坡底则他在这段时间的平均速度是每小时千米
620,下列运算正确的是
630,下列从左到右的变形属于因式分解的是
631,在平面直角坐标系中点关于一、三象限角平分线的对称点坐标为
645,三张外观相同的卡片分别标有数字1、2、3从中随机一次抽出两张这两张卡片上的数字恰好都小于3的概率是
654,已知函数的图像与直线y=2的两个相邻交点的距离等于π则f(x)的单调递增区间是
658,已知一次函数则该函数图像一定经过的点是
659,如图点ABCDE为⊙O的五等分点动点M从圆心O出发沿线段OA→劣弧AC→线段CO的路线做匀速运动设运动的时间为t∠DME的度数为y则下列图象中表示y与t之间函数关系最恰当的是
660,下列投影不是中心投影的是
667,已知长方形的面积为20cm2设该长方形一边长为ycm另一边的长为xcm则y与x之间的函数图象大致是
675,不等式2x-3>1的解集在数轴上表示正确的是
676,用4700张纸装订成两种挂历500本其中甲种每本7张纸乙种每本13张纸.若甲种挂历有x本乙种挂历有y本则下面所列方程组正确的是
685,每年的3.12日是植树节某校七年级有120名学生参加植树节活动在活动中男生平均每人挖2个树坑女生平均每人种5课树这样恰好能使挖好的树坑都能种上树如果设该年级参加植树的男生和女生各有x和y人那么可列二元一次方程组为
690,如图所示四幅图中灯光与影子的位置最合理的是
691,已知且则等于
696,有理数ab在数轴上的位置如图所示那么下列结论中正确的是
701,下列式子中是分式的是
703,已知点（11）在反比例函数（k为常数k≠0）的图象上则这个反比例函数的大致图象是
708,则tanθ等于
711,如图所示在中将绕BC中点D逆时针旋转到使得点C恰好在线段EG上则EC
721,京剧被誉为我国国粹为传承民族文化房山区某中学开展了“京剧进课堂”的实践活动学生们制作了各式各样的脸谱.下列脸谱中不是轴对称图形的是
725,把分解因式得
726,函数的图象的一个对称中心是
731,下列几何体中主视图和俯视图都为矩形的是
735,如果那么的值等于
749,下列计算中正确的是
759,下列交通标志是轴对称图形的是
760,若代数式在实数范围内有意义则的取值范围是
761,已知则的部分图象大致为
771,下列App图标中既不是中心对称图形也不是轴对称图形的是
772,下列四个几何体中是圆锥的为
774,若有意义则应满足的条件是
776,在十九大召开期间“十九大”“习近平”“总书记”最受新闻网站关注。据统计关键词“十九大”在1.3万个网站中产生数据174000条。将174000用科学记数法表示为
781,下列计算中正确的一项是
782,二元一次方程有无数多个解下列四组数中不是该方程的解的是
785,下列图形中有可能是等腰三角形的是
786,下列图形中对称轴数量最多的是
790,下列二次根式中不能与合并的是
798,某洗衣机在洗涤衣服时经历了注水、清洗、排水三个连续过程（工作前洗衣机内无水）在这三个过程中洗衣机内水量y（升）与时间x（分）之间的函数关系对应的图象大致为
809,汽车经过启动、加速行驶、匀速行驶、减速行驶之后停车若把这一过程中汽车的行驶路程看作时间的函数其图象可能是
823,设是等比数列则
824,下列计算正确的是
825,下列图象中是函数图象的是
831,骰子是一种特殊的数字立方体（见右图）它符合规则：相对两面的点数之和总是7下面四幅图中可以还原成符合规则的骰子的是
834,若抛物线（m是常数）与直线有两个交点且这两个交点分别在抛物线对称轴的两侧则的取值范围是
844,如图为了测量某条河的宽度现在河边的一岸边任意取一点A又在河的另一岸边取两点B、C测得∠α=30°∠β=45°量得BC长为80米如果设河的宽度为x米那么下列关系式中正确的是
849,若直线与的交点在轴上那么等于
854,二次函数的图象如图所示根据图象可得与0的大小关系是
855,下图是几种汽车轮毂的图案图案绕中心旋转90°后能与原来的图案重合的是
863,方程组的解是
880,下列函数图像中属于轴对称图形且对称轴与y轴平行的是
893,下列各式由左边到右边的变形中是因式分解的是
898,在一次函数上若随的增大而减小则的取值范围是
901,下列运用等式性质进行的变形正确的是
904,如图已知在Rt△ABC中AB=AC=2在△ABC内作第一个内接正方形DEFG；然后取GF的中点P连接PD、PE在△PDE内作第二个内接正方形HIKJ；再取线段KJ的中点Q在△QHI内作第三个内接正方形…依次进行下去则第n个内接正方形的边长为
905,下列函数中不是偶函数的是
907,下列各式中能用平方差公式分解因式的是
908,下列几何体中主视图、左视图和俯视图完全相同的是
921,据中国电子商务研究中心监测数据显示2016年第一季度中国轻纺城的商品成交额达27800000000元将27800000000用科学记数法表示为
923,函数的部分图像如图所示则f(x)的单调递减区间为
928,如果分式的值为0则的值是
936,下列函数中最小正周期为π且图象关于直线对称的是
937,如图所示的图形面积由以下哪个公式表示
941,下列各式计算正确的是
943,观察下图把下面的图形绕着给定的直线旋转一周后可能形成的几何体是
945,下列图形中表示一次函数与正比例函数（、为常数且）的图像是下图中的
947,张老师在黑板上画出了如图所示的函数图象四位同学分别写出了表达式其中正确的是()?size=960
954,已知是三角形的内角则的值为
957,如图在平面直角坐标系中点A1、A2、A3…是x轴正半轴上的点且OA1=A1A2=A2A3=…分别过点A1、A2、A3…作y轴的平行线交反比例函数（x＞0）的图象于点B1、B2、B3…则△AnBnBn+1的面积等于
958,下列函数图像中属于轴对称图形且对称轴与y轴平行的是
964,均匀地向一个容器注水最后把容器注满在注水过程中水面高度随时间的变化规律如图所示（图中为一折线）则这个容器的形状为
965,如图在平面直角坐标系中一次函数与线段有公共点则的取值范围是
966,把二次函数化为的形式下列变形正确的是
967,通州区大运河森林公园占地面积10700亩是北京规模最大的滨河森林公园将10700用科学计数法表示为
971,下列变形中正确的是
973,下列各式中是最简二次根式的是
974,矩形草坪中如图所示的阴影部分计划铺设两条小路路的两边互相平行依照图中标注的数据则剩余草坪的面积为
979,若为一次函数则m的取值是
987,计算的结果是
990,在下列图形中∠1和∠2是对顶角的是
995,在Rt△ABC中∠C=90°sinB=则tanA的值是
998,下图是由几个相同的正方体搭成的一个几何体从上面看得到的平面图形是
1007,平面上OAB三点不共线设则△OAB的面积等于
1018,一个直角三角形的周长为2P其斜边长的最小值
1019,用符号表示“点A在直线l上直线l在平面α外”正确的是
1023,某工件的三视图如图所示现将该工件通过切割加工成一个体积尽可能大的长方体新工件并使新工件的一个面落在原工件的一个面内则原工件材料的利用率为（材料利用率=）
1029,如图有一个水平放置的透明无盖的正方体容器容器高8cm将一个球放在容器口再向容器内注水当球面恰好接触水面时测得水深为6cm如果不计容器的厚度则球的体积为
1033,如图根据计算长方形ABCD的面积可以说明下列哪个等式成立
1035,设集合集合则
1043,一件工作甲单独完成需要a天乙单独完成需要b天如果甲、乙二人合作那么每天的工作效率是
1044,若则下列不等式恒成立的是
1047,在△ABC中∠C=90°若AB=3BC=1则SinA的值为
1050,已知O是△ABC所在平面内一点D为BC中点且则
1056,若直线与平面内的一条直线平行则和的位置关系是
1060,如图左面的平面图形绕直线l旋转一周可以得到的立体图形是
1067,某商品原售价289元经过连续两次降价后售价为256元.设平均每次降价的百分率为则下面所列方程中正确的是
1074,阳光书店举行促销活动促销的方法是：消费超过100元时所购买图书按原价打8折后再减20元。若某套图书的原价为x元（x＞100）则购买该套图书实际需付款元
1075,某几何体的三视图如图所示则它的体积为
1076,下列函数中最小值为4的是
1083,棱长都是1的三棱锥的表面积为
1089,实数abc在数轴上的对应点的位置如图所示如果a+b=0那么下列结论正确的是
1091,一条光线从点（-2-3）射出经轴反射后与圆（x+3）²+（y-2）²=相切则反射光线所在直线的斜率为
1093,下列四个图中能用∠1、∠AOB、∠O三种方法表示同一个角的是
1099,在△ABC中若则最大角的余弦是
1102,在△ABC中若A=2B则a等于
1106,如图在正方形网格中记∠ABD＝α∠DEF＝β∠CGH＝γ则
1109,小华家要进行室内装修设计师提供了如下四种图案的地砖爸爸希望灰白两种颜色的地砖面积比例大致相同那么下面最符合要求的是
1114,如图在△ABC中DE∥BCAD=6DB=3则的值为
1116,2017年6月北京国际设计周面向社会公开征集“二十四节气”标识系统设计以期通过现代设计的手段尝试推动我国非物质文化遗产创新传承与发展下面四幅作品分别代表“立春”、“芒种”、“白露”、“大雪”其中是轴对称图形的是
1117,在Rt△ABC中∠C=90°若sinA=则cosB的值是
1120,如图为了测量河对岸AB两点之间的距离测量者从点C处可以观察到点AB从点D处可以观察到点AC从点E处可以观察到点BC.测量得到图中一些数据其中∠ACB=30°∠ACD=∠BCE=90°∠ADC=60°∠BEC=45°CD=30mCE=40m那么AB两点之间的距离是
1122,不等式的解集是
1129,已知圆O的半径为1PAPB为该圆的两条切线AB为切点那么的最小值为
1130,已知双曲线x²-4y²=4则其顶点到其渐近线的距离等于
1131,以下列各组数为边长不能构成直角三角形的是
1155,利用三角函数的单调性比较下列各组三角函数值其中正确的是
1158,下列图形能折叠成三棱柱的是
1159,下列命题中是真命题的是
1160,2016九上丰台期末
1164,下列各式中是最简二次根式的是
1172,北京2022年冬奥会会徽是以汉字“冬”为灵感来源设计的在下面右侧的四个图中能由下图经过平移得到的是
1178,我国古代数学著作《增删算法统宗》记载”绳索量竿”问题：“一条竿子一条索索比竿子长一托折回索子却量竿却比竿子短一托“其大意为：现有一根竿和一条绳索用绳索去量竿绳索比竿长5尺；如果将绳索对半折后再去量竿就比竿短5尺设绳索长x尺竿长y尺则符合题意的方程组是
1185,已知集合则
1205,实数abcd在数轴上的对应点的位置如图所示.若b+d=0则下列结论中正确的是
1209,若集合则下列结论正确的是
1210,设向量为单位向量且若则k
1223,已知是平面是直线则下列命题不正确的是
1224,《九章算术》是中国古代数学专著《九章算术》方程篇中有这样一道题：“今有善行者行一百步不善行者行六十步今不善行者先行一百步善行者追之问几何步及之？”这是一道行程问题意思是说：走路快的人走100步的时候走路慢的才走了60步；走路慢的人先走100步然后走路快的人去追赶问走路快的人要走多少步才能追上走路慢的人？如果走路慢的人先走100步设走路快的人要走x步才能追上走路慢的人那么下面所列方程正确的是
1233,已知集合若则实数a的取值范围是
1234,中国传统扇文化有着深厚的底蕴下列扇面图形既是轴对称图形又是中心对称图形的是
1241,是平面内一组基底则下面四组向量中不能作为一组基底的是
1245,正方体的棱长和外接球的半径之比为
1249,下列等式中使点M与点ABC一定共面的是
1253,已知为第三象限角则下列判断正确的是
1270,近几年手机支付用户规模增长迅速据统计2015年手机支付用户约为3.58亿人连续两年增长后2017年手机支付用户达到约5.27亿人如果设这两年手机支付用户的年平均增长率为x则根据题意可以列出方程为
1279,过点P(－√3－1)的直线l与圆x2＋y2＝1有公共点则直线l的倾斜角的取值范围是
1284,将一副直角三角尺按如图所示的不同方式摆放则图中相等的是
1286,根据制定中的通州区总体规划将通过控制人口总量上限的方式努力让副中心远离“城市病”。预计到2035年副中心的常住人口规模将控制在130万人以内初步建成国际一流的和谐宜居现代化城区。130万用科学记数法表示为
1295,在同一平面直角坐标系中函数y=ax2+bx与y=ax-b的图象可能是
1300,不等式组的解集在数轴上表示正确的是
1321,下列各式进行的变形中不正确的是
1322,在△ABC中AB＝2BC＝1.5∠ABC＝120°若使△ABC绕直线BC旋转一周则所形成的几何体的体积是
1327,已知abc分别为△ABC的三个内角ABC的对边向量m＝(2cosC－1－2)n＝(cosCcosC＋1).若m⊥n且a＋b＝10则△ABC周长的最小值为
1345,点G为△ABC的重心（三边中线的交点）设则等于
1347,中点为边的中点点为边的中点交于点若则等于
1348,已知集合则
1352,已知正四棱柱中则CD与平面所成角的正弦值等于
1353,0如右图将长方形纸片先沿虚线AB按箭头方向向右对折接着将对折后的纸片沿虚线CD向下对折然后剪下一个小三角形再将纸片打开打开后的展开图是
1354,下列式子中是分式的是
1358,下列计算正确的是
1368,2019年中国北京世界园艺博览会上的妫汭剧场整体建筑像一只彩蝶在花海中翩翩起舞多彩的屋面与周围景观融为一体赏心悦目.为营造出绚烂的“彩蝶”效果屋面采用ETFE彩色膜结构.ETFE膜是一种厚度小于0.00022米呈透明形态的超薄膜结构透光率在20%至40%之间可以起到“透光不透视”的效果.将0.00022用科学记数法表示为
1369,平面上OAB三点不共线设则△OAB的面积等于
1374,下列命中正确的是
1379,用乘方的形式表示正确的是
1391,下列计算正确的是
1394,下列运算中正确的是
1398,将某不等式组的解集-1≤x＜3表示在数轴上下列表示正确的是
1404,在中国集邮总公司设计的2017年纪特邮票首日纪念戳图案中可以看作中心对称图形的是
1415,下列运算正确的是
1444,已知实数ab满足则
1446,如图在数轴上有点OABC对应的数分别是0abcAO=2OB=1BC=2则下列结论正确的是
1447,2016九上丰台期末
1449,2016九上丰台期末
1457,已知tanα=3那么tan（π+α）等于
1464,下列结论正确的是
1470,如图线段AB＝10cm点C为线段A上一点BC＝3cm点DE分别为AC和AB的中点则线段DE的长为
1473,在集合中任取一个偶数a和一个奇数b构成以原点为起点的向量从所有得到的以原点为起点的向量中任取两个向量为邻边作平行四边形记所有作成的平行四边形的个数为n其中面积不超过的平行四边形的个数为m则的值
1475,下列函数的图象不经过第一象限且y随x的增大而减小的是
1479,一元二次方程的解是
1492,下列图形中是中心对称图形但不是轴对称图形的是
1504,某几何体的三视图如图所示(单位：cm)则该几何体的体积(单位：cm3)是
1510,表示x、y两数的点在x轴上的位置如图所示则等于
1517,下列是一元一次方程的是
1518,如图下列结论正确的是
1519,设集合集合则
1533,在以下形状不规则的组件中图1不可能是下面哪个组件的视图
1535,如果是平面α内所有向量的一组基底那么下面命题正确的是
1539,下列实数中在2和3之间的是
1541,不等式的解集是
1547,江永女书诞生于宋朝是世界上唯一一种女性文字主要书写在精制布面、扇面、布帕等物品上是一种独特而神奇的文化现象下列四个文字依次为某女书传人书写的“女书文化”四个字其中基本是轴对称图形的是
1554,下列各式中运算正确的是
1561,若三点共线则有
1564,设P是△ABC所在平面内的一点则
1574,如图一个小球由静止开始沿一个斜坡向下滚动其速度每秒增加1.5m/s则小球速度y（单位：m/s）关于时间t（单位：s）的函数图象是
1576,2016九上丰台期末
1580,下列图形中既是中心对称图形也是轴对称图形的是
1582,中国古代人民很早就在生产生活种发现了许多有趣的数学问题其中《孙子算经》中有个问题：今有三人共车二车空；二人共车九人步问人与车各几何？这道题的意思是：今有若干人乘车每三人乘一车最终剩余2辆车若每2人共乘一车最终剩余9个人无车可乘问有多少人多少辆车？如果我们设有x辆车则可列方程
1588,下列集合中为空集的是
1590,2016九上丰台期末
1594,如图由四个正方体组成的几何体的左视图是
1595,在平行四边形ABCD中AC与BD交于点OE是线段OD的中点AE的延长线与CD交于点F若则
1603,下列计算正确的是
1604,生物学研究表明人体内某种细胞的形状可近似地看作球体它的直径约为0.00000156m.把0.00000156用科学记数法表示为
1605,《国家宝藏》节目立足于中华文化宝库资源通过对文物的梳理与总结演绎文物背后的故事与历史让更多的观众走进博物馆让一个个馆藏文物鲜活起来下面四幅图是我国一些博物馆的标志其中是中心对称图形的是
1609,数学家吴文俊院士非常重视古代数学家贾宪提出的“从长方形对角线上任一点作两条分别平行于两邻边的直线则所容两长方形面积相等（如图所示）”这一推论他从这一推论出发利用“出入相补”原理复原了《海岛算经》九题古证则下列说法不一定成立的是
1613,下列整式运算正确的是
1617,是定义在上的可导函数且满足对任意正数若a＜b则必有
1620,n的二项展开式中第m项的系数是
1623,空间几何体的三视图如图所示则此空间几何体的直观图为
1629,1.（2016西城一模）
1631,下列函数在（0+∞）递减的是
1643,某中学为了创建“最美校园图书屋”新购买了一批图书其中科普类图书平均每本书的价格是文学类图书平均每本书价格的1.2倍已知学校用12000元购买文学类图书的本数比用这些钱购买科普类图书的本数多100本那么学校购买文学类图书平均每本书的价格是多少元？设学校购买文学类图书平均每本书的价格是x元则下面所列方程中正确的是
1650,下列命题中正确的是
1655,已知函数f(x)是以2为最小正周期的周期函数且当时那么
1656,下列因式分解正确的是
1670,已知abc分别为△ABC的三个内角ABC的对边向量m＝(2cosC－1－2)n＝(cosCcosC＋1).若m⊥n且a＋b＝10则△ABC周长的最小值为
1672,如图在等腰直角△ABO中OA＝OB＝1C为AB上靠近点A的四等分点过C作AB的垂线lP为垂线上任一点
1673,画△ABC的高BE以下画图正确的是
1674,2016九上丰台期末
1679,下列运算正确的是
1682,下列各式中不相等的是
1686,下列运算正确的是
1690,下列代数式书写规范的是
1693,下列图形中既是轴对称图形又是中心对称图形的是
1696,下列多边形中内角和为720°的图形是
1703,tanαtanβ是一元二次方程x2+3x+4=0两根α、β∈（﹣0）则cos（α+β）等于
1704,如下图所示可表示函数的图象的只可能是
1710,下列电视台的台标是中心对称图形的是
1715,下面四幅图是我国一些博物馆的标志其中是中心对称图形的是
1731,下列四个集合中是空集的是
1732,不等式的解集是
1733,已知函数则的值为
1735,我国倡导的“一带一路”建设将促进我国与世界一些国家的互利合作根据规划“一带一路”地区覆盖总人口为4400000000人数4400000000用科学记数法表示为
1740,下列函数中既是偶函数又有最小值的是
1754,如图所示将两个圆柱体紧靠在一起从上面看这两个立体图形得到的平面图形是
1756,下列等式变形正确的是
1761,要得到函数的图象只要将函数y=sin2x的图象
1770,低碳环保理念深入人心共享单车已成为出行新方式下列共享单车图标是轴对称图形的是
1778,设全集U＝{123456}集合A＝{124}B＝{135}则下列Venn图中的阴影部分表示集合{35}的是
1781,若正实数满足则
1786,如果一个水平放置的平面图形的斜二测直观图是一个底角为45°腰和上底均为的等腰梯形那么原平面图形的面积是
1789,某礼品包装商店提供了多种款式的包装纸片将它们沿实线折叠（图案在包装纸片的外部内部无图案）再用透明胶条粘合就折成了正方体包装盒小明用购买的纸片制作的包装盒如右图所示在下列四种款式的纸片中小明所选的款式的是
1793,在平面直角坐标系xOy中若点P（34）在⊙O内则⊙O的半径r的取值范围是
1808,下面是入围2022年北京冬奥会会徽设计评选的四副作品的主体图案其中可以抽象为中心对称图形的是
1814,已知菱形ABCD的边长为a∠ABC＝60°则等于
1821,sin330°等于
1833,计算的结果是
1837,据广东省旅游局统计显示2016年4月全省旅游住宿设施接待过夜游客约27700000人将27700000用科学记数法表示为
1841,已知某四边形的两条对角线相交于点O动点P从点A出发沿四边形的边按A→B→C的路径匀速运动到点C设点P运动的时间为x线段OP的长为y表示y与x的函数关系的图象大致如右图所示则该四边形可能是
1852,设DEF分别为△ABC的三边BCCAAB的中点
1858,一个水平放置的平面图形的斜二测直观图是一个底角为45°腰长为1的等腰直角三角形则这个平面图形的面积是
1860,正方体ABCD-A1B1C1D1的棱长为1点M在AC1上且N为B1B的中点则为
1862,下列式子为最简二次根式的是
1876,已知集合则有实数a的所有可能的取值组成的集合为
1882,已知a>0函数f(x)＝ax²＋bx＋c若x0满足关于x的方程2ax＋b＝0则下列选项的命题中为假命题的是
1883,下列各式中从左到右的变形属于因式分解的是
1888,“瓦当”是中国古代用以装饰美化建筑物檐头的建筑附件其图案各式各样属于中国特有的文化艺术遗产下列“瓦当”的图案中是轴对称图形的为
1900,下列函数中对于任意x∈R同时满足条件的函数是
1919,中国古代在利用“计里画方”（比例缩放和直角坐标网格体系）的方法制作地图时会利用测杆、水准仪和照板来测量距离在如图所示的测量距离AB的示意图中记照板“内芯”的高度为EF.观测者的眼睛（图中用点C表示）与BF在同一水平线上则下列结论中正确的是
1920,点ABC和原点O在数轴上点ABC对应的有理数为abc若ab＜0a+b＞0a+b+c＜0那么以下符合题意的是
1932,下列各式中能用完全平方公式进行因式分解的是
1933,如图某工厂有甲.乙两个大小相同的蓄水池且中间有管道连通现要向甲池中注水若单位时间内的注水量不变那么从注水开始乙水池水面上升的高度h与注水时间t之间的函数关系图象可能是
1942,为丰富国民精神文化生活提升文化素养全国各地陆续开展全民阅读活动.现在的图书馆不单是人们学习知识的地方更是成为人们休闲的好去处.下列图书馆标志的图形中不是轴对称图形的是
1943,椭圆的离心率为
1947,我国古代数学著作《增删算法统宗》记载”绳索量竿”问题：“一条竿子一条索索比竿子长一托折回索子却量竿却比竿子短一托“其大意为：现有一根竿和一条绳索用绳索去量竿绳索比竿长5尺；如果将绳索对半折后再去量竿就比竿短5尺设绳索长x尺竿长y尺则符合题意的方程组是
1952,如图是一个物体的三视图则此物体的直观图是
1953,实数ab在数轴上的对应点的位置如图所示如果ab=c那么实数c在数轴上的对应点的位置可能是
1959,在R上定义运算若关于x的不等式的解集是的子集则实数a的取值范围是
1961,下列命题中正确的是
1962,如图所示几何体的左视图为
1964,下列结论正确的是
1966,在数轴上实数ab对应的点的位置如图所示且这两个点到原点的距离相等下列结论中正确的是
1968,用8个相同的小正方体搭成一个几何体从上面看它得到的平面图形如右图所示那么从左面看它得到的平面图形一定不是
1969,平行四边形ABCD中AC与BD交于点OE是线段OD的中点AE的延长线与CD
1973,曲线在点处的切线与坐标轴所围三角形的面积为
1975,下列运算中正确的是
1990,如图点ABCDE为⊙O的五等分点动点M从圆心O出发沿线段OA→劣弧AC→线段CO的路线做匀速运动设运动的时间为t∠DME的度数为y则下列图象中表示y与t之间函数关系最恰当的是
1992,某单位有15名成员其中男性10人女性5人现需要从中选出6名成员组成考察团外出参观学习如果按性别分层并在各层按比例随机抽样则此考察团的组成方法种数是
1999,下列图形中是中心对称图形但不是轴对称图形的是
2018,已知函数\(f(x)=(x-a)(x-b)\)（其中\(a>b\)）的图象如图所示则函数\(g(x)={a^x}+b\)的图象可以是
2031,点\(A\)\(B\)\(C\)和原点\(O\)在数轴上点\(A\)\(B\)\(C\)对应的有理数为\(a\)\(b\)\(c\).若\(ab<0\)\(a+b>0\)\(a+b+c<0\)那么以下符合题意的是
2045,一个水平放置的平面图形的斜二测直观图是一个底角为45°腰长为1的等腰直角三角形则这个平面图形的面积是
2063,下列几何体中是圆锥的为
2081,在下列手机屏幕解锁图案中为轴对称图形的是
2083,2016九上丰台期末
2088,如图将⊙O沿着弦AB翻折劣弧恰好经过圆心O如果弦AB=那么⊙O的半径长度为
2090,已知动点P在边长为2的正方形ABCD的边上沿着A→B→C→D运动x表示点P由A点出发所经过路程y表示△APD的面积则y与x的函数关系图象大致为
2091,如图由5个相同正方体组合而成的几何体它的主视图是
2099,如图在Rt△ABC中若AC=3BC=4则cosB的值是
2103,有理数在数轴上的对应点的位置如图所示把按照从小到大的顺序排列正确的是
2105,把用度、分、秒表示正确的是
2143,某几何体的三视图如图所示则它的体积为
2148,已知则它们大小关系正确的是‎
2171,圆心角为60°半径为1的弧长为
2193,下列轴对称图形中只有一条对称轴的是
2216,抛物线的对称轴为
2225,将方程移项后正确的是
2242,某几何体的三视图如图所示(单位：cm)则该几何体的体积(单位：cm3)是
2250,对任意且函数的图象经过的定点坐标为
2274,如图点P是菱形ABCD边上的一动点它从点A出发沿在A→B→C→D路径匀速运动到点D设△PAD的面积为yP点的运动时间为x则y关于x的函数图象大致为
2280,函数f(x)＝cos(ωx＋φ)的部分图象如图所示则f(x)的单调递减区间为
2286,下列运算中正确的是
2292,下列手机屏幕解锁图案中为轴对称图形的是
2336,如图在△ABC中DE//BCAD=3BDDE=3BC的长度为
2347,直线的倾斜角是
2348,某品牌电脑的成本为2400元售价为2800元该商店准备举行打折促销活动要求利润率不低于5%如果将这种品牌的电脑打x折销售则下列不等式中能正确表示该商店的促销方式的是
2354,如图匀速地向该容器内注水最后把容器注满在注水过程中容器内液面的高度h随时间t变化的函数图像最接近实际情况的是
2399,如图点P是菱形ABCD边上的一动点它从点A出发沿在A→B→C→D路径匀速运动到点D设△PAD的面积为yP点的运动时间为x则y关于x的函数图象大致为
2466,在△ABC中∠C=90ºAC=3BC=4则sinA的值为
2488,均匀地向一个容器注水最后把容器注满在注水过程中水面高度h随时间t的变化规律如图所示（图中OABC为一折线）这个容器的形状是图中
2489,已知函数的两个零点分别在区间（-10）和区间（12）内则实数的取值范围是
2498,如图由5个相同正方体组合而成的几何体它的主视图是
2506,在△ABC中点D、E分别为边AB、AC的中点则△ADE与△ABC的面积之比为
2514,据广东省旅游局统计显示2016年4月全省旅游住宿设施接待过夜游客约27700000人将27700000用科学记数法表示为
2544,《九章算术》是我国古代的数学名著书中有如下问题：“今有五人分五钱令上二人所得与下三人等.问各得几何.”其意思为“已知甲、乙、丙、丁、戊五人分5钱甲、乙两人所得与丙、丁、戊三人所得相同且甲、乙、丙、丁、戊所得依次成等差数列.问五人各得多少钱？”（“钱”是古代的一种重量单位）.这个问题中甲所得为
2562,在△ABC中∠C=90°0°＜A＜45°则下列各式中正确的是
2581,若当\(a>0\)时函数\(f(x)={a^{\left|x\right|}}\)始终满足\(\left|{f(x)}\right|\geqslant1\)则函数\(y={\loga}\left|{\frac{1}{x}}\right|\)的图象大致为
2598,点P从(10)出发沿单位圆x2＋y2＝1逆时针方向运动2π/3弧长到达Q点则Q点的坐标为
2603,在△ABC中点D、E分别为边AB、AC的中点则△ADE与△ABC的面积之比为
2617,将一副直角三角尺按如图所示的不同方式摆放则图中\(\angle\alpha\)与\(\angle\beta\)相等的是
2619,下列计算中正确的是
2630,在△ABC中
2665,下列图形中是轴对称图形但不是中心对称图形的是
2669,如图在Rt△ABC中∠ACB=90°点DEF分别是边ABACBC的中点则在下面四个结论中正确的是
2687,空间几何体的三视图如图所示则此空间几何体的直观图为
2702,下列各图中OP是∠MON的平分线点EFG分别在射线OMONOP上则可以解释定理“角的平分线上的点到角的两边的距离相等”的图形是
2713,下列手机屏幕解锁图案中为轴对称图形的是
2714,下列手机屏幕解锁图案中为轴对称图形的是
2715,下面几何体中俯视图为三角形的是
2723,若反比例函数的图象经过点则这个函数的图象一定还经过点
2726,下列倡导节约的图案中是轴对称图形的是
2732,如图由四个正方体组成的几何体的左视图是
2763,若a<b<0则下列结论中正确的命题是
2765,下列函数中既是偶函数又在区间内单调递增的函数是
2770,用三角板作\(\vartriangleABC\)的边\(BC\)上的高下列图形中三角板的摆放位置正确的是
2822,用三角板作\(\vartriangleABC\)的边\(BC\)上的高下列图形中三角板的摆放位置正确的是
2840,已知{an}是等比数列a2＝2a5＝则公比q等于
2844,骰子是桌游中常见的道具.正立方体骰子共有六个面上面分别写有一到六其相对两面之数字和必为七.在下列选项中可以作为骰子展开图的是
2855,已知mn表示两条不同直线表示平面下列说法正确的是
2873,点\(A\)\(B\)\(C\)和原点\(O\)在数轴上点\(A\)\(B\)\(C\)对应的有理数为\(a\)\(b\)\(c\).若\(ab<0\)\(a+b>0\)\(a+b+c<0\)那么以下符合题意的是
2882,王叔叔自驾车上班开始时匀速行驶途中因交通拥堵有一段时间无法行驶拥堵结束后为了赶时间提高了速度.下面图描述的是王叔叔上班途中的情况
2889,下列图形中既是中心对称图形又是轴对称图形的是
2890,点P从(10)出发沿单位圆逆时针方向运动2π/3弧长到达Q点则Q点的坐标为
2930,A为△ABC的内角则sinA+cosA的取值范围是
2931,圆的圆心坐标为
2939,如图3⊙的半径为4.将⊙的一部分沿着弦翻折劣弧恰好经过圆心.则折痕AB的长为
2959,已知a<b则下列关系式正确的是
2992,在空间直角坐标系中若点是坐标平面内一点则
3030,分解因式
3043,如图△ABO缩小后变为△A′B′O其中A、B的对应点分别为A′、B′A′、B′均在图中在格点上若线段AB上有一点P（mn）则点P在A′B′上的对应点P′的坐标为
3056,中国目前不仅是汽车大国还是交通大国根据统计局发布的报告来看截止2018年底全国的高速公路总里程已达143000公里位列世界第一.143000用科学记数法表示为
3084,如图在平面直角坐标系中已知点A（01）B（62）.在x轴上找一点P使得PA+PB最小则点P的坐标是
3095,如图点O在直线AB上如果是直角那么的度数为
3101,图1是以abc为边的直角三角形图2是用这样的4个全等的直角三角形拼出的一个大正方形这就是著名的“赵爽弦图”赵爽利用这个图形证明了勾股定理.请你写出一个用abc表达图2全部含义的等式
3122,已知关于x、y的二元一次方程用含的代数式表示得
3138,在一个不透明的袋中装有除颜色外其余都相同的3个小球其中一个红色球、两个黄色球.如果第一次先从袋中摸出一个球后不再放回第二次再从袋中摸出一个那么两次都摸到黄色球的概率是
3144,已知角\(\alpha\)的顶点与原点重合它的始边与\(x\)轴的非负半轴重合它的终边上一点坐标为\((m4\sqrt3m)\).则为
3175,分解因式
3183,计算
3190,如图已知请你添加一个条件使得.你添加的条件是
3192,七个边长为1的正方形按如图所示的方式放置在平面直角坐标系xOy中直线l经过点A（44）且将这七个正方形的面积分成相等的两部分则直线l与x轴的交点B的横坐标为
3197,用适当的式子表示下列关系：y的减去1的差是非负数
3204,如图在中∠ABC=90°AB=BC=将绕点C逆时针旋转60°得到连接BM则BM的长是
3208,计算：
3219,如图已知点B、O、D在同一直线上那么∠2的度数为
3242,如图正方形ODBC中OC=1OA=OB则数轴上点A表示的数是
3259,已知一次函数的图象如图所示则的取值范围是
3278,信息技术的储存设备常用等作为储存量的单位例如我们常说某计算机的硬盘容量是320某个文件大小是156等其中对于一个存储量为的闪存盘其容量有
3306,一个盒子装有除颜色外其它均相同的2个红球和3个白球现从中任取2个球则取到的是一个红球、一个白球的概率为
3337,若则的值是
3341,如图长方形内有两个相邻的正方形面积分别为4和3那么阴影部分的面积为
3345,计算：
3352,如果一个数的相反数是那么这个数是
3363,观察图形根据图形面积的关系便可以得到一个用来分解因式的公式这个公式是
3374,已知二次函数（为常数）当取不同的值时其图象构成一个“抛物线系”如图分别是当取四个不同数值时此二次函数的图象发现它们的顶点在同一条直线上那么这条直线的表达式是
3378,对于非零实数规定若那么的值为
3379,在长方形纸带（如图1）中将纸带沿EF折叠成图2再沿BF折叠成图3则图3中的∠CFE的度数为.图1图2图3
3386,《算法统宗》是中国古代数学名著作者是明代著名数学家程大位在其中有这样的记载“一百馒头一百僧大僧三个更无争小僧三人分一个大小和尚各几丁？”译文：有100名和尚分100个馒头正好分完如果大和尚一人分3个小和尚3人分一个试问大、小和尚各有几人？设有大和尚x人小和尚y人可列方程组为
3425,如图AB是⊙O的直径C是⊙O上一点∠ACB的平分线交⊙O于D且AB＝10则AD的长为
3429,下列计算中正确的是
3459,若则代数式的值为
3462,如图一个小球由地面沿着坡度的坡面向上前进了10此时小球距离地面的高度为
3463,如图正方形ABCD的面积是2EFP分别是ABBCAC上的动点PE＋PF的最小值等于
3475,如图的周长为64E、F、G分别为AB、AC、BC的中点A′、B′、C′分别为EF、EG、GF的中点如果、、分别为第1个、第2个、第3个三角形按照上述方法继续作三角形那么第n个三角形的周长是
3484,已知正数和有下列命题：⑴若则；⑵若则；⑶若则.根据以上三个命题所提供的规律猜想：若则
3494,在平面直角坐标系中是直线上一点则的值为
3507,化简
3516,正方形…按如图所示的方式放置点…和点…分别在直线和轴上已知点则的坐标是
3534,如图将边长为1的正方形ABCD压扁为边长为1的菱形ABCD在菱形ABCD中∠A的大小为α面积记为S则当时
3540,如图均匀的正四面体的各面依次标有1、2、3、4四个数字小明做了60次投掷试验结果统计如下：计算上述试验中“4朝下”的频率是
3552,如果不等式组恰好有2017个整数解那么的取值范围是
3556,
3561,如图∠AOB=45°P是∠AOB内一点PO=10Q、R分别是OA、OB上的动点则△PQR周长的最小值为
3564,如图：在矩形中对角线、交于点垂足为垂足为则
3584,分解因式
3588,如图将两条宽度都是为2的纸条重叠在一起使则四边形的面积为
3597,观察下面的图形它们是按一定规律排列的依照此规律第n个图形共有
3599,在平面直角坐标系中原点到直线的距离是
3605,如图在边长为4的正方形木板中挖一个半径为r的洞.请写出木板面积S关于半径r的函数表达式
3615,已知关于x的方程3a+2a=5的解是x=a则a的值是
3616,在平面直角坐标系中原点到直线的距离是
3617,如图第①个等腰直角三角形的直角边长等于1以它的斜边长为腰长作第②个等腰直角三角形再以第②个等腰直角三角形的斜边长为腰长作第③个等腰直角三角形…依次得到一系列的等腰直角三角形其序号依次为①、②、③、④、…则第n个等腰直角三角形的斜边长为
3645,在中对角线且对角线的夹角为60°则的面积是
3647,已知如图⊙O是△ABC的外接圆⊙O的半径是4连接OB、OC若∠BAC和∠BOC互补则弦BC的长为
3650,平行四边形的一条边长为6一条对角线长为8则其另一条对角线长的取值范围是
3686,如果是关于的一元一次方程那么的值为
3705,在物理的凸透镜成像公式中我们用表示物体到凸透镜的距离表示物体所成的像到凸透镜的距离表示凸透镜的焦距。则
3715,△ABC中∠BAC＝90°AB＝3AC＝5则BC＝
3725,根据国家《车辆驾驶人员血液、呼气酒精含量阈值与检验》规定：100毫升血液中酒精含量超过20毫克但不足80毫克的驾驶员即为酒后驾车达到或超过80毫克的认定为醉酒驾车.某驾驶员喝酒后抱侥幸心理开车交警抽查中认定他属于酒后驾车.设他体内100毫升血液中酒精含量为毫克那么的范围是
3741,计算：计算
3754,直角三角形中一个锐角与另一个锐角之间的关系式为
3814,如图DE为△ABC的中位线点F在DE上且∠AFB＝90°若则EF的长为
3820,对于一次函数当时函数值的取值范围是
3834,如图矩形ABCD的长为5cm宽为4cm点O是对称中心则图中阴影部分的面积为
3861,汽车由北京驶往相距千米的天津它的平均速度是千米/时则汽车距天津的路程（千米）与行驶时间（时）的函数关系及自变量的取值范围是
3864,如图三张质地相同的卡片标有A表示菱形B表示等边三角形C表示正六边形。现将它们背面朝上洗匀后随机抽取一张再从剩下的纸牌中再抽取一张用树状图或者表格求出两次抽取的既是轴对称图形也是中心对称图形的概率是
3884,如果一条抛物线与抛物线的图象形状相同且顶点坐标为（13）该抛物线的表达式为
3885,下列数量关系：“2a与3b的差不大于0”用不等式表示为
3918,二元一次方程的所有正整数解是
3928,如图直线与直线的交点的横坐标为﹣2则关于的不等式的整数解为
3929,已知等式a=bc为任意有理数则下列等式中不一定成立的是
3932,已知如图正方形ABCD内接于⊙O其边长为4则⊙O的内接正三角形EFG的边长为
3934,若点A（－12）关于直线l的对称点坐标为（32）则点P（ab）关于直线l的对称点坐标为
3946,在物理的凸透镜成像公式中我们用u表示物体到凸透镜的距离v表示物体所成的像到凸透镜的距离f表示凸透镜的焦距.则f=；（用uv表示f）
3976,观察下列各式回答提出的问题：……通过以上规律写出
