59,如图所示是某物理教科书的封面如果把它竖直放置在平面镜前它在平面镜中的像是
115,“扬子江”牌台灯有一款项部开口的灯罩如图所示夜晚打开台灯在它的上方一定高度处放一张大白纸下面四张图中最符合实际情况的是(图中黑色为阴暗区域)
137,如图所示的实例中目的是为了减小压强的是
184,在“探究凸透镜成像规律”的实验中已测得凸透镜的焦距为8cm如图所示保持蜡烛和透镜的位置不变调节光屏位置直到光屏上出现清晰的烛焰的像则在光屏上观察到的像是
210,如图所示的各种自然现象的形成过程属于熔化的是
235,某同学在由静止开始向上运动的电梯里把一测量加速度的小探头固定在一个质量为lkg的手提包上到达某一楼层停止采集数据并分析处理后列出下表为此该同学在计算机上画出了很多图像请你根据表中数据利用所学知识判断下图中正确的是建立物理模型匀加速直线运动匀速直线运动匀减速直线运动时间段（s）3.083.0加速度（m/s2）0.400-0.40
252,图中作用在物体上的力属于平衡力的是图
254,下列实例利用了透镜成像的是
289,生活中的光现象丰富多彩如图所示的四种光现象中属于光的直线传播形成的是
293,如图所示M是一个放在桌面上的方格盘N是垂直于盘面的一块玻璃板盘中有两粒黑色棋子它们在玻璃板中所成的像应是图中的
315,下图是描述地球上不同位置的人释放手中石块的示意图图中的虚线表示石块下落的路径下列对石块下落路径的描述最符合实际情况的示意图是
338,如图是使用汽车打捞水下重物示意图在重物从水底拉到井口的过程中汽车以恒定速度向右运动忽略水的阻力和滑轮的摩擦四位同学画出了汽车功率P随时间t变化的图象（如图）其中正确的是
343,如图是小球从某高度处由静止下落h过程的示意图（忽略空气阻力）在下面的四个选项中描述重力对该球做功大小与时间关系正确的图线是
354,下列四个选项中能正确表示小丑在平面镜中成像的是
381,冷水的温度为t1热水的温度为t2现要把冷水和热水混合成温度为t3的温水若不计热损失则冷水和热水的质量之比为
384,如图所示枯井中的青蛙位于井底O点“坐井观天”正确反映青蛙通过井口观察范围的光路图是
422,如图所示是我们看到一根筷子插入水中的情况其中正确的是
438,如图所示小明家的小猫在平面镜前欣赏自己的全身像此时它所看到的全身像应是图中的
439,下列各图中的滑轮在使用时滑轮不会随物体一起移动的是
475,如图所示下列透镜属于凸透镜的是
493,如图所示的四个情景中物体移动的距离方向与物体受力F的方向一致的是
495,将筷子竖直插入装水的玻璃杯内从俯视图中的P点沿水平方向看到的应该是下面哪个图中的情形
529,如图所示的实例中属于连通器应用的是
538,下列现象与浮力有关的是
567,已知雨滴在空中竖直下落时所受空气阻力与速度大小的二次方成正比且不同质量的雨滴所受空气阻力与速度大小的二次方的比值相同现有两滴质量分别为m1和m2的雨滴从空中竖直下落在落到地面之前都已做匀速直线运动那么在两滴雨滴落地之前做匀速直线运动的过程中其重力的功率之比为
591,如图所示的各种自然现象的形成过程属于熔化的是
593,下列物体产生的形变不属于弹性形变的是
603,大爆炸理论认为我们的宇宙起源于137亿年前的一次大爆炸除开始瞬间外在演化至今的大部分时间内宇宙基本上是匀速膨胀的上世纪末对1A型超新星的观测显示宇宙正在加速膨胀面对这个出人意料的发现宇宙学家探究其背后的原因提出宇宙的大部分可能由暗能量组成它们的排斥作用导致宇宙在近段天文时期内开始加速膨胀如果真是这样则下列图像能正确表示标志宇宙大小的宇宙半径R和宇宙年龄关系的是
631,在图中所示的四种现象中属于光的直线传播现象的是
650,如图所示的各种自然现象的形成过程属于熔化的是
670,如图所示的用具在使用中属于省力杠杆的是
681,如图所示的各个电路中的电源完全相同且电源两端电压不变已知R1>R2>R3当电路中的开关S闭合后电流表示数最小的是‎
693,如图所示的四个情景中人对物体做功的是
702,如图所示的四种用具中属于费力杠杆的是
713,图中甲是往浴缸中匀速注水直至标记处的示意图在选项所示的图像中能正确表示此过程中浴缸底部受到水的压强随时间变化的图像是
716,如图所示一同学沿一直线行走现用频闪照相记录了他行走中9个位置的图片观察图片能大致反映该同学运动情况的v-t图像是
761,如下图所示的汽油机工作的四个冲程中压缩冲程是
804,如图所示容器底部有个受力面积为S的压力感应器AA紧密接触容器底部选项中正确表示A所受水的压力与容器中水的深度的对应关系的是
822,一个弹性小球自由下落后又反弹起来不计空气阻力和小球与地面碰撞时的能量损失在下列四个速度-时间图像中正确描述了小球运动情况的是
879,如图所示下列关于刻度尺的使用或读数正确的是
889,图中所示的实例中目的是为了增大摩擦的是
896,如图所示放置在水平桌面上的容器中装有适量的水塞子A受到由水产生的水平向右的压强为
906,一汽车以速度v0在平直路面上匀速行驶在t=0时刻将汽车发动机的输出功率调大为另一个恒定值设汽车行驶过程中受到的阻力恒定不变从t=0时刻开始汽车运动的v-t图象正确的是
908,2009年夏季我国某地出现了日食奇观小华借助小孔成像实验装置对形太阳进行观察则她在半透明光屏上看到像的形状应该是
909,如图所示正确描述光线通过半圆形玻璃砖的光路图可能是
914,如图所示的四种情景中人对物体做功的是
935,如图所示的实例中主要说明力改变物体运动状态的是
951,下图中正确表示了光从空气进入玻璃中的光路图是
957,老师在黑板上写了一个“F”落在学生视网膜上的像应该是
975,去年暑假小梦陪着爷爷到湖里去叉鱼小梦将钢叉向看到鱼的方向投掷总是叉不到鱼如图所示的四幅光路图中能正确说明叉不到鱼的原因的是
998,图中所示的实例中目的是为了减小摩擦的是
1007,在图中所示的四个物态变化的实例中属于液化的是
1020,如图所示的四个电磁实验中能够说明“发电机工作原理”的实验是
1036,如图所示是一束光线从空气射入一个均匀玻璃球的光路图其中不可能正确的光路图是
1058,如图所示闭合电路中的一部分导体在磁场中运动用“Ο”表示导体横截面积箭头表示导体运动方向其中不能产生感应电流的是
1062,图中所示的四个电路图中各开关都闭合后灯泡L1与L2串联的是
1064,如图所示①②③④为物理学习中做的四个实验abcd为应用实例箭头表示实验和应用的对应关系其中对应关系不正确的是
1072,若假想地磁场是由地球内部一块大磁铁产生的下图所示的四个示意图中能合理描述这块大磁铁的是
1074,如图所示的实例中目的是为了减小压强的是
1082,用水平风吹图中的四个模型受到的压强差向下的是
1097,如图所示是简易电动机物理规律的应用实例其中下图中为探究物理规律的四个实验与其对应关系正确的是
1113,小刚观察到教室内的一个开关同时控制两盏灯图所示的四种连接方式中能实现此功能的最合理电路是
1129,如图所示小磁针的指向正确的是
1131,某规格热敏电阻的阻值随环境温度的变化如图甲所示小阳兴趣小组要设计一个火情监视装置要求闭合开关S后有火情发生温度升高时电表示数增大下面四幅图中符合设计要求的电路图是
1132,如图所示是简易电动机物理规律的应用实例其中下图中为探究物理规律的四个实验与其对应关系正确的是
1143,“扬子江”牌台灯有一款顶部开口的灯罩如图所示夜晚打开台灯在它的上方一定高度处放一张大白纸下面四张图中最符合实际情况的是(图中黑色为阴暗区域)
1144,通电螺线管线圈中的电流方向和螺线管周围磁感线的分布如图所示其中正确的是
1152,如图是医院病房与护士值班室的示意图病人需要护理时只要按床边的按钮开关就能及时通知护士：1号床的病人按下开关S1护士值班室的灯L1亮；2号床的病人按下开关S2护士值班室的灯L2亮下列电路图符合要求的是
1173,2009年夏季我国某地出现了日食奇观小华借助小孔成像实验装置对形太阳进行观察则她在半透明光屏上看到像的形状应该是
1178,如图所示的四个电磁实验中能够说明“发电机工作原理”的实验是
1197,如四个选项所示闭合开关后三个小磁针指向(黑色为N极)都正确的是
1199,在下列透明玻璃片（侧面图）中能够作为放大镜的是
1203,下图所示的实验中能说明大气压强存在的是‎
1209,质点在一平面内沿曲线由P运动到Q如果用v、a、F分别表示质点运动过程中的速度、加速度和受到的合外力下列图象可能正确的是
1246,下图所示的各种做法中是为了增大压强的是
1253,将筷子竖直插入装水的玻璃杯内从俯视图中的P点沿水平方向看到的应该是下面哪个图中的情形
1256,图中所示为一杯封口的豆浆正放或倒放的示意图容器正放时液面以下1cm的A点底面以上1cm的B点；容器倒置后液面以下1cm的C点底面以上1cm的D点比较豆浆对A、B、C、D四个点产生的压强最大的是
1269,如图所示闭合开关会造成电源短路的是
1291,楼道里夜间只是偶尔有人经过电灯总是亮着会浪费电能科研人员利用光敏材料制成“光控开关”天黑时自动闭合；天亮时自动断开利用声敏材料制成“声控开关”当有人走动发出声音时自动闭合；无人走动时自动断开若将这两个开关配合使用就可以使楼道灯变得“智能化”这种“智能”电路正确的是
1292,在下列的现象中属于光的反射现象的是
1298,如图所示闭合开关后A点磁场方向向左的是
1312,我们的学习和生活都离不开电在日常生活中要注意用电安全如图所示的做法中符合安全用电原则的是
1328,如图所示以下四个关于“气体压强与流速的关系”的现象中压强P1、P2大小关系正确的是
1350,如图所示物体在平面镜中成像正确的是
1358,如图所示根据声音的波形判断属于噪声的是
1360,如图所示舰艇护航编队在较近距离时一般采用前后护航形式而不采用“并排”护航与之原理相同的实验是
1363,下列用电器与电水壶工作原理相同的是
1368,如图所示的四个电路图中符合电路基本组成条件且连接正确的是
1370,如图为一款带有开关和指示灯的移动接线板的实物图当把接线板的插头接上电源指示灯不亮插孔均不带电；闭合开关后指示灯才亮此时家用电器的插头接上接线板可正常工作；如果指示灯损坏只要开关闭合不影响插在接线板上的用电器的使用下列反映接线板内部结构的电路图是
1371,如图是小明研究电路电流关系的实物电路选项中所示四个电路图与小明的实验电路相符的是
1409,若假想地磁场是由地球内部一块大磁铁产生的下图所示的四个示意图中能合理描述这块大磁铁的是
1425,图8所示是小明测量未知电阻Rx的实验电路电源电压不变其中R0为阻值已知的定值电阻当只闭合开关S1时电流表的示数为I1；当闭合开关S1和S2时电流表的示数为I2则下列四个选项中Rx的表达式正确的是
1427,如图所示滑动变阻器的四种连接方法中将滑片向右移动能使电阻变大的是
1441,某风力报警器的风力探头通过中心滑杆可带动下端的金属片上下移动当风速较小时仅绿灯亮电铃不响；当风速增大到一定程度后绿灯不亮电铃响发出警报下列四幅风力报警器的原理图符合要求的是
1442,如图所示下列对螺线管电流和磁极方向间关系的判断正确的是
1446,图中所示的各种用电器中利用电流的热效应工作的是
1483,大头针被磁铁一端吸引悬在磁铁下方如下图所示的四幅图中能正确反映实际情况的是
1512,如图所示的四个电路图中各开关都闭合后灯泡L1与L2串联的是
1520,如图所示的电路中开关S闭合后三盏灯L1、L2、L3串联的是
1521,在下列电路图中能正确测出灯L2电流的是
1532,如图所示A、B均处于静止状态则A、B之间一定有弹力的是
1541,小丽在中国科技馆“探索与发现”A厅看到了名为“球吸”的展品它由两只悬挂的空心球和一个出风口组成如图所示按下“启动”按钮风从下方出风口往上吹两个球会相互靠拢所示的四个实例中与“球吸”原理相同的是
1542,如图所示在微型电风扇的插头处接上一个小灯泡用手旋转叶片发现小灯泡发光下列图示实验原理能解释上述现象的是
1545,下图所示的实例中目的是为了减小压强的是
1547,如图所示的事例中跟大气压无关的是
1551,家用轿车四冲程汽油机工作时起到提供动力的是以下哪个冲程
1559,汽车在水平公路上转弯沿曲线由M向N行驶图中分别画出了汽车转弯时所受合力F的四种方向你认为正确的是
1560,下图所示的实验中不能说明大气压强存在的是
1564,如图所示你认为不能够探究影响音调高低的实验是
1568,如图所示的四个图中电流方向与磁极标法正确的是
1576,图中所示的家用电器中没有利用电流热效应工作的用电器是
1579,下图是描述地球上不同位置的人释放手中石块的示意图图中的虚线表示石块下落的路径下列对石块下落路径的描述最符合实际情况的示意图是
1583,物体做平抛运动时描述物体在竖直方向上的速度vy（取向下为正）随时间变化的图像是
1585,在图所示的四个电路图中电流表和电压表的接法都正确的是
1589,夜晚当汽车发出的光照射到自行车尾灯上时司机看到尾灯反射的光就能及时避让下列有关自行车尾灯的光路图正确的是
1595,如图是光线经过凸透镜的光路图其中错误的是
1598,将重物放在水平桌面上在受力面积不变的情况下给这个重物施加竖直向上的拉力F在拉力F逐渐变大（且小于物体的重力）过程中正确表示重物对桌面的压强p与拉力F关系的图像是图中的
1600,请根据下表给出的多组电压表和电流表的数据判断分析该电路可能是下图电路图中的
1619,如图所示是某物理教科书的封面如果把它竖直放置在平面镜前它在平面镜中的像是
1627,如图所示的电路中开关闭合后三盏灯构成并联电路的是
1661,为监测教室环境中PM2.5的浓度创客社团的四位同学分别设计了如图所示的电路图其中电源两端电压保持不变R1是定值电阻R2是气敏电阻（阻值随PM2.5浓度增大而减小）现要求PM2.5浓度越大电表的示数就越大则符合要求的电路图是
1663,在如图所示的四只碗中均盛满水用力的示意图表示碗壁所受的水的压力其中正确的是
1668,根据通电螺线管周围存在磁场（如图）的实验事实某同学对地磁场产生的原因提出了一个假说：地磁场是由绕地球的环形电流引起的四个选项中符合他假说的模型是
1673,下图所示的实例中目的是为了减小压强的是
1676,在如图所示的四只碗中均盛满水用力的示意图表示碗壁所受的水的压力其中正确的是
1677,下列现象与浮力有关的是
1684,下图所示为用电流表测量通过灯L1的电流的电路图其中电路连接正确的是
1698,如图所示开瓶盖的起子可以看作一个杠杆在图中能正确表示开瓶盖时杠杆的支点、动力和阻力的是
1722,下图所示的几种家用电器正常工作时电流接近1A的是
1745,若物体的质量为m当它的速度为时它具有的动能为
1753,下图中有A、B、C、D四种测量水温的操作正确的是
1755,在如图所示电路中能用电压表正确测出灯L1两端电压的是
1762,图中所示的图像中能够正确表示某种液体产生的压强p与液体深度h关系的是
1776,图中所示为用调好的微小压强计等器材“探究液体内部压强”的示意图其中符合液体压强特点的是
1821,如图所示的光现象中由于光的折射形成的是
1834,图中用右手螺旋定则判断通电螺线管极性正确的是
1846,如图所示的四个电磁实验中能够说明“电动机工作原理”的实验是
1852,一个重20N的物体沿斜面下滑关于该物体重力的图示下列图中正确的是
1854,图中所示的各实例中目的是为了增大压强的是
1860,如图所示的四个电磁实验中能够说明“电动机工作原理”的实验是
1878,如图给出了小明设计的楼梯照明电灯的四种控制电路其中S1、S别为楼上和楼下的开关（都是单刀双掷开关）要求拨动其中任一开关都能改变电灯原来的发光或熄灭状态在实际应用中最好的方案是
1910,在图所示的电路中开关S闭合两灯不能都发光的是
1915,在下面给出的城市道路交通标志中表示“禁止鸣笛”的是
1916,通电直导线在磁场中受力作用的情况如图所示则在下列A、B、C、D四图中通电直导体在磁场中受力作用的方向跟它相同的是
1917,大头针被磁铁一端吸引悬在磁铁下方如下图所示的四幅图中能正确反映实际情况的是
1963,如图所示的四个实验中能模拟滑动变阻器原理的是
1965,摩擦起电是日常生活中常见的现象在某些场所可能会引发安全事故如图所示是张贴在加油站中的安全标识其中与摩擦起电有关的是
1971,下图是描述地球上不同位置的人释放手中石块的示意图图中的虚线表示石块下落的路径下列对石块下落路径的描述最符合实际情况的示意图是
1974,图示电路中（R0阻值已知表示电阻箱）不能测出Rx阻值的是
1980,图中用右手螺旋定则判断通电螺线管极性正确的是
1981,质量为m1的液体甲与质量为m2的液体乙相混合已知甲、乙两种液体的密度分别为ρ1、ρ2混合后液体的密度为（两种液体混合前后总体积不变）
1987,如图所示的四个情景中由光的直线传播形成的是
1993,如图所示现象中不能说明大气压强存在的是
2007,在图中所示的四个物态变化的实例中属于液化的是
2020,图2所示的物态变化实例中由于液化形成的是
2021,图3所示的四个物态变化的实例中属于液化的是
2025,图4所示的四种情景中所使用的杠杆属于省力杠杆的是
2027,图7所示的物态变化的实例中属于熔化的是
2030,如图6所示的四个物态变化的实例中属于液化的是
2031,如图2所示的自然现象中属于凝华的是
2038,物理课上同学们手持凸透镜并伸直手臂站在远处用凸透镜去观察投影大屏幕上显示出的字母观察到的结果是
2044,如图所示的四种自然现象中属于液化现象的是
2053,如图所示的物态变化实例中由于液化形成的是
2058,图中的四个物态变化实例属于吸热的是
2065,如图图中能正确表示像与物关系的是
2068,图1所示的物态变化实例中由于液化形成的是
2071,图中所示的家用电器中利用电流热效应工作的是
2076,某品牌的微型电脑吸尘器有两个开关开关S1控制照明灯L和吸尘电动机M开关S2只控制吸尘电动机M如图所示的电路图中符合要求的是
2078,为杜绝操作工手指损伤事故的发生某厂家设计制造的切纸机必需将两只手同时分别按住左、右开关切纸机才能正常工作图3所示电路设计中符合要求的是
2083,某款电动自行车的两刹车手柄中各有一只开关S1和S2在行驶中用任一只手柄刹车时该手柄的开关立即断开电动机停止工作如图7所示的模拟电路中符合要求的是
2084,下列光学现象与规律不相符的是
2087,图中所示的现象中属于光的反射现象的是
2089,图3所示的实例中目的是为了减小压强的是
2092,随着人们安全意识的加强酒驾的危害也越发引起人们的重视小林出于好奇设计了一种酒精气体浓度测试电路图中R0为定值电阻R为酒精气敏元件其阻值随被测气体中酒精气体浓度的变化规律如图乙所示小林希望随着气体中酒精气体浓度的增大电表的示数也增大若电源两端的电压不变则闭合开关S后图中能够实现上述功能的电路是
2093,如图甲所示舰艇护航编队在较近距离时一般采用前后护航形式而不采用“并排”护航与之原理相同的实验是图中的
2095,如图所示的事例中通过热传递的方式改变物体内能的是
2097,如图所示的实例中目的是为了增大摩擦的是
2100,图7所示的四个过程将动能转化为势能的是
2104,如图所示的现象中属于光的折射现象的是
2107,图5是滑动变阻器连入电路的示意图当滑片P向右滑动时连入电路的电阻变小的是
2110,图3所示四个用电器中主要利用电流热效应工作的是
2111,如图所示的四种情境中人对物体做功的是
2116,如图是小亮用漫画的方式描绘了“迷糊教授”的实验操作其中正确
2117,图5所示是一种环保型手电筒筒内有一个能滑动的圆柱形永磁铁外圈套着一个线圈只要将手电筒沿图中箭头方向来回摇动手电筒的小灯就能发光如图6所示的四个实验中与此手电筒工作原理相同的是
2119,图2所示的四个实例中目的是为了增大摩擦的是
2124,根据马路上斑马线红、绿信号灯的工作情况图4中可行的电路图符合红、绿灯连接方式的是
2132,图3所示的工具中在使用时属于费力杠杆的是
2134,图5所示的实例中目的是为了减小摩擦的是
2135,图5所示的工具中在使用时属于费力杠杆的是
2143,如图所示用滑轮或滑轮组提起同一重物其中机械效率最高的是
2144,如题7图所示的实验装置中用来探究电磁感应现象的是
2158,如图所示的四种现象中由于光的反射形成的是
2161,图所示的四种措施中为了增大压强的是
2162,下列光现象中属于光的反射现象的是
2167,如图所示为滑动变阻器的结构和连入电路的示意图当滑片P向右滑动时连入电路的电阻变大的是
2176,如图所示的四个电磁实验中能够说明“发电机工作原理”的实验是
2189,.（2018.海淀二模）如图6所示是科技小组的四位同学设计的安装在潜水器上的显示下潜深度的深度表的电路原理图其中R为压敏电阻（用符号表示）R的阻值随其所受水的压强的增大（下潜深度的增加）而减小R0为定值电阻电源两端的电压保持不变电路设计要求潜水器下潜深度增大时电路中的电表示数增大图6所示电路图中符合设计要求的是
2193,如图4所示的四个实例中属于增大压强的是
2194,图1所示的四种现象中属于光的折射现象的是
2195,图1所示的四种现象中属于光的色散的是
2197,如图所示的物态变化现象中属于凝华的是
2203,图3所示的四个实例中目的是为了减小摩擦的是
2204,图中所示能够探究“声音的音调与频率的关系”的实验是
2217,将一个重为G的鸡蛋放进盛有浓盐水的杯中鸡蛋漂浮然后逐渐向杯中加入清水当鸡蛋下沉至杯底静止时停止加水如图所示图中的图象能粗略描述这个过程中浮力随时间变化关系的是
2218,图5所示的四种情境中人对物体做功的是
2221,如图用测力计将粗细不均匀的长杆一端A微微抬离地面测力计示数是F1；同理用测力计将长杆的另一端B微微抬离地面测力计示数是F2则长杆受到的重力大小为（测力计保持竖直向上）‎‎
2233,学校有前、后两个门在前、后门各装一个按钮开关学校保卫室有甲、乙两盏灯和电池组要求：前门来人按下开关时甲灯亮后门来人按下开关时乙灯亮如图所示的电路能满足要求的是
2246,在如图3所示的四种剪刀中正确使用时属于费力杠杆的是
2248,如图4所示电路中开关S闭合后电源被短路的是
2250,如图甲所示有一轻质木板（质量可忽略不计）长为L左端可绕O点转动右端放一重为G的物块并用一竖直向上的力F拉着处于水平位置当物块向左匀速滑动时木板始终在水平位置保持静止则图乙表示拉力F与物块的运动时间t的关系图中正确的是
2254,如图5所示的四种飞行器在飞行时利用流体压强与流速关系获得升力的是
2260,如图所示四种动物的运动情况能用流体压强与流速的关系来解释的是
2261,图1所示的四种物态变化的实例中属于凝华的是
2267,如图所示的四个实例中为了减小压强的是
2269,图3所示的用电器中利用电流热效应工作的是
2270,用水平风吹图中的四个模型受到的压强差向下的是
2271,在探究通过小灯泡的电流与其两端的电压是否成正比的实验中实验操作无误测量数据准确同学们利用所测数据正确绘制出通过小灯泡的电流I随其两端电压U变化的图像如图9所示对图9所示图像进行分析后四位同学分别绘制小灯泡的电功率P随通过它的电流平方I2或它两端电压的平方U2变化的图像图10中图像可能正确的是
2277,图2所示的四种器械中属于省力杠杆的是
2280,图中所示的光现象中由于光的折射形成的是
2285,战国时期《墨经》中记载了影子的形成、平面镜的反射等光学问题图中的光学现象与影子的形成原理相同的是
2290,如图2所示的四种措施中为了减小压强的是
2292,图中所示的实例中为了增大压强的是
2298,如图所示的四种用具中正常使用时属于省力杠杆的是
2300,在如图3所示的四个电路图中连接正确的是
2302,学习了比热容的知识后某物理课外兴趣小组绘制了如图9所示的海陆风成因及流动情况示意图其中正确的
2303,如图1所示的四种现象中由于光的折射形成的是
2306,利用重垂线和三角尺判断桌面是否水平如图所示的做法正确的是
2319,图5所示的电冰箱压缩机和冰箱内照明灯泡连接电路示意图中是压缩机用的电动机受温控开关控制L是电冰箱内的照明灯泡受门控开关控制电动机的照明灯泡既能各自单独工作又能同时工作其中符合上述要求的电路图是
2320,如图1所示的四种家用电器中主要利用电流热效应工作的是
2321,图中所示的实例中目的是为了增大摩擦的是
2336,如图8所示某公交车前、后门的扶杆上各装有一个相当于开关的按钮当乘客按下任意一个按钮时铃声响起提醒司机有人要下车图9中符合要求的电路图是
2342,卫生间安装了换气扇和照明灯有时需要换气扇独立工作有时需要照明灯独立工作有时需要二者同时工作图中所示的电路中符合要求的是
2353,在图2所示的四个物态变化的实例中属于凝华的是
2356,为保障司乘人员的安全轿车上设有安全带未系提示系统当乘客坐在座椅上时座椅下面的开关S1闭合若未系安全带（安全带控制开关S2断开）仪表盘上的指示灯L将亮起；若系上安全带时安全带控制开关S2闭合指示灯L熄灭图5所示设计的四个电路图中最合理的是
2360,图1所示的四种现象中属于光的反射现象的是
2367,如图5甲所示为一实物电路连接图与之相对应的电路图是图5乙中的
2371,如图所示各种装置在正常使用过程中都可视为杠杆其中属于省力杠杆的是
2377,如图2所示的用电器中利用电流热效应工作的是
2388,图4所示的物态变化的实例中属于凝华的是
2391,在图1所示的四个物态变化的实例中属于凝华的是
2393,为杜绝操作工手指损伤事故的发生某厂家设计制造的切纸机必需将两只手同时分别按住左、右开关切纸机才能正常工作图3所示电路设计中符合要求的是
2394,如图1所示的现象中属于光的反射现象的是
2396,如图所示的事例中主要说明力能改变物体运动状态的是
2411,如图所示的“吸引现象”由静电引起的是
2413,如图2所示自行车的零部件设计或骑行过程的操作中主要为了减小摩擦的是
2415,图7所示的透镜中属于凸透镜的是
2417,科技小组的同学们调查发现北京地区存在几种不同类型的发电站如图1所示下列发电站发电过程中利用不可再生能源发电的是
2420,如图所示的四种用具中正常使用时属于省力杠杆的是
2424,在探究“电流与电阻关系”的实验中实验室提供了如下器材：电源（电源电压3V保持不变）、滑动变阻器R0（0～20Ω）、电阻箱（0～9999Ω）、电压表（0～3V）、电流表（0～0.6A）、开关各一个、导线若干依据如图11所示的电路各小组同学保持电阻R两端的电压U=2V不变记录了六组数据并绘制成图像请你根据所学的知识和给定的器材选择出比较合理的图像
2431,下列四幅图能研究流体压强与流速关系的是
2432,图中所示的家用电器中利用电流热效应工作的是
2435,如图所示的四个电路中能正确测量通过灯L1电流的电路是
2439,小宁用四盏灯、两个开关设计了教室的照明电路要求每个开关都能独立控制两盏灯图中所示的电路图中符合要求的是
2444,如图所示的光现象中由于光的折射形成的是
2455,在图4所示的四种用具中正常使用时属于费力杠杆的是
2457,一辆汽车在水平公路上转弯已知汽车由M点驶向N点的过程中速度逐渐减小选项中的四幅图分别画出了该汽车转弯时所受合力F的情况其中正确的是
2459,下列各图中的滑轮在使用时滑轮会随物体一起移动的是
2464,小阳利用一块电压表和阻值已知的电阻R0测量电阻Rx的阻值他选择了满足实验要求的器材连接了如图8所示的实验电路后进行了如下操作：闭合开关S1和S2读出电压表的示数为U1；闭合开关S1断开开关S2读出电压表的示数为U2则下列四个选项中Rx的表达式正确的是
2469,小明为养鸡场设计报警器电路养鸡场的前、后门分别装有开关S1、S2动物闯入时开关会自动闭合要求：只要动能闯入任意一个门电铃都能响起警报图中符合设计要求的是
2473,题6图中“+”“-”分别表示电表的正负接线柱可以测量R消耗的电功率的电路图是
2477,将重为2N的物体A挂于弹簧测力计下测力计与物体A共同处于静止或匀速直线运动状态已知匀速运动的速度v1<v2<v3关于测力计和物体A的描述：①弹簧测力计的示数等于2N；②测力计对物体A的拉力做功的功率最大；③物体A的重力势能增加图6所示的四种情景中同时符合以上三条描述的是
2483,人们的生活离不开工具如图2所示的工具在正常使用的过程中属于费力杠杆的是
2496,图4所示的措施中为了减小摩擦的是
2499,如图4所示的四个实例中机械能减小的是
2513,在水平轨道上有一辆实验车其顶部装有电磁铁电磁铁下方吸有一颗钢珠在实验车向右匀速直线运动的过程中钢珠因断电下落图中是描述钢珠下落的四个示意图图中虚线表示钢珠下落的路径以实验车为参照物正确描述钢珠下落路径的示意图是
2516,图3所示的实例中为了减小压强的是
2522,图5所示的四个电路中开关S闭合后小灯泡L1、L2串联的电路是
2523,如图1所示这些工具在使用过程中属于费力杠杆的是
2524,如图所示的四种家用电器中利用电流热效应工作的是
2527,如图2所示在热机的四个冲程中对外做功的是
2528,在如图4所示的电路中开关闭合后三个电阻串联的是
2531,如图所示的用品中通常情况下属于绝缘体的是
2537,如图所示的现象中由于光的折射形成的是
2540,图1所示的实例中用热传递方式改变物体内能的是
2545,在窗子密闭的旅行车上备有逃生锤遇到紧急情况时乘客可以用逃生锤打破玻璃逃生图中的四把铁锤质量相同、形状不同为了更容易打破玻璃应该选择的铁锤是
2548,电能给我们带来方便也能给我们带来伤害在图中所示的情景中做法正确的是
2568,图2所示的四个实例中属于增大压强的是
2572,如图所示甲、乙两人举重甲比乙高若他们举起相同质量的杠铃所做的功分别为功率分别为所用时间分别为且则下列说法中正确的是
2578,如图15所示是小成测量未知电阻Rx的实验电路电源两端电压不变其中R0为阻值已知的定值电阻当开关S、S1闭合开关S2断开时电流表示数为I1；当开关S、S2闭合开关S1断开时电流表示数为I2则下列四个选项中Rx的表达式正确的是
2580,图4所示的实例中属于做功改变物体内能的是
2581,图2所示的四种用具中正常使用时属于费力杠杆的是
2584,图1所示的四种现象中属于光反射现象的是
2588,如图所示下列现象中属于增大压强的是
2592,在图5描述的实例中属于机械能转化为内能的是
2595,自从汤姆孙发现了电子人们开始研究原子的内部结构科学家提出了许多原子结构模型在20世纪上半叶由英国物理学家卢瑟福提出的最为大家接受的原子结构模型与下列图1中哪个图最相似
2604,在图1所示的四种现象中由于光的折射形成的是
2612,祖国的绿水青山一年四季都美景如画在如图所示的美景中属于凝华现象的是
2614,图2所示的现象中由于光的反射形成的是
2618,如图所示的实例中不是利用连通器原理工作的是
2620,图1所示的光现象中由于光的反射形成的是
2621,图6是汽油机工作的四个冲程其中把内能转化为机械能的是
2628,足球运动员把足球踢向空中不计空气阻力图14中能正确表示空中足球受力示意图的是（G表示重力F表示脚对球的作用力）
2644,图2所示的四种现象中由于光的反射形成的是
2647,小刚想利用光照强度自动调节电压表的示数其原理是：光照增强光敏电阻Rx阻值变小电压表的示数随之减小反之则电压表的示数增大图5所示是小刚设计的四个电路图若电源电压不变R0是定值电阻光照强度用符号表示其中符合要求的是
2648,如图所示文具中通常情况下属于绝缘体的是
2651,图3所示的四种物态变化的实例中属于吸热的是
2652,图3所示的实例中属于增大压强的是
2653,如图所示用下列装置提升同一重物若不计滑轮自重及摩擦则最省力的是
2664,我国未来的航母将采用自行研制的电磁弹射器图5是它的工作原理示意图电磁弹射器的弹射车与飞机前轮连接并处于强磁场中当弹射车内的导体通以强电流时即可受到强大的推力在图6所示的实验中与电磁弹射器工作原理一致的是
2668,如图3所示的滑动变阻器的四种接法中其中滑片P向右滑动能使连入电路的电阻变小的是
2670,如图2所示的实例中属于增大压强的是
2671,如图所示下列实例中属于增大压强的是
2673,如图所示的工具中使用时属于费力杠杆的是
2675,图13为某电位器的内部结构图为满足顺时针旋转滑片而使该电位器电阻增大则下列接线方法中正确的是
2676,如图所示的光现象中属于光的折射现象的是
2678,物理课上同学们手持凸透镜并伸直手臂站在远处用凸透镜去观察投影大屏幕上显示出的字母观察到的结果是
2680,图中所示的实例中符合安全用电要求的是
2681,图1所示的现象中属于光的反射现象的是
2682,图2所示的实例中目的是为了减小摩擦的是
2683,如图所示的四种现象中属于光的反射现象的是
2692,如图所示的四种现象中属于光反射现象的是
2695,图6所示的实例中属于增大压强的是
2696,如图4所示的用具在正常使用的过程中属于省力杠杆的是
2703,如图6所示是科技小组的几位同学设计的天然气泄漏检测电路其中R为气敏电阻R的阻值随天然气浓度变化曲线如图7所示R0为定值电阻电源两端的电压恒定不变电路设计要求当天然气浓度增大时电路中电表示数增大图6中电路图符合设计要求的是
2713,图2所示的现象中属于光的反射现象的是
2718,如图3所示的事例中通过热传递的方式改变物体内能的是
2725,如下图所示的汽油机工作的四个冲程中做功冲程是
2726,小华利用弹簧测力计、细线、物体A、柱形容器和水按照图8甲、乙、丙所示依次进行实验测量某种液体的密度ρ三次测量弹簧测力计的示数分别为F1、F2、F3水的密度用ρ水表示则下列四个选项中ρ的表达式正确的是
2732,图6所示的实例中符合安全用电要求的是
2733,图中所示的实例中属于增大压强的是
2735,如图3所示的现象中属于凝华的是
2741,图2所示的工具中正常使用时属于费力杠杆的是
2742,如图5所示的电路图中开关闭合后两个灯泡属于并联的是
2752,图中所示的现象中属于光的色散现象的是
2755,图2所示的四个实例中为了增大压强的是
2759,如图1所示的四种现象中由于光的反射形成的是
2762,潜水员在水中观察岸上的物体图14所示的光路图中正确的是
2766,“注意安全珍惜生命”是大家的共同心愿如图所示下列一些做法符合用电安全的是
2767,研究晶体与非晶体的熔化和凝固特点实验中小强绘制了如图13所示的四幅图像其中能反映晶体凝固特点的图像是
2768,如图4所示的电路中属于用电器串联的是
2769,如图3所示的四种用具中正常使用时属于省力杠杆的是
2773,为了提高行车的安全性有的汽车装有日间行车灯如图所示当汽车启动时S1闭合日间行车灯L1立即亮起再闭合S2车前大灯L2也亮起图所示的电路图中符合这一情况的是
2776,如图所示的家用电器中利用电流热效应工作的是
2796,图1所示的四种现象中属于光的折射现象的是
2803,如图中能正确反映光从空气斜射入玻璃中的折射光路的是
2807,如图所示的四个图像中表示物体做匀加速直线运动的是
2814,图13是用温度计测量水的温度的实际操作其中正确的是
2815,图2所示现象属于扩散现象的是
2820,图中甲所示为一台电压力锅当电压力锅内部气压过大或温度过高时要求发热器停止工作压强过大时S1自动断开温度过高时S2自动断开选项中表示S1、S2和锅内发热器的连接情况其中符合上述工作要求的是
2834,图2所示的光现象中由于光的折射形成的是
2837,如图所示为内燃机的能量流向图热机效率η
2847,如图所示符合用电安全的是
2848,如图所示的四种情景中力对物体做功的是
2849,如图所示的“吸引现象”由静电引起的是
2850,图2所示的四个实例中属于减小压强的是
2855,如图12所示的四个电磁实验中能够说明“发电机工作原理”的实验是
2856,如图所示事例中利用大气压的是
2870,在图3所示的四种情境中力对物体做功的是
2875,图1所示的物品中通常情况下属于导体的是
2877,图8所示的四个光路图中MM′为平面镜PO为入射光线ON为法线入射角∠PON等于60其中符合光的反射定律的光路图是
2880,在图1所示的四种现象中属于光的反射现象的是
2882,下表是小丽在实验中记录的实验数据请根据表格中的数据归纳出电功率P和电阻R的关系
2883,某款玩具电动汽车上安装有电动机和小灯泡它们既可以各自独立工作又可以同时工作图1所示的电路中符合上述要求的是
2886,笔记本电脑在工作时会发热为了加快散热保护电脑当升温到一定值时温控开关S1自动闭合风扇启动如果断开电源总开关S2风扇M和其他工作系统同时停止工作根据上述特点图中符合散热控温特点的电路图是
2897,图3所示的实例中目的是为了增大摩擦的是
2898,图中正确表示了光从空气进入玻璃中的光路是
2907,如图3所示的四种现象中可以说明白光是由不同颜色的光组成的是
2909,若假想地磁场是由地球内部一块大磁铁产生的图5所示的四个示意图中能合理描述这块大磁铁的是
2910,图2所示的物态变化现象中属于凝华的是
2911,小阳想利用一块电流表和阻值已知的电阻R0测量电阻RX的阻值他选择了满足实验要求的电源、电流表A并连接好了实验电路如图7所示闭合开关S1、S2读出电流表A的示数为I1闭合开关S1、断开开关S2读出电流表A的示数为I2下列四个选项中Rx的表达式正确的是
2913,如图所示的四幅光现象图片中其中一幅所反映的光学原理与其他三幅不同的是
2916,图2所示的四个实例中目的是为了增大摩擦的是
2919,如图3所示自行车的零部件设计或骑行过程的操作中主要为了减小摩擦的是
2926,如图22所示绳子OO′悬吊着质量可以忽略不计的杆在杆的a点挂着重物G在O右侧某点b处挂上钩码重物G的质量及a到O的距离不变要使杆保持水平平衡图23中能描述b点挂的钩码（各个钩码质量相同）个数和b到O的距离关系的图像是
2936,某特种玻璃制造厂生产的电控调光玻璃具有根据光照强度调节玻璃透明度的功能光照增强施加于玻璃两端的电压降低玻璃透明度下降；光照减弱施加于玻璃两端的电压升高玻璃透明度上升为了实现这一功能电路设计中用到了光敏电阻在图6所示的电路中光敏电阻R1的阻值随光照的增强而变小随光照的减弱而变大电源电压不变R0为定值电阻其中符合要求的是
2938,如图所示的四个电路中开关均闭合后通过两个灯泡的电流一定相等的是
2942,如图7所示为保证司乘人员的安全轿车上设有安全带未系提示系统当乘客坐在座椅上时座椅下的开关S1闭合若未系安全带则开关S2断开仪表盘上的指示灯亮起；若系上安全带则开关S2闭合指示灯熄灭下列设计比较合理的电路图是
2943,在图4所示的四种用具中正常使用时属于费力杠杆的是
2944,在图1所示的四种现象中属于光的折射现象的是
2945,如图3所示的四种用具中正常使用时属于费力杠杆的是
2946,如图所示的工具中属于费力杠杆的是
2959,如图所示的四个实例中属于增大压强的是
2967,在图1所示的光现象中属于光的反射现象的是
2968,图中所示是磁现象的四幅示意图其中关于小磁针指向或磁感线方向不正确的是
2970,图3所示的现象与用电安全相关其中符合安全用电原则的是
2973,图2所示的四种家用电器中利用电流热效应工作的是
2978,如图所示的四个实例中目的是为了增大摩擦的是
2981,压敏电阻的阻值是随所受压力的增大而减小的小阳同学想设计一个通过电表示数反映压敏电阻所受压力大小的电路要求压力增大时电表示数增大图6所示电路不符合要求的是
2995,如图2所示的实例中属于增大压强的是
3050,下列杠杆能够保持平衡的是
3052,下图是描述地球上不同位置的人释放手中石块的示意图图中的虚线表示石块下落的路径下列对石块下落路径的描述最符合实际情况的示意图是
3066,图中所示的各实例中目的是为了增大压强的是
3086,如图所示是几个物理演示实验演示通电直导线周围有磁场的是
3091,如图所示的光现象中由于光的反射形成的是
3093,在下列电路图中能正确测出灯L2电流的是
3098,吊双杠是学生体育课上常见项目下列图示为几种挂杠方式其中最容易导致手臂拉伤的是
3104,图中甲所示为一台电压力锅当电压力锅内部气压过大或温度过高时要求发热器停止工作压强过大时S1自动断开温度过高时S2自动断开选项中表示S1、S2和锅内发热器的连接情况其中符合上述工作要求的是
3112,质量为m1的液体甲与质量为m2的液体乙相混合已知甲、乙两种液体的密度分别为ρ1、ρ2混合后液体的密度为（两种液体混合前后总体积不变）
3114,下图所示的实验中能说明大气压强存在的是
3122,如图1所示线圈abcd固定于匀强磁场中磁场方向垂直纸面向外磁感应强度随时间的变化情况如图2所示下列关于ab边所受安培力随时间变化的F-t图像（规定安培力方向向右为正）正确的是
3128,核反应方程中的X表示
3134,如图所示当滑动变阻器的滑片向左移动时变阻器连入电路的阻值变小的是
3135,运动员用力把重为G的篮球抛向空中如图中能正确表示篮球在空中飞行时所受重力的示意图是
3169,如图是小明研究电路电流关系的实物电路选项中所示四个电路图与小明的实验电路相符的是
3171,图中所示的图像中能够正确表示某种液体产生的压强p与液体深度h关系的是
3172,如图所示的事例中跟大气压无关的是
3180,如图所示的四个实例中属于增大压强的是
3181,图中所示的实例中目的是为了减小摩擦的是
3190,图中所示的各种用电器中利用电流的热效应工作的是
3191,在测量未知电阻Rx阻值的实验中提供的实验器材有：稳压电源（电压未知）、电流表、电压表、阻值已知的定值电阻R0等现有如图所示的几种测量电路在不拆改电路的前提下能够测量出待测电阻Rx阻值的电路是
3224,在如图所示电路中能用电压表正确测出灯L1两端电压的是
3229,下图中有A、B、C、D四种测量水温的操作正确的是
3232,图中所示的四个电路图中各开关都闭合后灯泡L1与L2串联的是
3248,如图所示容器底部有个受力面积为S的压力感应器AA紧密接触容器底部选项中正确表示A所受水的压力与容器中水的深度的对应关系的是
3261,图甲中MN为很大的薄金属板（可理解为无限大）金属板原来不带电在金属板的右侧距金属板的距离为d的一个位置上放入一个带正电、电荷量为q的点电荷由于静电感应产生了如图甲所示的电场分布P是点电荷右侧与点电荷之间的距离也为d的一个点几位同学想求出P点的电场强度大小但发现问题很难几位同学经过仔细研究从图乙所示的电场得到了一些启示经过查阅资料他们知道：图甲所示的电场分布与图乙中虚线右侧的电场分布是一样的图乙中两异号点电荷电荷量的大小均为q它们之间的距离为2d虚线是两点电荷连线的中垂线由此他们分别求出了P点的电场强度大小一共有以下四个不同的答案（答案中k为静电力常量）其中正确的是甲乙
3267,下列电路图与实物图一致的是
3272,祖国的山河一年四季美景如画图2中的描述属于凝华的是
3275,图中所示的实例中目的是为了增大摩擦的是
3277,平行的a、b两种单色光的光束以相同的入射角从空气斜射向某种长方体玻璃砖上表面的同一位置在玻璃砖下表面将分开为不同的单色光光束若a光的频率小于b光的频率则以下光路图中正确的是
3295,如图是电视机显像管的结构示意图荧光屏位于xOy平面上位于显像管尾部的灯丝被电流加热后会有电子逸出构成了显像管的“电子枪”当在显像管的管颈处的较小区域(图中B部分)加沿z方向的磁场(偏转磁场)时亮点将偏离原点O而打在x轴上的某一点为使荧光屏上出现沿x轴的一条贯穿全屏的水平亮线(电子束的水平扫描运动)能够反映偏转磁场的磁感应强度随时间变化规律的可能是图
3318,如图所示下列透镜属于凸透镜的是
3344,如图所示为三个有界匀强磁场磁感应强度大小均为B方向分别垂直纸面向外、向里和向外磁场宽度均为L在磁场区域的左侧边界处有一边长为L的正方形导体线框总电阻为R且线框平面与磁场方向垂直现用外力F使线框以速度v匀速穿过磁场区域以初始位置为计时起点规定电流沿逆时针方向时的电动势E为正磁感线垂直纸面向里时的磁通量Φ为正值外力F向右为正则以下反映线框中的磁通量Φ、感应电动势E、外力F和电功率P随时间变化规律的图像错误的是
3349,对下列各原子核变化的方程表述正确的是
3351,在用平行玻璃砖“测定玻璃折射率”的实验中按照正确的操作步骤做完实验最终在白纸上画出了光路图其中α≠β≠γ下列光路图中大致正确的是
3361,两带电量分别为q和-q的点电荷放在x轴上相距为L能正确反映两电荷连线上场强大小E与x关系的是
3377,在下列透明玻璃片（侧面图）中能够作为放大镜的是
3388,为监测教室环境中PM2.5的浓度创客社团的四位同学分别设计了如图所示的电路图其中电源两端电压保持不变R1是定值电阻R2是气敏电阻（阻值随PM2.5浓度增大而减小）现要求PM2.5浓度越大电表的示数就越大则符合要求的电路图是
3393,指纹锁是一种集光学、电子计算机、精密机械等多项技术于一体的高科技产品它的“钥匙”是特定人的指纹（S1）、磁卡（S2）或应急钥匙（S3）三者都可以单独使电动机M工作而打开门锁下图所示的电路设计符合要求的是
3396,如图所示的四个实例中目的是为了减小摩擦的是
3406,如图甲所示浙江百丈漈瀑布是全国单体落差最高的瀑布如图乙是该瀑布的侧面示意图第一漈h1=207米第二漈h2=68米第三漈h3=12米三漈相加是287米假设忽略上游水的初速度和空气的阻力则水下落三漈后的竖直速度计算式为
3413,图中所示为用调好的微小压强计等器材“探究液体内部压强”的示意图其中符合液体压强特点的是
3425,图中所示的家用电器中利用电流热效应工作的是
3444,下列磁体周围磁场分布正确的是
3445,如图所示的“吸引现象”由静电引起的是
3457,家用轿车四冲程汽油机工作时起到提供动力的是以下哪个冲程
3458,在图1所示的四个物态变化的实例中属于凝华的是
3467,如下图所示的汽油机工作的四个冲程中压缩冲程是
3468,如图两个等量正点电荷位于垂直于x轴的连线上相对原点O对称分布则x轴上电场强度E与位置x的关系可能是
3472,均匀带电的球壳在球外空间产生的电场等效于电荷集中于球心处产生的电场如图所示在半球面AB上均匀分布正电荷总电荷量为q球面半径为RCD为通过半球顶点与球心O的轴线在轴线上有M、N两点OM=ON=2R已知M点的场强大小为3E则N点的场强大小为
3475,用铅球、水及相应的实验器材分别做了四组实验如图所示不能够通过实验测量的数据计算出铝块所受浮力的是
3477,如图所示的四个电路图中可实现L1单独发光又能与L2同时发光的是
3482,如图所示质量为1kg的物体与地面间的动摩擦因数μ=0.2从t=0开始以初速度沿水平地面向右滑行同时受到一个水平向左的恒力F=1N作用取g=10m/s2向右为正方向该物体受到的摩擦力f随时间变化的图象是最大静摩擦力等于滑动摩擦力
3483,图中所示为一杯封口的豆浆正放或倒放的示意图容器正放时液面以下1cm的A点底面以上1cm的B点；容器倒置后液面以下1cm的C点底面以上1cm的D点比较豆浆对A、B、C、D四个点产生的压强最大的是
3496,楼道里夜间只是偶尔有人经过电灯总是亮着会浪费电能科研人员利用光敏材料制成“光控开关”天黑时自动闭合；天亮时自动断开利用声敏材料制成“声控开关”当有人走动发出声音时自动闭合；无人走动时自动断开若将这两个开关配合使用就可以使楼道灯变得“智能化”这种“智能”电路正确的是
3503,使带电的金属球靠近不带电的验电器验电器的箔片张开图中表示验电器上感应电荷的分布情况正确的是
3508,用水平风吹图中的四个模型受到的压强差向下的是
3514,平面OM和平面ON之间的夹角为30°其横截面（纸面）如图所示平面OM上方存在匀强磁场磁感应强度大小为B方向垂直于纸面向外一带电粒子的质量为m电荷量为q（q>0）粒子沿纸面以大小为v的速度从OM的某点向左上方射入磁场速度与OM成30°角已知粒子在磁场中的运动轨迹与ON只有一个交点并从OM上另一点射出磁场不计重力粒子离开磁场的出射点到两平面交点O的距离为
3530,如图1半径为R均匀带电圆形平板单位面积带电量为σ其轴线上任意一点P（坐标为x）的电场强度可以由库仑定律和电场强度的叠加原理求出：方向沿x轴现考虑单位面积带电量为σ0的无限大均匀带电平板从其中间挖去一半径为r的圆板如图2所示则圆孔轴线上任意一点Q（坐标为x）的电场强度为
3534,图中所示是磁现象的四幅示意图其中关于小磁针指向或磁感线方向不正确的是
3556,下列四幅图中能正确反映分子间作用力f和分子势能Ep随分子间距离r变化关系的图线是
3564,图中甲是往浴缸中匀速注水直至标记处的示意图在选项所示的图像中能正确表示此过程中浴缸底部受到水的压强随时间变化的图像是
3567,如图所示现象中不能说明大气压强存在的是
3579,如图所示下列关于刻度尺的使用或读数正确的是
3587,图为示波管的原理图如果在电极XX'之间所加的电压按图甲所示的规律变化在电极YY'之间所加的电压按图乙所示的规律变化则荧光屏上会看到的图形是
3600,图中是汽油机工作的四个冲程其中把内能转化为机械能的是
3621,如图所示小磁针的指向正确的是
3629,图中所示的家用电器中利用电流热效应工作的是
3636,图示为一个内、外半径分别为和的圆环状均匀带电平面其单位面积带电量为.取环面中心O为原点以垂直于环面的轴线为x轴.设轴上任意点P到O点的距离为xP点电场强度的大小为E.下面给出E的四个表达式(式中k为静电力常量)其中只有一个是合理的.你可能不会求解此处的场强E但是你可以通过一定的物理分析对下列表达式的合理性做出判断.根据你的判断E的合理表达式应为
3637,已知阿伏伽德罗常数为NA油酸的摩尔质量为M密度为ρ则一个油酸分子的质量可表示为
3639,下列声现象中能说明声音的传播需要介质的是
3641,在“油膜法估测分子大小”的实验中某同学用滴管吸取体积浓度为η的油酸酒精溶液一滴一滴地滴入量筒记下体积为V的油酸酒精溶液的滴数为N将痱子粉均匀地撒在浅盘内的水面上用滴管吸取体积浓度为η的油酸酒精溶液从低处向水面中央滴入一滴;将带有n个方格的玻璃板放在浅盘上待油酸薄膜的形状稳定后用彩笔将油酸薄膜的形状画在玻璃板上;根据方格数目估算出油酸薄膜的面积为S计算油酸分子直径的表达式正确的是
3647,家用电冰箱内的制冷系统主要由蒸发器、压缩机和冷凝器三部分组成如图所示的电冰箱压缩机和冰箱内照明灯泡连接电路示意图中是压缩机用的电动机受温控开关控制L是电冰箱内的照明灯泡受门控开关控制电动机和照明灯泡既能各自单独工作又能同时工作其中符合上述要求的电路图是
3653,图中所示的用具中在使用时属于费力杠杆的是
3670,在如图所示的四只碗中均盛满水用力的示意图表示碗壁所受的水的压力其中正确的是
3673,用照相机对如图的小猫咪拍照则图中能正确表示底片上所成像的是
3675,通电螺线管线圈中的电流方向和螺线管周围磁感线的分布如图所示其中正确的是
3677,如图所示四种情景中所使用的杠杆属于费力杠杆的是
3689,如图所示的电路中开关S闭合会发生短路的电路是
3696,图（a）为示管的原理图如果在电极YY'之间所加的电压图按图（b）所示的规律变化在电极XX'之间所加的电压按图（c）所示的规律变化则在荧光屏上会看到的图形是
3699,如图所示舰艇护航编队在较近距离时一般采用前后护航形式而不采用“并排”护航与之原理相同的实验是
3708,在如图所示的四种现象中属于光的反射现象的是
3733,一个带正电的小球受水平方向的匀强电场力和重力的作用由静止开始运动.不计空气阻力设坐标轴如图x轴的正方向与电场方向一致y轴向下原点在小球起始位置.在下列四个图示中哪个图可能表示此小球的运动轨迹
3772,下列几种电荷形成的电场中电场线分布的大致图形（及电场线方向）正确的是
3775,如图所示的事例中主要说明力能改变物体运动状态的是
3777,图中所示的光现象中由于光的折射形成的是
3780,一圆筒处于磁感应强度大小为B的匀强磁场中磁场方向与筒的轴平行筒的横截面如图所示图中直径MN的两端分别开有小孔筒绕其中心轴以角速度ω顺时针转动在该截面内一带电粒子从小孔M射入筒内射入时的运动方向与MN成30°角当筒转过90°时该粒子恰好从小孔N飞出圆筒不计重力若粒子在筒内未与筒壁发生碰撞则带电粒子的比荷为
3797,如下图所示的汽油机工作的四个冲程中做功冲程是
3825,某规格热敏电阻的阻值随环境温度的变化如图甲所示小阳兴趣小组要设计一个火情监视装置要求闭合开关S后有火情发生温度升高时电表示数增大下面四幅图中符合设计要求的电路图是
3828,静电透镜是利用静电场使电子束会聚或发散的一种装置其中某部分静电场的分布如下图所示虚线表示这个静电场在xoy平面内的一簇等势线等势线形状相对于ox轴、oy轴对称等势线的电势沿x轴正向增加且相邻两等势线的电势差相等一个电子经过P点（其横坐标为－x0）时速度与ox轴平行适当控制实验条件使该电子通过电场区域时仅在ox轴上方运动在通过电场区域过程中该电子沿y方向的分速度v随位置坐标x变化的示意图是
3829,如图所示的四个实验中能模拟滑动变阻器原理的是
3834,图3所示的电路中开关S闭合后两个灯泡属于串联的是
3838,如图所示你认为不能够探究影响音调高低的实验是
3846,如图所示的实例中属于连通器应用的是
3854,如图所示的电路中开关S闭合后三盏灯L1、L2、L3串联的是
3865,图5所示的实例中主要说明力改变物体运动状态的是
3873,如图所示容器底部有个受力面积为S的压力感应器AA紧密接触容器底部选项中正确表示A所受水的压力与容器中水的深度的对应关系的是
3876,下图所示的实验中能说明大气压强存在的是
3887,平行板间加如图所示周期变化的电压重力不计的带电粒子静止在平行板中央从t=0时刻开始将其释放运动过程无碰板情况.图中能定性描述粒子运动的速度图象正确的是
3891,小红将装有适量水的圆柱形玻璃杯放在物理书前适当位置看到了如图18甲所示的情形她又在硬纸板上画了一个如图18乙所示的转弯标志把它放在图18甲中物理书的位置可能看到的是图中的
3914,下图所示的各电路中能使用开关S控制电灯和电铃的是
3916,如图所示容器底部有个受力面积为S的压力感应器AA紧密接触容器底部选项中正确表示A所受水的压力与容器中水的深度的对应关系的是
3920,如图所示的四个电路图中各开关都闭合后灯泡L1与L2串联的是
3941,卢瑟福α粒子散射实验中金箔中的原子核可以看作静止不动下列各图画出了两个α粒子运动到金核附近时的散射轨迹其中可能正确的是
3963,电能给我们带来方便也能给我们带来伤害在图中所示的情景中做法正确的是
3969,若假想地磁场是由地球内部一块大磁铁产生的下图所示的四个示意图中能合理描述这块大磁铁的是
3973,下列核反应方程中属于裂变的是
3981,图中所示的四种用具中正常使用时属于省力杠杆的是
3982,在以下用电场线描述的四个电场中哪个电场是匀强电场
3983,如图所示X表示金原子核α粒子射向金核时被散射设入射的动能相同其偏转轨道可能是图中的
3996,某风力报警器的风力探头通过中心滑杆可带动下端的金属片上下移动当风速较小时仅绿灯亮电铃不响；当风速增大到一定程度后绿灯不亮电铃响发出警报下列四幅风力报警器的原理图符合要求的是
3999,如图所示玻璃管两端开口处蒙德橡皮膜绷紧程度相同将此装置置于水中中的四幅图能正确反映橡皮膜受到水的压强后的凹凸情况的
4002,如图所示的物态变化实例中由于液化形成的是
4008,物体放在凸透镜前12cm时在透镜另一侧的光屏上成一个清晰倒立放大的像：则一束平行于主光轴（标注了刻度）的光线入射到这个凸透镜后折射的光线正确的画法应是图中的
4009,图中所示的物态变化实例中由于升华形成的是
4022,一木箱静止在粗糙的水平地面上某时刻开始木箱受到一个方向不变的水平拉力作用设木箱与地面间的最大静摩擦力等于滑动摩擦力下图中能正确描述木箱受到的拉力F与木箱加速度a的关系图像是
4030,下图分别表示运动物体的速度v、加速度a、受合力F随时间的变化图像其中能描述自由落体运动规律的图像是
4045,某一弹簧振子做简谐运动下列图像可能正确反映加速度a与位移x的关系的是
4058,如图所示的四种措施中为了减小压强的是
4083,下图是描述地球上不同位置的人释放手中石块的示意图图中的虚线表示石块下落的路径下列对石块下落路径的描述最符合实际情况的示意图是
4085,下列图形中属于内能转化为机械能的是
4097,如图所示一束光从折射率为1.5的玻璃内射向空气在界面上的入射角为45°下面四个光路图中正确的是
4122,如图所示为三个阻值同为R的电阻以某方式进行连接的电路示意图下列电路与其效果相同的是
4132,如图所示公交车后门左右扶杆上各装有一个相当于开关的按钮当乘客按下任一按钮时铃声响起提醒司机有人要下车下列符合要求的电路是
4134,图甲是新一代电动自平衡独轮车四个选项中能表示其工作原理的是
4137,磁卡的磁条中有用于存储信息的磁极方向不同的磁化区刷卡器中有检测线圈当以速度v0刷卡时在线圈中产生感应电动势其E-t关系如图所示如果只将刷卡速度改为\(\frac{{{v0}}}{2}\)线圈中的E-t关系图可能是
4151,如图所示的四种现象属于光的折射现象的是
4165,在图中所示的实例中目的是为了减小压强的是
4169,在图中所示的四种现象中属于光的直线传播现象的是
4171,静电场方向平行于轴其电势φ随的分布可简化为如图所示的折线将一个带负电的粒子在=d处由静止释放它只在电场力作用下沿轴运动规定轴正方向为电场强度、加速度a、速度v的正方向下图分别表示轴上各点的电场强度粒子的加速度a、速度v和动能k随的变化图像其中正确的是
4209,如图所示的四个图像中描述物体做匀加速直线运动的是
4218,如图所示的实例中与大气压无关的是
4222,如图是手压电筒按压它的手柄手电筒中的塑料齿轮带动线圈内磁性飞轮高速旋转使灯泡发光与这一过程原理相同的是
4233,如图所示为三个阻值同为R/2的电阻以三角形的方式进行连接的电路示意图下列电路与其效果相同的是
4246,“遵守交通规则做文明出行的北京人”图6所示的交通信号灯由红灯、黄灯和绿灯组成红、黄、绿信号灯每次只能亮其中一盏灯图7所示的电路图中能实现上述要求的是
4273,如图所示物体沿斜而匀速下滑其受力分析正确的是
4281,如图甲图所示一个苹果挂在枝头A位置处于静止状态假定某一时刻所有外力都消失了用频闪照相（每隔0.2s拍摄一次）的方法记录下苹果的运动轨迹在图中（黑色圆点代表苹果）能正确描述所有力都消失后苹果运动轨迹的是
4286,在下列透明玻璃片（侧面图）中能够作为放大镜的是
4292,下列各图中小磁针静止时N极指向正确的是
4306,一简谐机械波沿x轴正方向传播周期为T波长为\(\lambda\)若在x=0处质点的振动图像如右图所示则该波在t=T/2时刻的波形曲线为
4320,如图所示是文文同学设计的用滑动变阻器调节灯泡亮度的几种方案你认为可以达到目的的方案是
4328,下图是丽丽家的几种用电器正常工作时的电流接近4A的用电器是‎A
4340,飞机黑匣子的电路等效为两部分一部分为信号发射电路可用等效电阻R1表示用开关S1控制30天后自动断开R1停止工作.另一部分为信号存储电路可用等效电阻R2表示用开关S2控制能持续工作6年.如图所示等效电路正确的是
4343,一简谐机械波沿x轴正方向传播周期为T波长为\(\lambda\)若在x=0处质点的振动图像如右图所示则该波在t=T/2时刻的波形曲线为
4345,如图是实验室电流表的内部结构图下列选项中与电流表的工作原理相同的是
4374,一束红紫两色的混合光从某种液体射向空气当研究在界面上发生的折射和反射现象时可能发生的情况是
4385,POS刷卡机的广泛应用给人们的生活带来了便利POS机的刷卡位置有一个绕有线圈的小铁环制成的检测头(如图所示)在使用时将带有磁条的信用卡在POS机指定位置刷一下检热头的线圈中就会产生变化的电流.POS机便可读出磁条上的信信息图中能反映POS刷卡机读出信息原理的是
4408,如图所示M、N为两根垂直纸而平行放置的直导线通有大小相等方向相反的电流IP为纸面上与M、N距离相等的一点M、N导线中的电流在P点产生的磁场的磁感应强度分别为B1、B2则下图中关于P点合磁场B的判断正确的是
4417,图中所示的磁体两极间磁感线的画法正确的是
4424,如图所示的透镜中属于凸透镜的是
4458,如图所示为一显示薄膜干涉及现象的实验装置P是附有肥皂膜的铁丝圈S是一点燃的酒精灯往火焰上洒些盐后在肥皂膜上观察到的干涉图像应是
4472,小明同学想要悬挂一个画框以下四种方法中每根绳子所受拉力最小的是
4474,下列现象中仅由于光的反射而形成的是
4486,下列电路元器件中能提供电能的是
4516,如图所示的现象中属于光的反射现象的是
4526,处于一匀强磁场中的一段载流导体若导体内的自由移动的电荷沿x轴正方向运动会受到洛伦兹力作用在导体内就会形成一电场EH这种现象就是霍尔效应下图中对电场EH方向描述正确的是
4535,在测量小灯泡伏安特性实验中电源内阻不计导线连接良好同学们连接的电路中有四个错误电路如图所示若将滑动变阻器的触头置于左端闭合S在向右端滑动触头过程中其中一个电路中会出现小灯泡L开始不亮后来忽然发光；电流表从示数不为零到线圈烧断的现象这个电路图是
4545,一简谐机械波沿x轴正方向传播周期为T波长为\(\lambda\)若在x=0处质点的振动图像如右图所示则该波在t=T/2时刻的波形曲线为
4573,高铁内的洗手间如果两个相邻的洗手间都有人并且锁住时红灯亮表示“有人”如果两洗手间都没有人或者只有一个有人时灯不亮表示可以使用下列电路图能实现上述功能的是
4575,在图中所示的物体中质量有可能达到5kg的是
4595,如图所示的电路图中能用电压表正确测出L1两端电压的是
4617,某同学从滑梯上匀速下滑滑梯对该同学支持力F的方向是
4641,下面四种情景中所使用的杠杆属于省力杠杆的是
4649,一质点的x-­t图像如图1­-6-­10所示那么此质点的v­-t图像可能是下图中的
4663,家庭常用的电吹风既能吹冷风又能吹热风下列电路中最符合电吹风工作要求的是
4675,5（2019.广东二模）如图所示发光二极管组成的红旗图案放在凸透镜之前与凸透镜的距离在一倍焦距和二倍焦距之间则红旗在光屏上所成清晰的像可能是下图中的
4676,在图3中关于车辆行驶警示不是针对惯性现象采取的措施是
4696,洋洋设计了一个自动测高仪给出了四个电路如图所示R是定值电阻R′是滑动变阻器其中能够实现身高越低电压表示数越大的电路是
4716,同一个小球先后放入四个盛有不同液体的容器中静止时的位置如图所示四个容器中的液面到容器底面的距离相等则容器底面受到液体压强最小的是
4720,如图所示为三个阻值同为R的电阻以一特殊的方式进行连接的电路示意图下列电路与其效果相同的是
4721,图中所示的家用电器中利用电流热效应工作的是
4727,图所示的实例中目的是为了减小摩擦的是
4737,图中的实验不能揭示流体压强与流速关系的实验是
4748,一简谐机械波沿x轴正方向传播周期为T波长为\(\lambda\)若在x=0处质点的振动图像如右图所示则该波在t=T/2时刻的波形曲线为
4749,某款电动自行车的两刹车手柄中各有一只开关S1和S2在行驶中用任一只手柄刹车时该手柄的开关立即断开电动机停止工作如图所示的模拟电路中符合要求的是
4765,扫描隧道显微镜(STM)可用来探测样品表面原子尺度上的形貌为了有效隔离外界振动对STM的扰动在圆底盘周边沿其径向对称地安装若干对紫铜薄板并施加磁场来快速衰减其微小振动如图所示无扰动时按下列四种方案对紫铜薄板施加恒磁场；出现扰动后对于紫铜薄板上下及其左右振动的衰减最有效的方案是
4780,如图所示的几种机械吊起同一物体（不计杠杆重、绳重、滑轮重以及机械间的摩擦）其中最省力的是
4782,图中所示的光现象中由于光的折射形成的是
4798,为避免超高车辆闯入隧道造成事故小欢设计了警示电路使用时闭合开关S导线EF横置于隧道口上沿前方一旦被驶来的车辆撞断红灯L亮且电动机转动放下栏杆灯和电动机中即使其中之一断路另一个也能正常工作下列电路中符合要求的是
4806,一木箱静止在粗糙的水平地面上某时刻开始木箱受到一个方向不变的水平拉力作用设木箱与地面间的最大静摩擦力等于滑动摩擦力下图中关于木箱受到的拉力F与木箱加速度a的关系下列图像描述大致正确的是
4810,下列电路元器件中能调节电路中电流大小的是
4836,下列机械或工具的使用属于费力杠杆的是
4855,下图是某品牌的抽油烟机主要部件是照明灯和抽气扇(电动机)它们可以独立工作互不影响抽气扇有“强吸”和“弱吸”两个档位功率大小不同下列电路图中符合要求的是
4861,如图所示的四幅实验装置图中对电磁起重机的发明有直接影响的是
4864,如图所示电路中闭合开关S当滑动变阻器的滑动触头从最高端P向下滑动时
4877,如图所示汽车在水平公路上转弯沿曲线由M向N加速行驶图中分别画出了汽车转弯时所受合力F的四种方向你认为正确的是
4881,如图所示的实例中目的是为了增大摩擦的是
4905,2016年春运期间如图是机场的安检人员用手持金属探测器检查乘客的情景基本原理是当探测线圈靠近金属物体时在金属物体中就会产生电流如果能检测出这种变化就可以判定探测线圈下面有金属物体了下图中能反映出金属探测器工作原理的是
4920,下列几组生活现象与其所蕴含的物理知识对应完全正确的是
4934,如图所示水的三态之间转化过程所对应的物态变化名称标注都正确的是
4942,请根据所学知识完成下面光路图正确的是
4951,下列使用的工具中属于费力杠杆的是
4961,请根据所学知识完成下面光路图正确的是
4965,下列电路元器件中能控制电路工作状态的是
4971,一个标有“220V60W”的白炽灯泡两端的电压U由零逐渐增大在此过程中电压U和电流I的关系可用图线表示下列四个图线可能符合实际的是
4994,如图所示的实物连接电路中满足“灯L1与L2并联、电流表测量灯L1支路电流”条件的电路是
5009,如图所示的各种自然现象中属于凝华的是
5028,如图所示属于连通器的是
5034,如图所示为滑动变阻器的四种接线方法当滑片P向右移动时接入电路中的电阻变小的是
5059,如图所示①②③④为探究物理规律的四个实验abcd为物理规律的应用实例箭头表示规律和应用之间的对应关系其中对应关系正确的是
5067,厦门是一座高颜值、高素质的城市拥有“城在海上海在城中”的独特风光如图美景中由于光的镜面反射形成的是
5083,图中所示的各电路中电源两端电压保持不变R0为已知电阻能够测出待测电阻Rx阻值的电路是
5088,图中能正确描述电阻一定时电流随电压变化的图象是
5092,在图中所示的四种现象中属于光的直线传播现象的是
5094,如图所示的四幅图中用热传递方式改变物体内能的是
5097,如图11所示的各种做法中符合安全用电原则的是
5102,如图所示的实例中目的是为了减小压强的是
5120,如图为莆田市“母亲河”木兰溪的美丽夜景平静的水面上木兰溪大桥与水中倒影相映成趣当水面上升后看到的“桥拱”与其像大致形状是
5125,如图所示下列通电螺线管的左端为N极的是
5138,下图是描述地球上不同位置的人释放手中石块的示意图图中的虚线表示石块下落的路径下列对石块下落路径的描述最符合实际情况的示意图是
5154,图中所示的实例中目的是为了增大摩擦的是
5156,如图AB之间一定存在弹力的是
5158,如图所示的各电路中电源两端电压保持不变R0为已知电阻能够测出待测电阻Rx阻值的电路是
5205,如图吊扇灯风扇和灯可以各自独立工作以下电路符合其工作原理的是
5247,如图17所示下列通电螺线管的左端为N极的是
5249,如图10所示①②③④为探究物理规律的四个实验abcd为物理规律应用的实例箭头表示规律和应用的对应关系其中对应关系正确的是
5258,在测小灯泡额定电功率的实验中提供的实验器材有：符合实验要求的电源（电源两端电压不变且未知）、电流表、电压表、滑动变阻器R1、阻值已知的定值电阻R、阻值未知的定值电阻R'、额定电压为3.8V小灯泡L、开关和导线若干同学们设计了图14所示的几种测量电路在不拆改电路的前提下能够测量出小灯泡L的额定功率的是
5269,如图16所示是小安测量未知电阻Rx的实验电路电源两端电压为U不变其中R0为阻值已知的定值电阻当开关S1、S2闭合开关S3断开时电压表示数为U1；当开关S1、S3闭合开关S2断开时电压表示数为U2则下列四个表达式中正确的是
5284,如图三个大小相等的力作用于同一点O则合力最小的是
5308,如图所示的通电螺线管中螺线管的右端是N极的是
5360,图11所示的实例中属于电磁铁应用的是
5392,在图所示的四个电路图中三盏灯串联或三盏灯并联的是
5394,如图四个实例中主要利用“流体流速越大压强越小”原理工作的是
5400,如图所示正常使用时属于费力杠杆的是
5415,图中利用连通器原理的是
5420,在图中所示的四种现象中属于光的直线传播现象的是
5433,如图12所示①②③④为一些物理实验abcd为根据实验现象得出的结论箭头表示实验现象和结论的对应关系其中对应关系正确的是
5434,在下列透明玻璃片（侧面图）中能够作为放大镜的是
5437,下列杠杆能够保持平衡的是
5441,如图所示的实例中属于连通器应用的是
5452,如图所示的图象与所反映的各物理量之间的关系其中描述正确的是
5457,下列情境中物体M所受摩擦力的示意图正确的是
5467,下列小实验都与压强有关其中能证明大气压强存在的是
5497,图中所示的四个实例中目的是为了增大摩擦的是
5513,物理学中研究的物理量不能直接测量时常常把它们转换成其他可测量的物理量从而进行研究比较称之为转换法图18所示的四个实验中利用转换法的是
5529,如图所示的下列现象中属于光的反射的是
5554,摩擦起电是日常生活中常见的现象在某些场所可能会引发安全事故如图所示是张贴在加油站中的安全标识其中与摩擦起电有关的是
5564,图10所示是磁现象的四幅示意图其中关于小磁针指向或磁感线方向正确的是
5568,如图所示的四个电路三盏灯之间不是并联的是
5576,利用下列器材不能完成的实验是
5582,一个容器装了一定量的水容器中有空气把这个容器带到绕地球运转的宇宙飞船中则容器中的空气和水的形状应如图中的
5587,在下图所示的四个实例中为了增大摩擦的是
5593,如图14所示①②③④为四个物理实验abcd为应用物理知识的实例箭头表示实验揭示的物理知识所对应的应用实例其中对应关系正确的是
5608,下列杠杆能够保持平衡的是
5652,如图10所示①②③④为物理学习中做的四个实验abcd为应用实例箭头表示实验和应用的对应关系其中对应关系正确的是
5664,在下列透明玻璃片（侧面图）中能够作为放大镜的是
5667,指纹锁是一种高科技产品它的“钥匙”是特定人的指纹S1、磁卡S2或应急钥匙S3三者都可以单独使电动工作而打开门锁下图中符合要求的电路图是
5681,如图中所示的工具在使用时属于省力杠杆的是
5697,图中所示的各电路中电源两端电压保持不变R0为已知电阻能够测出待测电阻Rx阻值的电路是
5698,在下图所示的四个实例中为了增大摩擦的是
5713,光线由空气进入半圆形玻璃砖再由玻璃砖射入空气中下面四幅光路图中O点是半圆形玻璃砖的圆心可能正确的是
5721,下图是描述地球上不同位置的人释放手中石块的示意图图中的虚线表示石块下落的路径下列对石块下落路径的描述最符合实际情况的示意图是
5753,如图所示的事例中属于利用惯性的是
5783,如图13所示为探究物理规律的四个实验和物理规律的应用实例箭头表示规律和应用的对应关系其中对应关系正确的是
5787,在下图所示的四个实例中为了增大摩擦的是
5791,下列杠杆能够保持平衡的是
5793,如图所示的事例中利用大气压的是
5805,在图中所示的四种现象中属于光的直线传播现象的是
5874,超导体在低温条件下其电阻的阻值会变为“零”若磁场中的导体内部存在磁场根据超导体的“零电阻”特性所以人们猜测：当它变成超导体其内部的磁场分布必须保持不变因为当磁场分布随时间发生变化时就会产生电场这样超导体内的自由电荷就会在电场力的作用下不断加速而使得电流越来越大不可控制但是实验结果与人们的猜测是不同的：磁场中的超导体能将磁场完全排斥在超导体外即内部完全没有磁场超导体的这种特性叫做“完全抗磁性”（迈斯纳效应）现在有两个实验方案：方案一：如右图所示先将一个金属球放入匀强磁场中等稳定后再降温使其成为超导球并保持低温环境然后撤去该磁场；方案二：先将该金属球降低温度直至成为超导球保持低温环境加上匀强磁场待球稳定后再将磁场撤去根据以上信息对于两组实验中的金属球当从金属球变成超导球的过程其内部的磁场前后变化情况可能的是
5875,在图所示的四个电路中开关闭合后两盏灯都能发光的是
5876,如图所示的实例中目的是为了减小压强的是
5878,图10所示①②③④为探究物理规律的四个实验abcd为物理规律的应用实例箭头表示规律和应用的对应关系其中对应关系正确的是
5884,小刚利用如图12甲所示的滑轮组及相关器材进行实验改变所挂物体重G在绳自由端施加竖直向上的拉力F使滑轮组匀速提拉重物升高相同的高度拉力所做的总功为W滑轮组的机械效率为η不计绳重及轮与轴的摩擦图12乙中关于物重G及对应的W和η的关系图像其中正确的是
5886,同一个小球先后放入四个盛有不同液体的容器中静止时的位置如图所示四个容器中的液面到容器底面的距离相等则容器底面受到液体压强最小的是
5892,如图所示①②③④为物理课上做过的四个实验abcd为应用实例箭头表示实验和应用的对应关系其中对应关系正确的是
5902,如图所示关于北京特色建筑的描述中由于光的折射形成的是
5909,超导体在低温条件下其电阻的阻值会变为“零”若磁场中的导体内部存在磁场根据超导体的“零电阻”特性所以人们猜测：当它变成超导体其内部的磁场分布必须保持不变因为当磁场分布随时间发生变化时就会产生电场这样超导体内的自由电荷就会在电场力的作用下不断加速而使得电流越来越大不可控制但是实验结果与人们的猜测是不同的：磁场中的超导体能将磁场完全排斥在超导体外即内部完全没有磁场超导体的这种特性叫做“完全抗磁性”（迈斯纳效应）现在有两个实验方案：方案一：如右图所示先将一个金属球放入匀强磁场中等稳定后再降温使其成为超导球并保持低温环境然后撤去该磁场；方案二：先将该金属球降低温度直至成为超导球保持低温环境加上匀强磁场待球稳定后再将磁场撤去根据以上信息对于两组实验中的金属球当从金属球变成超导球的过程其内部的磁场前后变化情况可能的是
5917,如图所示①②③④为探究物理规律的四个实验abcd为物理规律的应用实例箭头表示规律和应用的对应关系其中对应关系正确的是
5919,图中所示物理规律、物理知识与应用对应关系中正确的是
5920,某物理学习小组在做“研究平抛运动”的实验时得到小球做平抛运动的轨迹以小球被抛出的位置为原点初速度的方向为x轴的方向竖直向下的方向为y轴的方向建立平面直角坐标系如图所示该小组对实验进一步分析分别画出了x、y、\(\frac{y}{x}\)和动能Ek随时间t变化关系的示意图其中不正确的是
5941,将自由转动的指南针放在地球表面的赤道上图7中能够表示其静止时的示意图是
5946,下图中有A、B、C、D四种测量水温的操作正确的是
5948,图13所示①②③④为探究物理规律的四个实验abcd为物理规律的应用实例箭头表示规律和应用的对应关系其中对应关系正确的是
5975,如图所示的实例中目的是为了减小压强的是
5976,地磅工作时重物越重电表的示数就越大下列四幅电路图中R′是滑动变阻器R是定值电阻其中符合地磅工作原理的是
5997,如图所示的实例中目的是为了减小压强的是
6042,图中A球系在绝缘细线的下端B球固定在绝缘平面上它们带电的种类以及位置已在图中标出球A能保持静止的是
6117,如图所示的事例中利用大气压的是
6160,图中所示的四个实例中目的是为了增大摩擦的是
6235,图中所示的四个实例中目的是为了减小摩擦的是
6239,将密度为ρ的铁块放在水平桌面上圆柱体的高度为h底面积为S①则柱体对桌面压强表达式p＝②结合液体压强的表达式说明液体压强和固体压强的区别和联系
6261,图11所示的实例中属于电磁铁应用的是
6279,在图中所示的四种现象中属于光的直线传播现象的是
6283,图中所示的实例中目的是为了增大摩擦的是
6290,如图所示虚线框中存在匀强电场E和匀强磁场B它们相互正交或平行有一个带负电的小球从该复合场上方的某一高度处自由落下那么带电小球可能沿直线通过下列的哪些复合场区域
6550,下列杠杆能够保持平衡的是
6579,如图所示为滑动变阻器的四种接线方法当滑片P向右移动时接入电路中的电阻变小的是
6626,如图所示虚线空间中存在由匀强电场E和匀强磁场B组成的正交或平行的电场和磁场(图中实线为电场线)有一个带正电小球(电荷量为＋q质量为m)从电磁复合场上方的某一高度自由落下那么带电小球可能沿直线通过的是
6744,为测定未知电阻Rx在电路中的实际功率在只有一个电流表的情况下小明设计了如图中所示的四种实验电路R0是阻值已知的定值电阻电源电压不变但电压大小未知图中实线所画出的电流表是第一次测量时所连接的位置虚线所画的电流表是第二次测量时所连接的位置这四个电路中能测出电阻Rx的实际功率的是
6753,如图所示①②③④为探究物理规律的四个实验abcd为物理规律的应用实例箭头表示规律和应用之间的对应关系其中对应关系正确的是
6766,如图所示的实例中属于连通器应用的是
6771,下列各图中P、Q两物体之间存在弹力的是（所有的接触面都是光滑物体处于静止状态）
6807,如图所示在坐标系xOy中有边长为L的正方形金属线框abcd其一条对角线ac和y轴重合顶点a位于坐标原点O处在第Ⅰ象限内有一垂直纸面向里的匀强磁场磁场的上边界与线框的ab边刚好完全重合下边界与x轴重合右边界与y轴平行t＝0时刻线圈以恒定的速度v沿垂直于磁场上边界的方向穿过磁场区域取a→b→c→d→a为感应电流的正方向则在线圈穿越磁场区域的过程中感应电流i、ab间的电势差Uab随时间t变化的图线应是
6816,如图所示的匀强磁场中已经标出了电流I和磁场B以及磁场对电流作用力F三者的方向其中正确的是
6826,在下图所示的四个实例中为了增大摩擦的是
6887,如图是用高速摄影机拍摄到的子弹射过扑克牌的一幅照片已知子弹的平均速度约为900m/s子弹的真实长度为2.0cm试估计子弹完全穿过扑克牌所需时间t约为s
6934,如图所示①②③④为探究物理规律的四个实验abcd为物理规律的应用实例箭头表示规律和应用的对应关系其中对应关系正确的是
8012,如图24所示的电路中电源电压为6V且保持不变电阻R1的阻值为10Ω电阻R2的阻值为2Ω求：①骑车从家到达书店这段路程中的平均速度是多少？②从家里出发到学校的全过程中的平均速度是多大
8018,小莉把一圆柱形物体挂在弹簧测力计的挂钩上将圆柱形物体逐渐浸入某种液体中观察并记录物体排开液体的体积V和弹簧测力计的示数F得到如下表所示的实验数据请根据表中数据归纳出F与V的关系F
8023,请将气体、液体、固体、吸热、放热等词汇填到下图合适位置
8030,下列情形中各是哪种力使物体移动、转动或改变形状？请用“”连起来
8036,根据下图所示的实物图在方框中画出相应的电路图
8040,如右图所示在一粗糙的水平面上有两个质量分别为m1和m2的木块1和2中间用一原长为L、劲度系数为k的轻弹簧相连木块与地面间的动摩擦因数为μ现用一水平力F向右拉木块2当两木块一起匀速运动时两木块的距离为
8046,小军利用一块电压表和阻值已知的电阻R0测量电阻Rx的阻值他选择了满足实验要求的电源、已调零的电压表并连接了部分实验电路如图29所示小军设计的实验电路要求是：只闭合开关S和S1时电压表测量的是电阻R0两端的电压U1；只闭合开关S和S2时电压表测量的是电源两端的电压U2（1请你根据小军的设计要求只添加两根导线完成图29所示的实验电路的连接（2请你用U1、U2和R0表示RxRx
8060,如图所示要以最省力的方式水平拉动汽车请画出滑轮组的绕线方式
8063,由于家庭中大功率用电器增多常用的闸刀开关保险丝经常熔断更换麻烦如图所示是小明正在设计的新型自动开关的一部分请你帮助完成设计实现电流过大自动断开在图中补画出你的设计形成完整的结构原理图
8079,请用笔画线代替导线把图中螺口灯泡及其开关正确接入电路
8088,如图所示弹簧的一端固定另一端连接一个物块弹簧质量不计物块（可视为质点）的质量为m在水平桌面上沿x轴运动与桌面间的动摩擦因数为μ以弹簧原长时物块的位置为坐标原点O当弹簧的伸长量为x时物块所受弹力大小为F=kxk为常量请画出F随x变化的示意图；并根据F-x图象求物块沿x轴从O点运动到位置x的过程中弹力所做的功
8096,请在图5中画出小球受到的重力G的示意图
8104,当光照射到物体上时会对物体表面产生压力其大小与入射光的功率有关若光照射在镜子上光对镜子表面产生的压力F和入射光功率P的数据如下表所示则F和P关系的表达式为F
8110,航空母舰上的起飞跑道由水平跑道和倾斜跑道两部分组成飞机在发动机的推力作用下在水平和倾斜跑道上滑行我们可以把这种情境简化为如图所示的模型水平面AB长度x1=2m斜面BC长度x2=1m两部分末端的高度差h=0.5m一个质量m=2kg的物块在推力F作用下从A点开始在水平面和斜面上运动推力大小恒为F=12N方向沿着水平方向和平行斜面的方向物块与水平面、斜面间的动摩擦因数均为0.2g取10m/s2求物块到达斜面末端C点时的动能Ek
8128,有甲、乙两根导线1min内通过甲导线的电荷量是15C1s内通过乙导线的电荷量是0.25C比较甲乙两导线中的电流则I甲I乙（填大于小于或等于）
8131,如图6所示某同学用该装置做“验证机械能守恒定律”的实验实验中让重锤拖着纸带从静止开始下落打点计时器在纸带上打下一系列点图7所示是某次实验得到的一条纸带O点是重锤开始下落时打点计时器打下的点；A、B、C、D是打点计时器连续打下的四个点测得它们到起始点O的距离分别为h1、h2、h3、h4已知重锤的质量为m当地重力加速度为g打点计时器打点的周期为T在打下C点时为了验证机械能守恒定律需要将重锤动能的增加量ΔEk=（用题中所给物理量符号表示）与重锤重力势能的减少量ΔEp=（用题中所给物理量符号表示）进行比较由于实验中存在误差实验结果往往是ΔEkΔEp（选填“小于”、“等于”或“大于”）其原因可能是（写出一条即可）
8134,如图所示物体在力F的作用下在水平面上发生了一段位移l分别计算这三种情形下力F对物体做的功设这三种情形下力和位移的大小都相同：F＝10Nl＝2m角θ的大小如图所示
8151,质量为m的物体以初速度v平抛出去飞行过程中当物体的速度与竖直方向成30º角时重力的瞬时功率是平均功率是(重力加速度为g)
8163,质量为m1的液体甲与质量为m2的液体乙相混合已知甲、乙两种液体的密度分别为ρ1、ρ2混合后液体的密度为多少？（两种液体混合前后总体积不变）
8166,如图所示把质量为2m的、内壁光滑的导管弯成半径为R的圆轨道竖直放置质量为m的小球在管内滚动当小球运动到最高点时导管刚好要离开地面此时小球的速度大小
8170,如图当溢水杯盛满某种液体时把实心物块缓慢放入杯中物块漂浮静止后溢出液体的质量为m1；当溢水杯盛满密度为ρ的液体时把同一物块缓慢放入杯中物块沉底静止后溢出液体的质量为m2则物块的密度为
8171,按要求画出电路图并连接实物图要求：电灯L1、L2串联电压表V1测量灯L1两端的电压电压表V2测量电源两端的电压
8177,小军利用一块电压表和阻值已知的电阻R0测量电阻Rx的阻值他选择了满足实验要求的电源、已调零的电压表并连接了部分实验电路如图29所示小军设计的实验电路要求是：只闭合开关S和S1时电压表测量的是电阻R0两端的电压U1；只闭合开关S和S2时电压表测量的是电源两端的电压U2（1请你根据小军的设计要求只添加两根导线完成图29所示的实验电路的连接（2请你用U1、U2和R0表示RxRx
8182,在居民楼的楼道中装有声控开关和光控开关共同控制的楼道灯夜晚当有人走动发出声音时电路接通灯亮白天无论发出多大的声音灯也不亮请将图中的器材连成符合楼道要求的电路
8183,小明利用电压表和阻值为R0的定值电阻测量额定电压为2.5V的小灯泡L正常发光时的电阻RL他选择了满足实验要求的实验器材并连接了部分实验电路如图25所示（1为了测量出L的阻值RL请只添加一条导线完成图25所示的实验电路的连接；（2小明的实验步骤：①断开开关S3、闭合开关S1、S2移动滑动变阻器的滑片P使电压表示数为2.5V；②保持滑动变阻器的滑片位置不变断开开关S2、闭合开关S3记录电压表的示数为U请用已知量及所测物理量表示出RLRL
8189,如图所示画出物体A所受重力的示意图
8190,如图所示两灯并联的实物图只有一条导线连接错误用“×”表示在原图中画出正确的连接并在方框中画出正确的电路图
8226,通电螺线管磁场的实验中在螺线管附近放两个小磁针硬纸板上均匀地撒满铁屑通电后观察到小磁针静止时的指向和铁屑的排列如图甲所示请你根据图甲所示的实验结果在图乙中画出螺线管内部及周围的磁感线分布情况（画出5条线）并标出螺线管N极和S极
8235,如图所示把质量为2m的、内壁光滑的导管弯成半径为R的圆轨道竖直放置质量为m的小球在管内滚动当小球运动到最高点时导管刚好要离开地面此时小球的速度大小
8241,请将图中的连接有保险盒的三孔插座正确地连入家庭电路
8242,在v-t图像中图线与t轴所夹的面积表示在t时间内物体做匀变速直线运动的位移试根据此结论利用本图推导出匀变速直线运动的位移与时间的关系式
8251,如图甲所示家用漏电保护器是在用电器发生漏电故障或人体触电时实施保护的设备它的内部构造如图乙所示包含有两个部分检测装置和试验电路家庭电路漏电时通过火线与零线的电流不相等漏电保护器中有一检测装置（双虚线框内未具体画出）当它检测到通过自身的火线和零线的电流不等时便切断电源起到保护作用漏电保护器中还有试验电路由一只开关S与一个电阻R组成闭合开关S就能模拟漏电情形从而检查漏电保护器工作是否正常请在图乙中漏电保护器的虚线框内画出试验电路
8277,将密度为ρ的铁块放在水平桌面上圆柱体的高度为h底面积为S①则柱体对桌面压强表达式②结合液体压强的表达式说明液体压强和固体压强的区别和联系
8278,下表是小强在实验中记录的实验数据请根据表格中的数据归纳出压强p与力F的关系式：p＝
8283,在图16中根据光的反射定律画出入射光线AO的反射光线OB
8284,小阳在做“组成串联电路”的实验时将电路按图所示连好后闭合开关两灯均不亮经检查电路连接无误实验员告诉小阳是其中一个小灯泡坏了为了让小阳能够检测出坏了的灯泡实验员为他提供了一根导线、一块电流表和一块电压表请你选用所提供的器材至少用两种方法检测出坏的灯泡请在表格中写出检测的方法并进行现象分析检验方法现象分析方法一：方法二
8291,小阳在探究“电路中一个可变电阻两端电压U与通过它的电流I的关系”时得到如下表所示的实验数据请根据表中数据归纳出U与I的关系：U
8296,请画出图中定滑轮内支点O、动力臂L1和阻力臂L2
8301,用电压表、电流表测得灯两端的电压是4.5V通过灯的电流是0.48A在图所示的电压表、电流表上画出所使用的接线柱及指针的位置
8319,如图是运动员将足球顶出去的情景请画出足球被顶出去后球受到力的示意图（忽略空气阻力）
8321,按要求画出电路图并连接实物图.要求：电灯L1L2并联电压表V测灯L1两端的电压电流表A测干路的电流开关只控制电灯L2
8324,器内装有一定质量的密度为p的液体不考虑大气压的影响容器上横截面积为S的塞子的下表面受到液体向上的压力F＝答案
8348,如图所示利用动滑轮来提升一个物体拉力F竖直向上动滑轮其实就是一个变形的杠杆请在图中标出它的支点O并画出F的力臂L
8356,粮仓为了防止谷物缓慢氧化积聚热量过多而发生火灾如图所示用带金属丝的水银温度计和电磁继电器安装成自动报警器正常情况下绿灯亮当仓内温度升高时红灯亮同时电铃也响以此来报警请按上述要求把各元件连成电路
8371,如图所示一束光从直角三角形玻璃砖AB面垂直射入从玻璃砖AC面射出请画出光束在玻璃砖中和离开玻璃砖后的光路
8385,小京利用铝块、细线、量筒和适量的水测量一个形状不规则的小蜡块的密度图18所示的四个图是小京正确测量过程的示意图图中V0、V1、V2、V别是量筒中水面所对应的示数已知水的密度为水利用图中测量出的物理量和水计算小蜡块的密度写出小蜡块密度的表达式：蜡
8392,小莉把一圆柱形物体挂在弹簧测力计的挂钩上将圆柱形物体逐渐浸入某种液体中观察并记录物体排开液体的体积V和弹簧测力计的示数F得到如下表所示的实验数据请根据表中数据归纳出F与V的关系F
8399,工人站在地上利用如图所示的滑轮组把重物提升到楼上请在图中画出滑轮组的绕绳方法
8410,如图15所示O点为杠杆的支点请画出力F的力臂并用字母L表示
8411,如图甲所示家用漏电保护器是在用电器发生漏电故障或人体触电时实施保护的设备它的内部构造如图乙所示包含有两个部分检测装置和试验电路家庭电路漏电时通过火线与零线的电流不相等漏电保护器中有一检测装置（双虚线框内未具体画出）当它检测到通过自身的火线和零线的电流不等时便切断电源起到保护作用漏电保护器中还有试验电路由一只开关S与一个电阻R组成闭合开关S就能模拟漏电情形从而检查漏电保护器工作是否正常请在图乙中漏电保护器的虚线框内画出试验电路
8418,重为70N的铅球抛出后的运动轨迹如图所示画出铅球在A位置时所受重力的示意图
8419,如图所示小球用细线悬挂在天花板上做出细线对天花板的示意图
8427,请在图中画出物体AB经过凸透镜成像A′B′的光路图
8438,如图所示是没有组装的滑轮组如果用它来提升重物请你用笔画线代表绳子画出两种组装方法
8443,民航客机机舱紧急出口的气囊是一条连接出口与地面的斜面若斜面高3.2m长6.5m质量60kg的人沿斜面滑下时所受的阻力是240N求人滑至底端时的速度（g取10m/s2）
8448,工人站在地上利用如图所示的滑轮组把重物提升到楼上请在图中画出滑轮组的绕绳方法
8450,如图所示是一质点做直线运动的v-t图像请你画出该质点在前3s内的加速度a随时间t变化关系的图像
8458,如图所示给你如下器材：电磁继电器一只红、绿灯各一个(均标有“6v0.8w”)开关一只电流表一只滑动变阻器一只(最大电阻50Ω)干电池(1.5v)三只蓄电池6v请按下列要求（同时满足）画出电路图并连接实物①开关作为控制电路开关当开关闭合时绿灯亮开关断开时红灯亮②磁继电器的线圈允许通过的最大电流为0.1A用滑动变阻器改变控制电路的电流并用电流表进行监测
8461,已知篮球所受重力G=6N在如图中画出篮球飞行过程所受重力的示意图
8478,如图所示画出重为20N的物体B所受重力的示意图
8480,探究牛顿第二定律的实验中得到了实验结果：物体质量一定时物体的加速度与合外力成正比；物体受到的合外力一定时物体的加速度与质量成反比请据此结论推出牛顿第二定律的数学表达形式和定义力的单位
8482,如图所示工人用大小为600N的推力将箱子推上斜面（推力的方向与斜面平行）请作出推力的示意图（图中已给出推力的作用点）
8498,迈斯纳和奥克森菲尔德两位科学家发现如果把超导体放在磁场中冷却则在材料电阻消失的同时外加磁场也无法进入超导体内形象地来说就是磁感线将从超导体中被排出不能通过超导体这种抗磁性现象称为“迈斯纳效应”若下图是普通导体放在磁场中时磁感线的示意图请你画出超导体放在这样磁场中时磁感线的走向
8522,用如图所示的滑轮组提升重物请画出最省力的滑轮组绕线
8523,步行不仅是一种简易的健身运动而且还能方便地对一些长度进行估测下面是小华设计的估算自己每走一步增加重力势能的实验：小华先根据自己的腿长和步距画出了如图所示的步行示意图然后对步行时重心的变化进行了分析当两脚一前一后着地时重心降低而单脚着地迈步时重心升高因此每走一步有重力势能的变化如果小华的质量为50kg请你根据图中小华测量的有关数据回答下列问题（g取10N/kg)①已知重力势能的变化可以用重力做功的大小来表示请你根据所学知识给出小华计算每走一步重力势能变化的表达式②根据表达式计算出小华计算每走一步重力势能变化的数值
8529,已知篮球所受重力G=6N在如图中画出篮球飞行过程所受重力的示意图
8533,某人用与水平方向成30°角斜向右上方大小为100N的拉力在A点处拉着一重为300N的木箱运动请在图中画出拉力的示意图
8541,某中学生参加百米比赛右图记录该同学从起跑开始直到终点的速度v随时间t变化的图像请你根据图像简要说明该同学运动过程中的加速度变化情况并利用图中符号表示加速过程中最大加速度与最小加速度
8544,如图16所示是光线穿过透镜后的折射情况请在虚线框内填上适当类型的透镜
8555,在图中所示电路里画出电流表、电压表和它们的正、负接线柱
8571,如图所示把质量为2m的、内壁光滑的导管弯成半径为R的圆轨道竖直放置质量为m的小球在管内滚动当小球运动到最高点时导管刚好要离开地面此时小球的速度大小
8574,做匀变速直线运动的物体在ts内通过的位移为x比较中间时刻的速度和位移中点的速度大小
8577,吴丽同学要设计一个家庭表决器器材有一个电铃、三只单刀单掷开关、两节干电池和一个小灯泡每人控制一个开关要求：只要吴丽同意灯亮；父母中只要一人同意铃响
8581,请在图6中画出拉力F的力臂L
8594,小宝在某次电学实验中根据实验数据绘制了电压U与电流I关系的图像如图23所示请你根据该图像写出电压U和电流I的关系式：U＝
8598,暑假期间物理老师带物理小组的同学乘“动车组”参加夏令营的活动火车开动前广播里传来了列车员对“动车组”运行情况的介绍从广播里他们了解到“动车组”运行的最高时速可达240km/h于是老师给小组的同学们提出了这样的课题：在列车开动的过程中用手边的物品估测一下列车加速过程的加速度大小于是同学们开始讨论起来并在列车启动后开始了测量其中有两个同学的测量过程如下：小刚同学用塑料绳把一只小铁锁吊在行李架上使悬挂点正好在小桌边缘的正上方他测出悬挂点到小铁锁的距离L及加速阶段小铁锁偏离桌子边缘的水平距离d后说我已能算出火车的加速度了小明同学坐在窗边不动声色时而抬头看看窗外铁路边的里程碑（每隔100m有一个里程碑）时而看看自己的手表往复了几次依次记录下列车通过相邻里程碑之间距离所用时间t1、t2、……在别人还在忙碌时小明宣布说“我已测出了火车的加速度”请你判断一下：以上同学的方法能否测出加速度如果不能请说明理由如果能请通过计算说明他们的测量结果各是什么并对于小刚和小明的测量方法做出评价
8607,如图34所示电路电源电压保持不变R2=40Ω当滑动变阻器滑片P置于b端时R1两端电压与R2两端电压之比为3:25min内R2产生的热量为120J求：（1当滑片P置于b端时电路中的电流I；（2当滑片P置于b端时电阻R1接入电路的阻值；（3当滑片P置于a端时电路的总功率P
8616,图25是某建筑工地利用滑轮组和卷扬机提起重物的示意图当以0.1m/s的速度提起重物时滑轮组的机械效率是η卷扬机拉力的功率为P已知：重物的重力为900N动滑轮的重力为100N忽略绳重及滑轮轴摩擦g取10N/kg求：①滑轮组的机械效率η；②卷扬机拉力的功率为P
8618,请你将如图所示的实物电路连接完成（电源电压恒定）要求：①电压表测量滑动变阻器两端电压；②闭合开关向左移动滑动变阻器滑片灯变亮
8622,图35是利用液压起重机提升重物的示意图起重机工作过程中在几个支脚M的作用下使车轮离开水平地面在某次提升重物A的过程中可绕D点自由转动的吊臂BD始终保持水平方向柱塞E始终保持竖直方向且作用于吊臂的C点已知起重机质量为8000kg支脚对地面的作用总面积S=0.2m2CD=2mBD=8mmA=2000kg物体A竖直匀速上升速度v=0.45m/s忽略吊臂、滑轮、钢丝绳的质量不计摩擦g取10N/kg求：（1起重机提升重物A的功率PA；（2起重机提升重物A的过程中起重机对地面的压强p；（3起重机柱塞E对吊臂BD的支持力F；
8630,小华是班里学习较弱的学生小强经常帮助他学习不让他在班级里掉队他们的口号是“不抛弃不放弃！”在一次连接电路练习中老师要求把L1和L2连接成并联关系开关S1和S2各控制一盏灯小华把元件连成如图18所示电路之后不知道两根电源线如何连接请你代替小强以笔代线帮助小华按照老师要求完成电路连接
8653,在下面的方框中画出手电筒的电路图
8669,小京利用天平、细线、烧杯和适量的水测量一个小石块的密度小京在测出小石块的质量为m1后又继续进行了图17甲、乙的测量其测量值分别为m2和m3已知水的密度为ρ水利用上述测量出的物理量和已知量写出小石块密度的表达式为：ρ石
8679,如图所示的电路中电源电压保持不变电阻R1的额定功率为1W电阻R1的额定电压为4V当开关S1闭合、S2断开时R1恰好正常工作；当开关S1、S2都闭合后电流表的示数为0.75A求：①当开关S1闭合、S2断开时电流表的示数；②R2的阻值；③开关S1、S2都闭合时R2的实际功率
8685,直径为d的纸质圆筒以角速度ω绕垂直于纸面的轴O匀速转动从枪口发射的子弹沿直径穿过圆筒若子弹在圆筒上留下a、b两个弹孔已知aO和bO夹角为θ求子弹的速度
8686,物块A、B如图24所示叠放在水平地面上已知：物块A的重力GA＝200N、底面积SA＝0.01m2物块B的重力GB=400N、底面积SB＝0.04m2求：物块B对地面的压强‎
8724,如图所示OO′为透镜的主光轴AB是物体A′B′是AB经过透镜所成的像用作图法找出透镜的位置并在这个位置画出透镜
8730,图甲是一张日环食照片请在图乙中画出能够观察到日环食的区域并在该区域内标注字母“HS”
8740,如图所示已知一束光线a的传播光路请根据光的反射定律在虚线框内画出相应的光学元件及另一条光线b的光路
8747,小华是班里学习较弱的学生小强经常帮助他学习不让他在班级里掉队他们的口号是“不抛弃不放弃！”在一次连接电路练习中老师要求把L1和L2连接成并联关系开关S1和S2各控制一盏灯小华把元件连成如图18所示电路之后不知道两根电源线如何连接请你代替小强以笔代线帮助小华按照老师要求完成电路连接
8757,小华是班里学习较弱的学生小强经常帮助他学习不让他在班级里掉队他们的口号是“不抛弃不放弃！”在一次连接电路练习中老师要求把L1和L2连接成并联关系开关S1和S2各控制一盏灯小华把元件连成如图18所示电路之后不知道两根电源线如何连接请你代替小强以笔代线帮助小华按照老师要求完成电路连接
8761,如图所示OO′为透镜的主光轴AB是物体A′B′是AB经过透镜所成的像用作图法找出透镜的位置并在这个位置画出透镜
8771,火车的车厢后面有两间厕所只有当两间厕所的门都关上时（每扇门的插销相当于一个开关）车厢中的指示牌内的指示灯才会发光指示牌就会显示“厕所有人”字样提醒旅客两间厕所内都有人请你把图中的元件符号连接成符合上述设计要求的电路图
8778,小明同学在实验室做凸透镜成像的实验在光屏上得到如图所示的灯丝的像（用箭头表示）请大致画出灯丝（用箭头表示）的位置
8785,小华是班里学习较弱的学生小强经常帮助他学习不让他在班级里掉队他们的口号是“不抛弃不放弃！”在一次连接电路练习中老师要求把L1和L2连接成并联关系开关S1和S2各控制一盏灯小华把元件连成如图18所示电路之后不知道两根电源线如何连接请你代替小强以笔代线帮助小华按照老师要求完成电路连接
8792,在如图中画出AO的反射光线并标出反射角的大小
8801,将图中的手电筒的电路画成电路图
8823,直径为d的纸质圆筒以角速度ω绕垂直于纸面的轴O匀速转动从枪口发射的子弹沿直径穿过圆筒若子弹在圆筒上留下a、b两个弹孔已知aO和bO夹角为θ求子弹的速度
8830,如图6所示某同学用该装置做“验证机械能守恒定律”的实验实验中让重锤拖着纸带从静止开始下落打点计时器在纸带上打下一系列点图7所示是某次实验得到的一条纸带O点是重锤开始下落时打点计时器打下的点；A、B、C、D是打点计时器连续打下的四个点测得它们到起始点O的距离分别为h1、h2、h3、h4已知重锤的质量为m当地重力加速度为g打点计时器打点的周期为T在打下C点时为了验证机械能守恒定律需要将重锤动能的增加量ΔEk=（用题中所给物理量符号表示）与重锤重力势能的减少量ΔEp=（用题中所给物理量符号表示）进行比较由于实验中存在误差实验结果往往是ΔEkΔEp（选填“小于”、“等于”或“大于”）其原因可能是（写出一条即可）
8836,请在图11中画出篮球所受重力G的示意图
8845,请画出图14中物体A所受重力G的示意图
8870,如图所示已知一束光线a的传播光路请根据光的反射定律在虚线框内画出相应的光学元件及另一条光线b的光路
8873,如图所示用手将小球按在竖直放置的弹簧上弹簧被压缩松手后弹簧将小球弹起请在右图中画出小球在空中运动时的受力示意图（忽略空气阻力）
8876,现有两个凸透镜甲的焦距较长乙的焦距较短要使一束平行光通过这两个透镜后仍然是平行光但光束比原来变宽这两个凸透镜应该怎样放置？画出光路进行说明
8881,下图为飞机投弹的图示虚线为子弹的运行轨迹请你画出子弹在空中的受力示意图（忽略空气阻力）
8883,一人看到闪电12.3s后又听到雷声已知空气中的声速约为330m/s~340m/s光速为3×108m/s于是他用12.3除以3很快估算出闪电发生位置到他的距离为4.1km根据你所学的物理知识判断这种估算方法是否正确并说明理由
8893,如图所示若电流表分别选择0~0.6A和0~3A量程假如所测电流为0.48A、2.8A请在甲、乙表盘上分别标出选用的接线柱和指针位置
8900,如图6所示某同学用该装置做“验证机械能守恒定律”的实验实验中让重锤拖着纸带从静止开始下落打点计时器在纸带上打下一系列点图7所示是某次实验得到的一条纸带O点是重锤开始下落时打点计时器打下的点；A、B、C、D是打点计时器连续打下的四个点测得它们到起始点O的距离分别为h1、h2、h3、h4已知重锤的质量为m当地重力加速度为g打点计时器打点的周期为T在打下C点时为了验证机械能守恒定律需要将重锤动能的增加量ΔEk=（用题中所给物理量符号表示）与重锤重力势能的减少量ΔEp=（用题中所给物理量符号表示）进行比较由于实验中存在误差实验结果往往是ΔEkΔEp（选填“小于”、“等于”或“大于”）其原因可能是（写出一条即可）
8905,实验桌上有如下器材：符合实验要求的电源一个、已调好的电流表和电压表各一只、开关一个、各种阻值已知的定值电阻和导线若干请设计一个实验证明：“在串联电路中电阻消耗的电功率与该电阻的阻值成正比”（1画出实验电路图（2写出实验步骤并画出出实验数据记录表格
8953,由于家庭中大功率用电器增多常用的闸刀开关保险丝经常熔断更换麻烦如图所示是小明正在设计的新型自动开关的一部分请你帮助完成设计实现电流过大自动断开在图中补画出你的设计形成完整的结构原理图
8964,如图所示一束光从直角三角形玻璃砖AB面垂直射入从玻璃砖AC面射出请画出光束在玻璃砖中和离开玻璃砖后的光路
8987,探究牛顿第二定律的实验中得到了实验结果：物体质量一定时物体的加速度与合外力成正比；物体受到的合外力一定时物体的加速度与质量成反比请据此结论推出牛顿第二定律的数学表达形式和定义力的单位
8994,下表是小强在实验中记录的实验数据请根据表格中的数据归纳出压强p与力F的关系式：p＝
9001,如图34所示是用动滑轮运送货物A的示意图在拉力F的作用下重900N的货物A在30s的时间里匀速竖直上升了9m在这个过程中拉力F做功的功率为300W不计绳重和滑轮与轴的摩擦求：（1有用功W有；（2动滑轮匀速提升货物A的机械效率η；（3动滑轮所受的重力G动
9032,一段横截面积为S、长为L的直导线单位体积内有n个自由电子单个电子电量为e该导线通有电流时假设自由电子定向移动的速率均为v将该导线放在匀强磁场中电流方向垂直于磁感应强度B导线所受安培力大小为F安导线内自由电子所受洛伦兹力大小的总和为F推导F安=F
9033,一对正、负电子可形成一种寿命比较短的称为“电子偶素”的新粒子电子偶素中的正电子与负电子都以速率v绕它们连线的中点做圆周运动假定玻尔关于氢原子的理论可用于电子偶素电子的质量m、速率v和正、负电子间的距离r的乘积也满足量子化条件即式中n称为量子数可取整数值123…h为普朗克常量已知静电力常量为k电子质量为m、电荷量为e当它们之间的距离为r时电子偶素的电势能求电子偶素在基态时的能量E
9035,如图4所示用线代表绳将两个滑轮连成省力的滑轮组要求人用力往下拉绳使重物升起
9036,静止的镭原子核经一次α衰变后变成一个新核Rn请写出衰变方程
9047,现有两个凸透镜甲的焦距较长乙的焦距较短要使一束平行光通过这两个透镜后仍然是平行光但光束比原来变宽这两个凸透镜应该怎样放置？画出光路进行说明
9054,如左下图是一种门锁把手的示意图O点是把手的转轴请画出作用力F的力臂L
9058,在图中画出石块A受到的重力G和拉力F的示意图
9060,某校实验小组设计了一个智能供暖器电路如题20图所示电源两端的电压U为220VR1和R2是两个供热电阻丝S1、S3是温控开关工作过程如下：当气温低于25℃时S1、S2都闭合；当气温等于或高于25℃时S2断开此时电流表的示数为1A电阻丝R1的电功率为20W（忽略温度对电阻丝的影响）求：（1电阻丝R2的阻值是多少？（2当气温低于25℃时电路工作0.5h消耗电能是多少千瓦时
9064,请比较电场和引力场的相似点与不同点
9071,如图29所示的装置中甲物体重5N甲的底面积为20cm2乙物体重3N乙的体积为100cm3甲、乙均保持静止状态不计绳重g取10N/kg把乙物体浸没在水中甲、乙仍保持静止状态（请画出受力分析的示意图）求：（1乙物体受到的浮力；（2绳子对甲物体的拉力；（3甲物体对水平地面的压强
9073,小阳在做“组成串联电路”的实验时将电路按图所示连好后闭合开关两灯均不亮经检查电路连接无误实验员告诉小阳是其中一个小灯泡坏了为了让小阳能够检测出坏了的灯泡实验员为他提供了一根导线、一块电流表和一块电压表请你选用所提供的器材至少用两种方法检测出坏的灯泡请在表格中写出检测的方法并进行现象分析检验方法现象分析方法一：方法二
9075,我国有丰富的风能及太阳能资源路灯作为户外装置两者结合做成风光互补路灯无疑给国家的节能减排提供了一个很好的解决方案如图29所示为某公司生产的风光互补LED路灯外形图和电路原理图该灯电路中两只LED灯是并联的每套路灯的相关参数如下表求：（1两个LED灯正常发光时通过光控开关S的电流；（2如果用风光互补路灯替换发光亮度相同的400瓦的传统路灯那么1000套风光互补路灯每天工作10小时节约多少电能
9080,某小灯泡正常工作时两端的电压是3.0V流过小灯泡的电流是300mA（1求此小灯泡正常工作时的电阻R是多少？（2①若不考虑灯丝电阻随温度变化则小灯泡两端电压U实=2V时小灯泡的功率为P0计算出P0的大小②如图19所示是该小灯泡灯丝实际通过的电流I随其两端电压U变化的关系图线U实=2V时小灯泡实际功率为P实请比较P实与P0的大小关系并简述理由
9093,题19图是某种升降电梯工作原理图它由轿箱.配重.缆绳.滑轮和电动机等部件组成连接等部件组成连接轿箱的两根缆绳非常靠近轿箱空载时的重量是3100N配重的重量为3000N某次电梯载货物的重量是1000N当电梯匀速上升15m所用的时间为10s不计缆绳重力和一切摩擦阻力在此运动过程中求：（1轿箱的速度大小（2配重重力对配重做的功（3电动机的功率至少是多大
9097,作出图中物体AB在平面镜MN中所成的像A'B'（保留作图痕迹）
9103,如图所示请标出通电螺线管的N、S极；并用箭头标出磁感线的方向
9110,如图9所示是一款多功能洗衣机的简化电路图此款洗衣机额定电压220V它有两个档位当开关置于位置1时（电路接入R1和R2）为加热状态消耗功率为2400W；当开关置于位置2时（电路接入R2和电动机○M）为保湿洗涤状态已知电阻R1的阻值为22Ω水的比热容为c水＝4.2×103J/(kg·℃）（1在洗衣机内加人质量为20kg、初温为20℃的冷水求加热到70℃时水吸收的热量；（2求R2的阻值；（3已知洗衣机在保湿洗涤状态下工作时电动机的功率为240W求此时通过电路的总电流为多少
9116,如题19图是建筑工地上的起重机示意图起重机的电动机功率为3×103W当它把质量为1t的重物匀速提起24m时用时100s（g＝10N/kg）求：（1在这段时间内起重机提起重物做功的功率是多少？机械效率是多少？（2若起重机AB长为20m吊起重物时B端的配重质量为4t为使起重机不翻倒则OB长为多少？（不计摩擦和起重机自重）
9118,某规格热敏电阻的阻值随环境温度的变化如图所示小阳兴趣小组要设计一个火情监视装置要求闭合开关S后有火情发生温度升高时电表示数增大请设计一个符合要求的电路热敏电阻符号为R其它器材自选
9119,滑块从最大位移向平衡位置运动的过程中在求弹簧弹力的冲量大小时有个同学有如下解法：请判断该同学的解法是否正确？若是错误请写出正确的解法
9121,近年来智能机器人进入百家姓如图22所示质量为4kg的清洁机器人某次工作时在4s内沿水平直线运动了2m此过程机器人所提供的牵引力为50N求：（1牵引力所做的功；（2牵引力的功率
9131,请在图8中画出入射光线AO的反射光线OB
9132,如下图画出滑轮组用最小力拖出陷入泥坑里的汽车的绕线方法
9134,如图26所示电源两端的电压U保持不变电阻R1的阻值为4Ω只闭合开关S1电流表示数为1.5A开关S1、S2均闭合电流表示数2A1电源两端的电压U2电阻R2的阻值
9135,如图所示是某品牌电炖锅的内部简化电路图电炖锅上有1000w和400w两档功率档位可自动调节其工作过程是：按下开关自动选择1000w档将汤煮至100℃然后自动跳至400w档进行保温慢炖设汤的初温为20℃质量为3kg汤的比热容为4.0×103J/（kg•℃）求：（1若电炖锅将汤从初温加热至100℃耗时20min在此过程中汤吸收的热量是多少？电炖锅的效率是多少？（2R1的阻值是多少？（3电炖锅进入保温慢炖时开关S会自动跳至“a”或“b”哪个位置？试说明理由
9140,航天迷小伟利用自制降落伞模拟返回舱的降落过程将带有降落伞的重物从高处释放一段时间后打开降落伞重物在离地4m高处开始匀速下落速度为5m/s若打开降落伞后降落伞和重物受到的阻力f与速度v满足关系式f=kv2k=3N·s2/m2求：（1重物从开始匀速下落到落地所用的时间；（2降落伞和重物的总重
9158,将图中的手电筒的电路画成电路图
9165,如图所示斜面上放一个小球画出小球沿斜面匀速向下滚动时受到所有力的示意图
9172,小军想利用两块已调零的电流表和阻值已知的电阻R0等符合实验要求的器材测量电阻RX的阻值他连接的部分电路如图26所示（1请你只添加一根导线完成实验电路连接（2开关S闭合时电流表A1的示数为I1；电流表A2的示数为I2请你利用I1、I2和R0表示RxRx＝
9174,小明骑车在某段平直的水平路面上由静止开始运动共用时12s小明重450N自行车重250N轮子与地面的总接触面积是2×10﹣3m2图1是速度V随时间t变化的关系图象小明在t=7s时刚好到达这段路程的中点图2是动力F随时间t变化的关系图象（1请问小明骑自行车在水平地面行驶时对地面的压强为多大？（2在7﹣12s内自行车所受的摩擦阻力是多少？自行车克服摩擦阻力做了多少功？此时功率是多少？（3自行车在0﹣7s内的平均速度是多少？（保留小数点后两位）
9198,电动自行车既环保又节能深受城市居民喜爱下表是某品牌电动自行车的有关数据设王涛重量为500N从单位骑该品牌自行车匀速回家用了20min行驶距离为6km根据相关信息求王涛在回家过程中：（1回家时的速度大小；（2电动自行车牵引力所做的功；（3电动自行车消耗的电能
9204,请将图中的“光控开关”、“声控开关”、灯泡用笔画线代替导线正确连入电路设计出只有在光线很暗、且有声音时灯才亮的楼道灯自动控制电路
9206,经过初中物理课的学习你对于“生活中处处有物理物理就在生活中”是否有所感悟？其实利用身边的一些简易器材就可以进行物理问题的研究小芳利用气球做了一个物理小实验并将自己的实验过程记录在下表中请你也利用气球设计1个小实验按要求填入下表（可根据需要添加实验器材）
9218,如图8所示光线经过平面镜反射后射向凹透镜请画出射向平面镜的入射光线和经过凹透镜后的折射光线并在图中标出入射角的度数
9222,火车的车厢后面有两间厕所只有当两间厕所的门都关上时（每扇门的插销相当于一个开关）车厢中的指示牌内的指示灯才会发光指示牌就会显示“厕所有人”字样提醒旅客两间厕所内都有人请你把图中的元件符号连接成符合上述设计要求的电路图
9227,在图中画出石块A受到的重力G和拉力F的示意图
9241,考古工作者在河底发现了古代的石像经潜水者测量它的体积约为2m3如图所示在打捞石像的过程中考古工作者用动滑轮将石像匀速提升需要竖直向上的拉力F＝1.6×104N在没有将石像提出水面前若不计摩擦和滑轮重力（ρ水＝1.0×103kg/m3）求：（1石像受到的浮力（2石像的重力（3石像的密度（4若将石像提升了3m(仍未露出水面)石像下表面受到水的压强减少了多少
9254,如图当溢水杯盛满某种液体时把实心物块缓慢放入杯中物块漂浮静止后溢出液体的质量为m1；当溢水杯盛满密度为ρ的液体时把同一物块缓慢放入杯中物块沉底静止后溢出液体的质量为m2则物块的密度为
9257,如图28所示定值电阻R1的阻值为10Ω闭合开关S电流表示数为0.3A10s内电流通过定值电阻R1产生的热量为4J求：（1通过电阻R1的电流；（2定值电阻R2的阻值
9259,如题20-1图所示已知定值电阻R1的阻值为30Ω闭合开关时整个电路正常工作两电流表的指针都在同一位置示数如题20-2图所示（设电源电压保持不变）求：（1电源电压U是多少？（2通过定值电阻R2的电流是多少？（3现用一个未知阻值的定值电阻Rx替换电阻R1或R2替换后只有一个电流表的示数发生了变化请判断Rx替换的是电阻R1或R2（4此时替换后电流表示数减少了0.3A求未知电阻Rx的阻值
9261,滑块从最大位移向平衡位置运动的过程中在求弹簧弹力的冲量大小时有个同学有如下解法：请判断该同学的解法是否正确？若是错误请写出正确的解法
9262,图27甲是一个检测空气质量指数的电路其中R为气敏电阻其电阻的倒数与空气质量指数的关系如图27乙所示已知：电源电压为6V且保持不变定值电阻R0为2.5Ω当闭合开关S后电压表示数为2V时求：1通过R0的电流；2电阻R的阻值；3此时的空气质量指数
9265,悬浮在液体里的物体受到的重力是10N请画出物体受到的浮力的示意图
9266,如图24所示的电路电阻R2的阻值是20Ω当开关S闭合时电流表A1的示数是0.4A电流表A的示数是1.0A求：（1电阻R1的阻值；（2通电10s电流通过电阻R2所产生的热量
9272,学校机器人兴趣小组进行“精准吊装”实验7块长短不一的长方体木块均平放在水平地面上机器人将木块按长度从大到小依次吊装并对称叠放已知木块的密度相同高度均为h=0.2m宽度均为b=0.2m不同序号木块的质量如下表其中m=12kgg取10N/kg（1已知1号木块的长度a=1.2m求未叠放时1号木块对地面的压强；（2如图把2号木块吊装到1号木块的上面求此过程中克服重力所做的功；（3机器人完成全部吊装叠放用时6min求整个过程克服木块重力做功的功率
9277,小军想利用两块已调零的电流表和阻值已知的电阻R0等符合实验要求的器材测量电阻RX的阻值他连接的部分电路如图26所示（1请你只添加一根导线完成实验电路连接（2开关S闭合时电流表A1的示数为I1；电流表A2的示数为I2请你利用I1、I2和R0表示RxRx＝答案
9278,如图所示要求用滑动变阻器调节小灯泡的亮度电流表测量电路中的电流电压表测量灯泡两端的电压滑动变阻器向左滑动时灯变亮画出电路图并按电路图连接实物图
9279,画出图中入射光线AO的反射光线并标出反射角的大小
9280,钍原子核/经过一次β衰变后变成一个新核Pa（镤）请写出其衰变方程
9285,如图所示一辆汽车A拉着装有集装箱的拖车B以速度v1＝30m/s进入向下倾斜的直车道车道每100m下降2m为使汽车速度在s＝200m的距离内减到v2＝10m/s驾驶员必须刹车假定刹车时地面的摩擦阻力是恒力且该力的70%作用于拖车B30%作用于汽车A已知A的质量m1＝2000kgB的质量m2＝6000kg求汽车与拖车的连接处沿运动方向的相互作用力(重力加速度g取10m/s2)
9287,已知小汽车的总质量为1500kg该车以30m/s的速度作水平匀速直线运动行驶了180s汽车在行驶过程中受到的阻力为车重的0.16倍（g=10N/kg）求：（1小车行驶的距离（2在此过程中汽车的牵引力和功率
9288,如图27所示站在水平地面上的人通过滑轮组从深井中打捞一体积V=0.05m3、质量m=80kg的重物重物在拉力作用下以v=0.1m/s的速度竖直匀速上升已知动滑轮所受的重力G动=100N水的密度ρ水＝1.0×103kg/m3水的阻力、绳重及滑轮的摩擦均可忽略不计g取10N/kg求：（1重物浸没在水中时所受的浮力大小F浮；（2重物浸没在水中时人对绳竖直向下的拉力大小F；（3重物完全离开水面后以v=0.1m/s的速度匀速上升过程中人竖直拉绳的功率P
9293,小阳站在地面上要利用两个滑轮组装成的滑轮组将重物提升到楼上请在图13中画出省力的滑轮组绕绳方法
9299,如图所示平面镜与水平面的夹角为30°光源S发出的经过平面镜反射的两条光线如图所示请画出对应的两条入射光线以及标出光源S的位置(保留作图痕迹)
9309,如图请在杠杆A处画出把物体拉起时的最小拉力F1并画出拉力F1的力臂L1
9318,已知地球大气层的厚度h远小于地球半径R空气平均摩尔质量为M阿伏伽德罗常数为NA地面大气压强为P0重力加速度大小为g由此可以估算得地球大气层空气分子总数为
9327,在右下图中根据条形磁铁的N极标出磁感线的方向和小磁针的N、S极
9333,如图所示是没有组装的滑轮组如果用它来提升重物请你用笔画线代表绳子画出两种组装方法
9334,如图6所示一束光从水中斜射到空气中请画出折射光线的大致方向
9337,滑块从最大位移向平衡位置运动的过程中在求弹簧弹力的冲量大小时有个同学有如下解法：请判断该同学的解法是否正确？若是错误请写出正确的解法
9349,如图热气球静止在空中O为重心请画出热气球所受到力的示意图
9350,自动售票公交车后门两侧的扶手上各装有一个红色按钮如上图甲所示想要下车的乘客只要按下其中任何一个按钮装在车内的电铃就会响起以提醒司机停车并打开车门请你在右上侧的虚线框内画出这个电路的电路图
9359,声音在空气中传播速度是340m/s人对着高山喊一声吼若3s听到回声则人离山的距离是多少m
9361,有一种台灯有两个开关当只闭合开关一调节它的旋钮（相当于移动滑动变阻器）可以改变灯的亮度；只闭合另一个开关二灯也可以亮但是无法调节灯的亮度请把这个台灯接入家庭电路
9362,请将气体、液体、固体、吸热、放热等词汇填到下图合适位置
9366,小萱在探究某个力学问题时通过实验得到如下表所示的实验数据请根据表中数据归纳出拉力F与体积V的关系：F＝
9374,请用笔画线表示导线将下图中的电灯、开关和插座接入家庭电路
9375,请在图中画出光线入射到水面时的反射光线以及折射光线的大致方向
9376,组装如图14所示的滑轮组使绳自由端拉力F最小
9380,如图所示是一束光射到平面镜后的反射光线请画出其入射光线
9382,在如图中根据平面镜成像特点画出物体AB在平面镜MN中所成的像
9384,在图7中画出小球受到的重力G的示意图
9389,如图所示闭合开关后小磁针静止在通电螺线管旁请在图中标出小磁针的N极和螺线管上方一条磁感线的方向
9398,有一个如图29所示的两端开口的弯管形容器从粗端向容器中灌水在细端用一个横截面积是0.01m2的活塞堵住活塞可在细管内无摩擦地滑动当H=30cmh=10cm时在活塞上放置一个重力是10N的砝码活塞静止（g取10N/kg）求：（1水对活塞的压强；（2活塞的重力
9400,如图是某款有加热和保温功能的电热饮水机电路原理图机内有温控开关S0该饮水机的部分参数已知：额定电压为220V加热时的总功率为880W保温时的功率为40WR1、R2为加热电阻丝（假设它们的阻值不变）求：（计算结果若不能整除保留一位小数）（1当S和S0闭合时饮水机处在什么状态？此时电路的总电流是多大？（2在加热状态下电阻丝R1的阻值为多少？（3傍晚用电高峰期若实际电压只有200V时饮水机加热的实际总功率是多大
9410,小丽在研究电功率P和电阻R之间的关系时记录的实验数据如下表所示请根据表中的数据归纳出电功率P和电阻R的关系式：P
9431,请你从定义、受力物体、依赖关系、力的性质和大小方向等角度比较平衡力与相互作用力
9433,如图3所示质量均匀分布的小球从斜面上滚下请画出小球所受重力的示意图
9437,请在如图中根据给出的入射光线或出射光线画出出射光线或入射光线
9439,请在图7中标出小磁针的N极
9445,图27甲是一个检测空气质量指数的电路其中R为气敏电阻其电阻的倒数与空气质量指数的关系如图27乙所示已知：电源电压为6V且保持不变定值电阻R0为2.5Ω当闭合开关S后电压表示数为2V时求：1通过R0的电流；2电阻R的阻值；3此时的空气质量指数
9452,将蜡烛、凸透镜、光屏依次放在光具座上点燃蜡烛使烛焰、透镜和光屏的中心处于同一高度移动蜡烛使烛焰距凸透镜15cm移动光屏会在光屏上得到一个倒立、放大的实像则凸透镜焦距f的范围是
9455,图27杠杆AB可以在竖直平面内绕固定点O转动已知AO:OB=3:2悬挂在A端的桶与沙土所受的重力为100N；挂在B端的配重所受的重力为200N与地面的接触面积为0.5m2求：当杠杆AB在水平位置平衡时地面受到配重的压强p（不计杆重和绳重）
9458,为提高车辆通行质量福州交警在市区一些道路某些时段推出“绿波通行”即车辆在绿波路段以如图所示的50km/h～55km/h范围内行驶一路绿灯在绿波时段质量是1.2×103kg的汽车经过绿波路段上相距2.7×103m的两个路口用时180s问：（1汽车行驶的平均速度是多少？是否“绿波通行”？（2若汽车在这段距离内行驶的牵引力保持3000N不变则汽车的输出功率是多少？（3若轮胎与地面接触的总面积是0.6m2汽车静止时对水平地面的压强是多少？（g取10N/kg）
9461,在图10中根据光的反射定律画出反射光线OB的入射光线；
9462,如图所示商场的电梯匀速斜向上运动画出站在电梯上相对电梯静止的人受力示意图
9468,如图所示一运送救灾物资的直升飞机沿水平方向匀速飞行已知物资的总质量为m吊运物资的悬索与竖直方向成θ角重力加速度为g求：1）画出吊运物资的受力示意图用力的合成求物资所受的空气阻力为f2）画出吊运物资的受力示意图用力的分解求悬索对物资的拉力为F
9475,在居民楼的楼道中装有声控开关和光控开关共同控制的楼道灯夜晚当有人走动发出声音时电路接通灯亮白天无论发出多大的声音灯也不亮请将图中的器材连成符合楼道要求的电路
9487,根据图中小磁针静止时的指向在虚线上标出通电螺线管的磁感线方向并标出电源的正极
9488,如图所示请画出热气球在竖直方向加速上升时的受力示意图（忽略空气阻力）
9490,小华是班里学习较弱的学生小强经常帮助他学习不让他在班级里掉队他们的口号是“不抛弃不放弃！”在一次连接电路练习中老师要求把L1和L2连接成并联关系开关S1和S2各控制一盏灯小华把元件连成如图18所示电路之后不知道两根电源线如何连接请你代替小强以笔代线帮助小华按照老师要求完成电路连接
9497,如图所示一名运动员用滑轮组匀速提起1200N的重物拉力做功的功率为1500W绳子的自由端竖直向下拉的速度为3m/s地面对人的支持力为N1不计绳重和摩擦（1作用在绳子自由端的拉力是多少？（2滑轮组的机械效率是多少？（3若用此滑轮组匀速提起2400N的重物时地面对人的支持力为N2若N1：N2＝6：1时人的重力是多少
9536,一束光从某种介质射向空气折射光路如图所示求该介质的折射率n（结果保留两位有效数字）
9538,小明家与学校的距离为1.2km某天他骑车上学前一半路程内的平均速度为4m/s后一半路程内的平均速度为6m/s试求他在全程中的平均速度是多少
9539,常用机器人潜入水下打捞沉船上的物体（ρ水＝1.0×103kg/m3g＝10N/kg）（1某时刻机器人在水下用竖直向上的力举着体积为0.03m3密度为2.5×103kg/m3的实心物体静止不动该力的大小是多少？（2若机器人在水下30m处将该物体匀速竖直向上运至水面需时间150s物体竖直上升所需的动力F与物体运动速度v的关系如题19所示求：①物体上升的速度是多少？②这个过程动力F对物体做了多少功
9556,如图26所示的电路中电源两端电压不变闭合开关S电流表的示数为0.6A通过电阻R1的电流为0.5A已知：电阻R2的阻值为40Ω求：（1电阻R2实际消耗的电功率P；（2电阻R1的阻值
9560,一列简谐横波正在沿x轴的正方向传播波速为0.5m/st＝0时刻的波形如图甲所示在图乙中画出t＝1s时刻的波形图（至少画出一个波长）
9565,悬浮在海水中的潜艇排开海水的质量为3×106kg（g取10N/kg海水的密度取1.0×103kg/m3）求：（1画出潜水艇的受力示意图；（2潜艇所受浮力
9581,如图所示F是凸透镜焦点请画出光线a、b对应的折射光线和入射光线
9585,现要测量电压表V1的内阻RV其量程为2V内阻约为2kΩ实验室提供的器材有：（a）电流表A量程为0.6A内阻约为0.1Ω（b）电压表V2量程为5V内阻约为5kΩ（c）定值电阻R1阻值30Ω（d）定值电阻R2阻值3kΩ（e）滑动变阻器R3最大阻值100Ω额定电流1.5A（f）电源E电动势6V内阻约为0.5Ω（g）开关S一个导线若干1）请在下面方框中画出你设计的电路图：2）写出电压表内阻的表达式RV并说明式中各测量量的物理意义
9592,悬浮在海水中的潜艇排开海水的质量为3×106kg（g取10N/kg海水的密度取1.0×103kg/m3）求：（1画出潜水艇的受力示意图；（2潜艇所受浮力
9598,如题20-1图所示已知定值电阻R1的阻值为30Ω闭合开关时整个电路正常工作两电流表的指针都在同一位置示数如题20-2图所示（设电源电压保持不变）求：（1电源电压U是多少？（2通过定值电阻R2的电流是多少？（3现用一个未知阻值的定值电阻Rx替换电阻R1或R2替换后只有一个电流表的示数发生了变化请判断Rx替换的是电阻R1或R2（4此时替换后电流表示数减少了0.3A求未知电阻Rx的阻值
9604,在图中画出石块A受到的重力G和拉力F的示意图
9607,示波管的内部结构如图所示如果在偏转电极XX'、YY'之间都没有加电压电子束将打在荧光屏中心如果在偏转电极XX'之间和YY'之间分别加上如图所示的电压请画出荧光屏上出现的完整扫描波形图
9609,如图所示一根折线形刚性杆的一端固定在倾角为\({30^\circ}\)的斜面上另一端固定一个重2N的小球试画出小球处于静止状态时受力的图示
9615,如图甲是插线板请将乙图的内部电路连接完整要求：在开关断开时插线板上的指示灯不发光插孔不能提供工作电压；在开关闭合时指示灯发光插孔可提供工作电压若指示灯损坏开关闭合时插孔也能提供工作电压
9622,请你将如图所示的实物电路连接完成（电源电压恒定）要求：①电压表测量滑动变阻器两端电压；②闭合开关向左移动滑动变阻器滑片灯变亮
9628,在水池的一角有一块平面镜现有一束光线从水中射向平面镜请画出经平面镜后反射光线和经水面的折射光线并标出反射角（用“α”表示）和折射角（用“β”表示）
9632,如图所示用力的示意图画出静止在斜面上的物体受到的所有力
9659,在如图21所示的电路中电源两端的电压保持不变R1和R2为两个定值电阻其中电阻R1=10Ω当开关S1闭合、S2断开时电流表示数为0.6A；当开关S1、S2均闭合时电流表示数变为0.9A求：1）电源电压；2）R2的阻值；3）电流通过R2消耗的电功率
9664,如图5所示请根据左边的电路图画出右边的实物连接图
9669,步行不仅是一种简易的健身运动而且还能方便地对一些长度进行估测下面是小华设计的估算自己每走一步增加重力势能的实验：小华先根据自己的腿长和步距画出了如图所示的步行示意图然后对步行时重心的变化进行了分析当两脚一前一后着地时重心降低而单脚着地迈步时重心升高因此每走一步有重力势能的变化如果小华的质量为50kg请你根据图中小华测量的有关数据回答下列问题（g取10N/kg)①已知重力势能的变化可以用重力做功的大小来表示请你根据所学知识给出小华计算每走一步重力势能变化的表达式②根据表达式计算出小华计算每走一步重力势能变化的数值
9697,如图7所示考古人员需要对一口古井进行清理为了解决照明问题请你帮助他们利用一块平面镜将太阳光反射到井里并能垂直照亮井底请画出平面镜
9700,如图甲、乙、丙分别是江涛网购的快热式电热水器实物图、说明书部分参数及等效工作电路图（图中R是给水加热的电阻）求：（1该电热水器正常工作时电流；（2该电热水器正常工作10min消耗的电能；（3用电高峰时若此电热水器两端的实际电压仅为200V它的实际功率（电热水器的电阻恒定结果保留一位小数）
9707,如图热气球静止在空中O为重心请画出热气球所受到力的示意图
9710,图甲是智能怀旧灯与灯串联的调光旋钮实质是滑动变阻器图乙是简化的电路原理图灯L标有“6V1.2W”字样当滑动变阻器的滑片P在a点时灯正常发光AB两端电压不变不考虑温度对灯丝电阻的影响问：（1灯丝的电阻和AB两端电压U是多少？（2当滑动变阻器接入电路中的电阻是10Ω时灯消耗的实际功率是多少？（3当滑片P位于中点b和右端c时灯两端电压之比是5：4则滑动变阻器的最大阻值是多少
9711,
9720,考古工作者在河底发现了古代的石像经潜水者测量它的体积约为2m3如图所示在打捞石像的过程中考古工作者用动滑轮将石像匀速提升需要竖直向上的拉力F＝1.6×104N在没有将石像提出水面前若不计摩擦和滑轮重力（ρ水＝1.0×103kg/m3）求：（1石像受到的浮力（2石像的重力（3石像的密度（4若将石像提升了3m(仍未露出水面)石像下表面受到水的压强减少了多少
9729,如题19图是建筑工地上的起重机示意图起重机的电动机功率为3×103W当它把质量为1t的重物匀速提起24m时用时100s（g＝10N/kg）求：（1在这段时间内起重机提起重物做功的功率是多少？机械效率是多少？（2若起重机AB长为20m吊起重物时B端的配重质量为4t为使起重机不翻倒则OB长为多少？（不计摩擦和起重机自重）
9733,分别画出正点电荷、等量同种电荷、等量异种电荷、匀强电场的电场线与等势面
9738,光从水中射向空气时在水面发生反射和折射现象其反射光线如图所示请画出入射光线、折射光线的大致方向
9740,小华是班里学习较弱的学生小强经常帮助他学习不让他在班级里掉队他们的口号是“不抛弃不放弃！”在一次连接电路练习中老师要求把L1和L2连接成并联关系开关S1和S2各控制一盏灯小华把元件连成如图18所示电路之后不知道两根电源线如何连接请你代替小强以笔代线帮助小华按照老师要求完成电路连接
9746,如图23所示是利用电动机通过滑轮组提升水中物体A的示意图当浸没在水中的物体A匀速上升时滑轮组的机械效率为80%；当物体A离开水面后以0.1m/s的速度匀速上升时电动机的功率为P已知物体A的体积V=0.2ｍ3质量m=0.5t不计绳重、滑轮轴摩擦及水的阻力g取10N/kg求：（1动滑轮重G动；（2电动机的功率P
9755,如图所示画出斜面上物体所受的重力和斜面对物体支持力的示意图
9761,静止的镭原子核经一次α衰变后变成一个新核Rn请写出衰变方程
9773,为提高车辆通行质量福州交警在市区一些道路某些时段推出“绿波通行”即车辆在绿波路段以如图所示的50km/h～55km/h范围内行驶一路绿灯在绿波时段质量是1.2×103kg的汽车经过绿波路段上相距2.7×103m的两个路口用时180s问：（1汽车行驶的平均速度是多少？是否“绿波通行”？（2若汽车在这段距离内行驶的牵引力保持3000N不变则汽车的输出功率是多少？（3若轮胎与地面接触的总面积是0.6m2汽车静止时对水平地面的压强是多少？（g取10N/kg）
9775,题20图是家用电热壶及铭牌假设电热壶电阻丝电阻不变水的比热容c水=4.2×103J/(kg.℃)水的密度1.0×103kg/m3求：（1电热壶电阻丝的电阻（2不考虑热损失电热壶正常工作时把1L水从20℃加热到100℃所需要的时间（3当电压为198V时电热壶的实际功率
9785,小明同学在实验室做凸透镜成像的实验在光屏上得到如图所示的灯丝的像（用箭头表示）请大致画出灯丝（用箭头表示）的位置
9794,一条光线斜射到水面发生反射和折射这条光线经水面折射后的光线如图所示请在图中画出它的入射光线和反射光线的大致方向
9795,如图所示甲为操场上一质量m=10kg的竖直滑竿滑竿上端固定下端悬空为了研究学生沿竿下滑的情况在竿的顶部装有一拉力传感器可显示竿的顶端所受拉力的大小现有一学生手握滑竿从竿的上端由静止开始下滑下滑5s后学生的下滑速度为零并用手紧握住滑竿保持静止不动以这个学生开始下滑时刻为计时起点传感器示数随时间变化的情况如图乙所示求：1）该学生下滑过程中的最大速度2）1s-5s内传感器的示数F23）5s内该学生下滑的距离
9801,如图所示一个足球静止在水平地面上请画出它受力的示意图
9809,钍原子核/经过一次β衰变后变成一个新核Pa（镤）请写出其衰变方程
9813,小萱在探究“电路中一个可变电阻两端电压U与通过它的电流I的关系”时得到如下表所示的实验数据请根据表中数据归纳出U与I的关系：U
9820,根据图中小磁针静止时的指向在虚线上标出通电螺线管的磁感线方向并标出电源的正极
9828,如图所示一名运动员用滑轮组匀速提起1200N的重物拉力做功的功率为1500W绳子的自由端竖直向下拉的速度为3m/s地面对人的支持力为N1不计绳重和摩擦（1作用在绳子自由端的拉力是多少？（2滑轮组的机械效率是多少？（3若用此滑轮组匀速提起2400N的重物时地面对人的支持力为N2若N1：N2＝6：1时人的重力是多少
9829,某保温电热水壶电路如图20所示电源电压恒为220VS是温控开关R1、R2为加热电阻当开关S接a时电热水壶处于加热状态此时通过电热水壶的电流是5A；当水烧开时开关S自动切换到b电热水壶处于保温状态此时电热水壶的电功率为165W忽略温度对电阻阻值的影响求：1）R1的阻值；2）在保温状态下通过电阻R2的电流；3）电热水壶在保温状态下工作10min所消耗的电能
9846,质量为60kg的建筑工人用如图25甲所示的滑轮组匀速提升货物滑轮组的机械效率随货物重力变化的图像如图25乙所示工人在10s内将货物匀速提高了3m双脚与地面的接触面积为0.04m2工人对钢绳拉力的方向始终竖直向下不计摩擦与绳重g取10N/kg则求：（1画出工人所受到的各个力的示意图；（2求动滑轮的重力；（3若工人对钢绳的拉力为400N求此时工人的功率和他对地面的压强
9858,图27甲是一个检测空气质量指数的电路其中R为气敏电阻其电阻的倒数与空气质量指数的关系如图27乙所示已知：电源电压为6V且保持不变定值电阻R0为2.5Ω当闭合开关S后电压表示数为2V时求：1通过R0的电流；2电阻R的阻值；3此时的空气质量指数
9864,在图11中画出铅球所受重力的示意图
9865,已知地球大气层的厚度h远小于地球半径R空气平均摩尔质量为M阿伏伽德罗常数为NA地面大气压强为P0重力加速度大小为g由此可以估算得地球大气层空气分子总数为
9867,在图10中根据光的反射定律画出反射光线OB的入射光线；
9873,如图14所示竖直悬挂的弹簧测力计吊一物体处于静止状态弹簧测力计示数表示物体对弹簧的拉力其大小为F试论证物体受到重力大小等于F每一步推导都要写出说明所根据的物理规律
9885,如图水杯静止在水平桌面上O是水杯的重心在图中画出水杯受力示意图
9887,
9889,小军想设计一个模拟交通路口红绿灯工作的实验电路要求：红灯亮时黄灯和绿灯都不亮；当红灯灭时黄灯和绿灯可以分别亮一盏实验桌上已经备有的实验器材：符合要求的电源红、黄、绿三盏灯两个单刀双掷开关S1和S2导线若干小军已连接了部分电路如图27所示请你用笔画线代替导线只添加两根导线按要求将小军的实物电路图补充完整
9898,如图所示光滑水平地面上有一个物体在水平恒力F的作用下运动了一段位移x速度由v1增大到v2.运用牛顿定律推导；在这个过程中力F所做的功W与该物体动能的该变量△EK之间的关系（若需要用到其他物理量自己设定）
9904,我国有丰富的风能及太阳能资源路灯作为户外装置两者结合做成风光互补路灯无疑给国家的节能减排提供了一个很好的解决方案如图29所示为某公司生产的风光互补LED路灯外形图和电路原理图该灯电路中两只LED灯是并联的每套路灯的相关参数如下表求：（1两个LED灯正常发光时通过光控开关S的电流；（2如果用风光互补路灯替换发光亮度相同的400瓦的传统路灯那么1000套风光互补路灯每天工作10小时节约多少电能
9905,体积为120cm3的一块固体重为1.8N放在足量的水中（已知：ρ水=1.0×103kg/m3g=10N/kg）（1求固体浸没在水中时所受浮力多大？（2说明在水中的固体为什么会下沉（3求固体最终静止在容器底部时它所受的支持力多大
9920,一段横截面积为S、长为L的直导线单位体积内有n个自由电子单个电子电量为e该导线通有电流时假设自由电子定向移动的速率均为v将该导线放在匀强磁场中电流方向垂直于磁感应强度B导线所受安培力大小为F安导线内自由电子所受洛伦兹力大小的总和为F推导F安=F
9926,如图的电路中电源电压恒定灯泡L标有“3V1.5W”开关S1闭合S2断开灯泡L正常发光开关S1、S2均闭合时电流表的示数为1.5A求：（1灯泡L正常发光时的电流；（2电阻R的阻值；（3开关S1、S2均闭合时电路的总功率
9928,一个重为40N的铅球在地面上向右滚动请在图中画出铅球所受重力的示意图
9935,请你画出图中物体A所受重力的示意图
9943,如图所示一根弹性杆的一端固定在倾角为\({30^\circ}\)的斜面上另一端固定一个重2N的小球试画出小球处于静止状态时受力的图示
9945,图甲是智能怀旧灯与灯串联的调光旋钮实质是滑动变阻器图乙是简化的电路原理图灯L标有“6V1.2W”字样当滑动变阻器的滑片P在a点时灯正常发光AB两端电压不变不考虑温度对灯丝电阻的影响问：（1灯丝的电阻和AB两端电压U是多少？（2当滑动变阻器接入电路中的电阻是10Ω时灯消耗的实际功率是多少？（3当滑片P位于中点b和右端c时灯两端电压之比是5：4则滑动变阻器的最大阻值是多少
9946,小磁针如图所示的位置静止请标出通电螺线管的N极和电源的正极
9957,如图14所示竖直悬挂的弹簧测力计吊一物体处于静止状态弹簧测力计示数表示物体对弹簧的拉力其大小为F试论证物体受到重力大小等于F每一步推导都要写出说明所根据的物理规律
9958,如图26所示电源两端的电压恒为10V小灯泡L上标有“6V3W”字样滑动变阻器R的最大阻值为15Ω求：（1小灯泡正常工作60s消耗的电能W；（2小灯泡正常发光时滑动变阻器接入电路中的电阻值R
9960,请在图中画出光线AO的折射光线和BC的入射光线
9961,“前掷实心球”是厦门市体育中考项目之一如图是一个在空中飞行实心球请作出它的受力示意图（空气阻力不计）
9965,图25甲所示是某地修建大桥时使用滑轮组打捞不慎落入水中的柱形石料M的示意图在整个打捞过程中石料以恒定的速度v=0.1m/s上升石料离开水面之后绳子自由端的拉力F=1000N图25乙是钢丝绳的拉力T随时间变化的图像t=0时刻石料刚好离开湖底g取10N/kg求：（1石料的质量m；（2石料完全浸没在水中受到的浮力F浮；（3湖底受到水的压强p；（4石料离开水面之后滑轮组的机械效率η
9983,请从产生、特点场线等方面比较电场和磁场
9986,我国有丰富的风能及太阳能资源路灯作为户外装置两者结合做成风光互补路灯无疑给国家的节能减排提供了一个很好的解决方案如图29所示为某公司生产的风光互补LED路灯外形图和电路原理图该灯电路中两只LED灯是并联的每套路灯的相关参数如下表求：（1两个LED灯正常发光时通过光控开关S的电流；（2如果用风光互补路灯替换发光亮度相同的400瓦的传统路灯那么1000套风光互补路灯每天工作10小时节约多少电能
9997,吴丽同学要设计一个家庭表决器器材有一个电铃、三只单刀单掷开关、两节干电池和一个小灯泡每人控制一个开关要求：只要吴丽同意灯亮；父母中只要一人同意铃响
9999,如图所示两个质量都为m的滑块A和B紧挨着并排放在水平桌面上A、B间的接触面垂直于图中纸面与水平面成θ角所有接触面都光滑无摩擦现用一个水平推力作用于滑块A上使A、B一起向右做加速运动试求：1）如果要使A、B间不发生相对滑动它们共同向右运动的最大加速度是多大?2）如果要使A、B间不发生相对滑动水平推力的大小应在什么范围内
